{
  "raw": {
    "nll": 0.384732186794281,
    "ece": 0.04025198807003637
  },
  "temperature": {
    "temperature": 1.0674046277999878,
    "nll": 0.3836008608341217,
    "ece": 0.03956793600627174
  },
  "vector_exponents": {
    "exponents": [
      0.5559723377227783,
      1.0202451944351196,
      0.7625932097434998,
      1.3388473987579346
    ],
    "nll": 0.35571834444999695,
    "ece": 0.02181418271607192
  }
}