{
  "raw": {
    "nll": 0.547147274017334,
    "ece": 0.05725008241633861
  },
  "temperature": {
    "temperature": 1.5115724802017212,
    "nll": 0.4880330264568329,
    "ece": 0.0356050313456073
  },
  "vector_exponents": {
    "exponents": [
      0.6523258686065674,
      0.3986673355102539,
      0.6123228669166565,
      1.310887098312378
    ],
    "nll": 0.4199851155281067,
    "ece": 0.025931861305374497
  }
}