{
  "raw": {
    "nll": 0.6055080890655518,
    "ece": 0.08026484202502471
  },
  "temperature": {
    "temperature": 1.4809945821762085,
    "nll": 0.5529144406318665,
    "ece": 0.047125196853889925
  },
  "vector_exponents": {
    "exponents": [
      0.5488554835319519,
      0.5826470851898193,
      0.4403996765613556,
      1.268044114112854
    ],
    "nll": 0.5008939504623413,
    "ece": 0.027968717856450123
  }
}