building_uid,tile_base,crop_path,crop_w,crop_h,footprint_m2,gsd,poly_px_wkt,poly_geo_wkt,centroid_lng,centroid_lat,GEOID,building_type,is_residential,estimated_units,occupancy_rate,estimated_population,ppu_single_family_detached,ppu_mobile_home,ppu_duplex,ppu_triplex,ppu_multi_family,ppu_small_multi_family,ppu_large_multi_family,ppu_unknown
cd421c70-ccba-4b9b-adf5-8998b3d389ed,hurricane-harvey_00000391,building_crops/hurricane-harvey_00000391_cd421c70.png,18,36,665.1992409012564,2.2015352000000004,"POLYGON ((0 199.1884540292476, 8.24037180378262 199.364691398371, 8.416609172905888 215.5785293577135, 0 215.9310040959601, 0 199.1884540292476))","POLYGON ((-95.60671415265202 29.76424811465203, -95.60667436576527 29.7642481567772, -95.60667174678971 29.76417990407162, -95.6067123264945 29.76417761899886, -95.60671415265202 29.76424811465203))",-95.60669325100051,29.76421332123895,482014506002,small_multi_family,True,7,0.7993158494868872,11.2,3.241758241758242,3.241758241758242,2.5,2.2,1.92,2.0,1.8,2.580879120879121
e2816288-2495-4c50-96e6-497e239ebbea,hurricane-harvey_00000206,building_crops/hurricane-harvey_00000206_e2816288.png,61,52,3892.9952910954976,2.2015352000000004,"POLYGON ((748.7690020179803 68.31047411966978, 764.330068498816 70.21362613531156, 762.0910661274727 84.3193410747742, 787.1678926865173 83.0878897705354, 786.7200922122487 98.87285648850549, 754.9262585391742 101.6716094526846, 754.7023583020399 89.46904652886373, 745.7463488166668 87.45394439465478, 748.7690020179803 68.31047411966978))","POLYGON ((-95.64095866101081 29.74000983880609, -95.64088337002616 29.74000332447349, -95.64089261576427 29.73994371392719, -95.64077175813476 29.73995131517068, -95.64077217616368 29.73988480638036, -95.64092526965214 29.73986995856088, -95.6409276971221 29.73992131822891, -95.6409711315713 29.73992894031631, -95.64095866101081 29.74000983880609))",-95.64087760031015,29.73993164955615,482014516063,commercial,False,0,0.9409190371991247,155.7,3.316688567674113,3.316688567674113,2.5,2.2,1.92,2.0,1.8,2.6183442838370565
dc4c9016-556b-4a7f-8ce2-cdf322cbf149,hurricane-harvey_00000206,building_crops/hurricane-harvey_00000206_dc4c9016.png,68,58,6510.9300961525605,2.2015352000000004,"POLYGON ((395.373966302584 432.9473030665349, 435.4272380386927 433.5635072470905, 434.8110338581373 446.1956929484786, 443.7459944761923 447.1199992193119, 444.05409656647 471.1519622609771, 420.0221335248048 471.1519622609771, 416.3249084414716 456.0549598373669, 396.606374663695 454.2063472957003, 395.373966302584 432.9473030665349))","POLYGON ((-95.64262348056162 29.73844040737196, -95.64243016198236 29.73844167388438, -95.64243173975491 29.73838842428755, -95.64238852794918 29.73838539361723, -95.64238438696599 29.73828423220611, -95.64250033709983 29.73828191559766, -95.64251984319709 29.73834512795538, -95.64261518602214 29.73835101098517, -95.64262348056162 29.73844040737196))",-95.64249495864547,29.738369836886918,482014516063,commercial,False,0,0.9409190371991247,260.4,3.316688567674113,3.316688567674113,2.5,2.2,1.92,2.0,1.8,2.6183442838370565
2f5b7188-dd58-45a6-8f1b-8cf823cc7b90,hurricane-harvey_00000508,building_crops/hurricane-harvey_00000508_2f5b7188.png,58,50,4744.665418997121,2.2015352000000004,"POLYGON ((346.5651217702089 840.4777620727791, 329.0977829416648 841.2901964368974, 327.4729142134282 811.2301249645193, 344.9402530419723 810.8239077824601, 344.534035859913 816.9171655133475, 365.6573293269896 816.5109483312884, 366.0635465090488 838.8528933445424, 346.5651217702089 840.4777620727791))","POLYGON ((-95.62013654175315 29.86212133097629, -95.6202207988475 29.86211623633186, -95.62023195260353 29.86224260024618, -95.62014765070887 29.8622459851776, -95.62014894182313 29.86222030032347, -95.62004698600421 29.86222403580703, -95.62004256630048 29.86213003980059, -95.62013654175315 29.86212133097629))",-95.62014178018387,29.862178013891658,482015407003,commercial,False,0,1.0,189.8,1.6143250688705235,1.6143250688705235,2.5,2.2,1.92,2.0,1.8,1.7671625344352617
937b6668-07da-4062-89a4-2b303757a18b,hurricane-harvey_00000025,building_crops/hurricane-harvey_00000025_937b6668.png,43,41,1395.7014002044575,1.9022960000000002,"POLYGON ((172.5886120196088 583.9163723711163, 191.8220630782261 583.9163723711163, 191.9937903198208 602.2911872217596, 171.7299758116348 602.9780961881388, 170.8713396036608 584.4315540959007, 172.5886120196088 583.9163723711163))","POLYGON ((-95.41976624341618 29.74986778786418, -95.41967343293886 29.7498694860711, -95.41967074507154 29.74979212934717, -95.41976845795806 29.74978744776247, -95.41977447793609 29.74986546693036, -95.41976624341618 29.74986778786418))",-95.41972208420825,29.749829340492518,482014112002,small_multi_family,True,15,1.0,30.0,2.4647302904564317,2.4647302904564317,2.5,2.2,1.92,2.0,1.8,2.192365145228216
fff46f93-3a75-42c1-9442-668d2463eaed,hurricane-harvey_00000452,building_crops/hurricane-harvey_00000452_fff46f93.png,36,34,1021.5123495588965,2.2015352000000004,"POLYGON ((565.3487444857475 994.2636051863409, 566.998265623392 994.2636051863409, 566.8282656233919 998.1512193918577, 566.0123679837466 1003.409226402906, 565.83 1004.31, 559.616790208579 1006.182430746802, 551.4282840983383 1004.999646530879, 550.7914002897639 1003.634895512505, 550.7099519590885 1003.634895512505, 551.3148992177966 1001.947977898396, 551.2229361257746 994.6828936286643, 550.97 993.76, 551.4282840983383 991.5341031495941, 565.3487444857475 991.3521363471442, 565.3487444857475 994.2636051863409))","POLYGON ((-95.58291610969077 29.7139131137956, -95.58290815299978 29.71391326910121, -95.58290855370916 29.71389688359587, -95.58291192218594 29.71387466699244, -95.5829127047072 29.71387085695275, -95.58294247300378 29.71386238775765, -95.58298209893796 29.71386659710587, -95.58298531823554 29.71387228367001, -95.58298571111254 29.71387227600128, -95.58298297501993 29.71387943602969, -95.58298420223358 29.71391001831452, -95.5829855218496 29.71391388050895, -95.58298355134066 29.71392329619736, -95.582916423716 29.71392537305923, -95.58291610969077 29.7139131137956))",-95.58294763287863,29.713894765703607,482014524012,unknown_nonres,False,0,0.9377289377289377,10.2,2.8,2.8,2.5,2.2,1.92,2.0,1.8,2.36
94f62c6f-c3e3-4d82-93c9-874f45f0ca5f,hurricane-harvey_00000176,building_crops/hurricane-harvey_00000176_94f62c6f.png,94,71,12776.361242642035,2.2015352000000004,"POLYGON ((137.8419627875824 669.8466530859778, 156.9388702723287 668.2552441289156, 156.6205884809162 666.345553380441, 173.8078052171879 666.0272715890285, 176.3540595484874 696.2640417732101, 188.7670494135725 696.5823235646226, 187.4939222479227 717.9072035892559, 159.1668428122157 717.5889217978435, 158.8485610208033 714.4061038837191, 132.1128905421585 712.8146949266569, 125.7472547139097 700.4017050615718, 121.609591425548 694.9909146075604, 113.3342648488247 686.0790244480121, 121.9278732169605 680.0316704111758, 126.7021000881471 679.3951068283509, 129.2483544194466 673.3477527915146, 137.8419627875824 669.8466530859778))","POLYGON ((-95.62913054812611 29.74202530811692, -95.62903857929872 29.74203384090574, -95.629040324929 29.74204185157133, -95.62895743052188 29.74204484033147, -95.62894182138238 29.74191776562728, -95.62888189302285 29.74191761601138, -95.62888569219093 29.74182770054458, -95.62902240680525 29.74182632373538, -95.62902429236136 29.74183969519857, -95.62915346828684 29.74184383169416, -95.6291855472331 29.74189548884271, -95.62920610643728 29.74191787532216, -95.62924701495666 29.74195460707586, -95.62920621503213 29.74198089520624, -95.62918324907893 29.74198403357109, -95.62917162797098 29.74200974159993, -95.62913054812611 29.74202530811692))",-95.62905094589469,29.74192896650254,482014516061,commercial,False,0,0.9516574585635359,511.1,3.3566666666666665,3.3566666666666665,2.5,2.2,1.92,2.0,1.8,2.638333333333333
8811d788-ad58-45c8-bc71-6310610b12ed,hurricane-harvey_00000180,building_crops/hurricane-harvey_00000180_8811d788.png,46,40,2407.238115007183,2.2015352000000004,"POLYGON ((53.18265436654902 561.6092183447488, 66.67836465668265 558.2352907722153, 78.82450391780291 559.1350047915575, 80.17407494681628 577.1292851784024, 67.12822166635377 578.928713217087, 54.53222539556239 579.378570226758, 53.18265436654902 561.6092183447488))","POLYGON ((-95.65346023434013 29.71179744749008, -95.65339551132573 29.71181295927654, -95.65333682448453 29.71181034562124, -95.6533283211679 29.71173470820469, -95.65339104869985 29.7117258696573, -95.65345175585486 29.71172275718617, -95.65346023434013 29.71179744749008))",-95.65339427210374,29.711767850247906,482014543031,commercial,False,0,0.9100775193798449,96.3,3.5811209439528024,3.5811209439528024,2.5,2.2,1.92,2.0,1.8,2.750560471976401
031aa864-698d-42ef-8d95-1231f89b6b84,hurricane-harvey_00000489,building_crops/hurricane-harvey_00000489_031aa864.png,59,80,7058.421539682095,2.2015352000000004,"POLYGON ((718.4217843378466 828.8864547110603, 731.3359584040057 836.9578135024097, 725.8474344258881 851.1634049751849, 731.6588127556597 865.6918507996139, 719.3903473928085 882.480277085621, 710.673279898151 889.2602184703545, 694.530562315452 878.6060248657732, 701.6333580518397 869.5661030194617, 691.3020187989123 864.723287744652, 693.2391449088361 856.6519289533026, 702.2790667551476 844.0606092387973, 706.4761733266494 845.3520266454133, 716.1618038762687 831.4692895242921, 718.4217843378466 828.8864547110603))","POLYGON ((-95.50514200673835 29.75321614491568, -95.50507884295378 29.75318333954089, -95.50510383981194 29.75312302238202, -95.50507427452577 29.75306237883262, -95.50513171770753 29.75299056631515, -95.50517307199702 29.75296122111993, -95.5052520857854 29.7530046068071, -95.50521875804857 29.75304332052507, -95.50526911989188 29.75306276757383, -95.50526061788575 29.75309693069364, -95.50521831451417 29.75315077536495, -95.50519792582385 29.75314572132561, -95.50515264179901 29.75320506277524, -95.50514200673835 29.75321614491568))",-95.50516502974794,29.753084239542947,482014304002,commercial,False,0,0.8855989232839838,282.3,2.645705521472393,2.645705521472393,2.5,2.2,1.92,2.0,1.8,2.2828527607361964
0458c174-c9c3-47b5-9001-4eafa1ff736a,hurricane-harvey_00000025,building_crops/hurricane-harvey_00000025_0458c174.png,68,57,3981.528603712201,1.9022960000000002,"POLYGON ((675.9572955641169 56.50675803458984, 713.8162570590537 48.54914192418912, 719.6036142302542 75.07452895885818, 680.056673560384 83.51442483352562, 674.2693163891834 56.98903779885654, 675.9572955641169 56.50675803458984))","POLYGON ((-95.4173905654875 29.7521330083984, -95.41720867812167 29.75216985566201, -95.41717806932297 29.75205867402113, -95.41736805323345 29.75201964713999, -95.41739866222382 29.75213082872634, -95.4173905654875 29.7521330083984))",-95.41728846282244,29.75209486065187,482014111001,commercial,False,0,0.794314381270903,159.3,2.7263157894736842,2.7263157894736842,2.5,2.2,1.92,2.0,1.8,2.323157894736842
5d456445-b500-4901-821c-57dabaebd9bd,hurricane-harvey_00000156,building_crops/hurricane-harvey_00000156_5d456445.png,61,56,4987.160767529945,2.2015352000000004,"POLYGON ((898.9714799392431 489.4157313647049, 921.3209547483225 493.0795796940621, 923.0161446098399 487.9703758560088, 936.9628902218233 491.6987137918856, 934.0630718272524 524.563322263688, 920.2544128054867 523.1824563615113, 921.3591055272279 518.3494257038933, 909.2074855880742 517.9351659332403, 909.0693989978565 510.3404034712693, 895.8130863369614 507.4405850766984, 898.9714799392431 489.4157313647049))","POLYGON ((-95.6363760528461 29.78146723544429, -95.63626776919338 29.78145396040099, -95.63626015065415 29.78147563687636, -95.6361924192106 29.78146128105497, -95.63620278853526 29.78132261939555, -95.6362695942125 29.78132710405682, -95.6362647954751 29.78134756079118, -95.63632349607154 29.78134813492186, -95.63632500101598 29.78138010075179, -95.63638930828779 29.78139103436593, -95.6363760528461 29.78146723544429))",-95.63627832185371,29.781405172322298,482014505001,commercial,False,0,0.9020979020979021,199.5,3.365979381443299,3.365979381443299,2.5,2.2,1.92,2.0,1.8,2.6429896907216497
be46e50a-7331-4ef5-9a2e-98d35f7a600c,hurricane-harvey_00000180,building_crops/hurricane-harvey_00000180_be46e50a.png,67,50,5736.265384336544,2.2015352000000004,"POLYGON ((422.5634305899643 595.2202976502704, 468.737621300266 594.6915855429005, 469.0900960385126 612.667797193476, 452.1713086026768 612.3153224552294, 451.8188338644303 624.4757009247363, 422.0347184825944 625.1806504012295, 422.5634305899643 595.2202976502704))","POLYGON ((-95.65167479564695 29.71169163699211, -95.65145213193738 29.71169832602122, -95.651448441556 29.71162266810981, -95.65153008867853 29.71162251709303, -95.65153044248977 29.711571279633, -95.65167402860396 29.71156543261661, -95.65167479564695 29.71169163699211))",-95.65157460180095,29.71163819623073,482014543032,commercial,False,0,1.0,229.5,2.737201365187713,2.737201365187713,2.5,2.2,1.92,2.0,1.8,2.3286006825938568
b95ec255-3572-4755-857c-137cd312e2d8,hurricane-harvey_00000507,building_crops/hurricane-harvey_00000507_b95ec255.png,38,43,2088.9831636604204,2.2015352000000004,"POLYGON ((31.43167869334455 165.0568440978449, 31.43167869334455 142.6652200168641, 50.37843753109755 141.2298594988525, 49.80429332389291 165.0568440978449, 31.43167869334455 165.0568440978449))","POLYGON ((-95.6015056742294 29.84808557203314, -95.60150811904558 29.84817981768587, -95.60141679677484 29.84818766241706, -95.60141696741849 29.84808732072351, -95.6015056742294 29.84808557203314))",-95.60146143322832,29.8481353595191,482015401013,commercial,False,0,1.0,83.6,2.4176372712146423,2.4176372712146423,2.5,2.2,1.92,2.0,1.8,2.1688186356073214
7d9c5e43-0b85-4382-a214-7e6ada464952,hurricane-harvey_00000176,building_crops/hurricane-harvey_00000176_7d9c5e43.png,52,88,8148.02502531357,2.2015352000000004,"POLYGON ((471.0496235768724 430.0590093520614, 471.44041839709 486.528860873502, 472.2220080375252 489.8506168453515, 476.7161484700274 490.2414116655691, 477.4977381104625 493.9539624576361, 487.4630060260109 493.5631676374185, 488.8307878967724 479.103759289368, 503.8763884751493 478.3221696489328, 502.5086066043878 461.9087871997943, 495.8650946606889 463.0811716604471, 495.2789024303626 458.9778260481625, 493.1295309191659 459.3686208683801, 493.5203257393834 455.8514674864218, 498.7960558123208 455.0698778459867, 498.7960558123208 425.760266329668, 483.3596604137263 425.3694715094504, 484.532044874379 429.6682145318438, 471.0496235768724 430.0590093520614))","POLYGON ((-95.62754914101413 29.7430669430335, -95.62754105187837 29.74282920086339, -95.62753691571666 29.7428152887543, -95.62751518808751 29.74281407405752, -95.62751100900007 29.74279851641345, -95.62746296847266 29.74280111726712, -95.62745795716295 29.74286213314421, -95.62738544637789 29.74286686652473, -95.62739384906078 29.74293584783572, -95.62742577595736 29.74293027437004, -95.62742905515358 29.7429474962824, -95.62743938318182 29.7429456447023, -95.62743788391516 29.7429604919708, -95.62741251378282 29.74296428878685, -95.62741573344607 29.74308770383367, -95.62749025880831 29.7430878695647, -95.62748412968394 29.7430698810839, -95.62754914101413 29.7430669430335))",-95.62747836659538,29.74295001135367,482014516061,commercial,False,0,0.9516574585635359,325.9,3.3566666666666665,3.3566666666666665,2.5,2.2,1.92,2.0,1.8,2.638333333333333
1f57ed87-47ba-48f1-abe8-ac70317267e3,hurricane-harvey_00000159,building_crops/hurricane-harvey_00000159_1f57ed87.png,86,46,7108.788331147914,2.2015352000000004,"POLYGON ((635.7133279051859 882.3431184279838, 651.5579797033859 880.5258106948569, 677.0524016386897 879.1027935012673, 701.0411284304615 880.5946295740438, 700.4944936371102 855.8765744167125, 673.8036149461611 856.5043633058016, 673.8036149461611 863.234018888689, 672.0326529506644 864.4146602190202, 672.2687812167306 866.4217504805831, 662.9417147071147 866.4217504805831, 662.1152657758828 856.8585557049008, 634.7243869122003 855.6779143745697, 635.3799454636652 881.9065695367087, 635.7133279051859 882.3431184279838))","POLYGON ((-95.6326606883374 29.77988594834929, -95.6325844087189 29.77989512410704, -95.632461507504 29.7799035674621, -95.63234555276843 29.77989959236951, -95.63235091574369 29.78000362002965, -95.63247967989108 29.77999841018819, -95.63247893810554 29.77997007365655, -95.63248735616385 29.77996493204733, -95.63248599516973 29.77995650350614, -95.63253101566386 29.77995560664835, -95.63253605895991 29.77999579488029, -95.63266840123163 29.77999813229392, -95.63266234565059 29.77988775446489, -95.6326606883374 29.77988594834929))",-95.63250906455161,29.77994611047227,482014505001,commercial,False,0,0.9020979020979021,284.4,3.365979381443299,3.365979381443299,2.5,2.2,1.92,2.0,1.8,2.6429896907216497
7c5afa42-2e46-4e7b-97f6-e3b446dec787,hurricane-harvey_00000508,building_crops/hurricane-harvey_00000508_7c5afa42.png,54,49,4228.427378192392,2.2015352000000004,"POLYGON ((709.655137598851 440.0182520684922, 676.5538312919574 439.3816884856673, 677.5086766661947 422.1944717493957, 681.0097763717315 421.8761899579832, 680.691494580319 416.4653995039718, 676.5538312919574 416.4653995039718, 676.5538312919574 411.0546090499603, 705.1991925190767 410.7363272585479, 704.8809107276644 425.0590078721076, 711.883110138738 425.0590078721076, 709.655137598851 440.0182520684922))","POLYGON ((-95.61842728105177 29.86384163580373, -95.61858719398015 29.86384114234068, -95.61858447321355 29.86391357316771, -95.61856760174027 29.8639152483677, -95.61856973371785 29.86393799134498, -95.6185897141018 29.86393759474576, -95.61859030913232 29.86396036823006, -95.61845201835767 29.86396445347443, -95.61845198031352 29.86390414020893, -95.61841816736337 29.86390481133911, -95.61842728105177 29.86384163580373))",-95.61850919135904,29.86389873665999,482015407004,commercial,False,0,0.8129496402877698,169.1,2.6149425287356323,2.6149425287356323,2.5,2.2,1.92,2.0,1.8,2.267471264367816
a5e2cc14-1277-4146-8fda-ad23465e9a32,hurricane-harvey_00000098,building_crops/hurricane-harvey_00000098_a5e2cc14.png,63,49,5533.383280786357,2.2015352000000004,"POLYGON ((924.43692751128 948.0101495699549, 937.1237628567422 949.4810870013129, 939.1463018248594 946.539212138597, 966.1747771260615 947.0908136753562, 965.4393084103824 934.7717126877335, 968.7489176309379 926.1299552785057, 960.8426289373889 919.3268696584753, 925.3562634058787 920.0623383741543, 924.43692751128 948.0101495699549))","POLYGON ((-95.66078100327054 29.86263277202035, -95.6607195750105 29.8626278165027, -95.66071013702363 29.86264039578603, -95.66057955662845 29.86264070643588, -95.66058448461685 29.86269248570029, -95.6605694682894 29.86272918103195, -95.66060840742455 29.86275704511759, -95.6607796867979 29.86275049341247, -95.66078100327054 29.86263277202035))",-95.66068195091228,29.862695138604135,482015414043,commercial,False,0,0.9108433734939759,221.3,4.429447852760736,4.429447852760736,2.5,2.2,1.92,2.0,1.8,3.174723926380368
f5204d75-2a10-4213-84e2-1f6f5155b64e,hurricane-harvey_00000507,building_crops/hurricane-harvey_00000507_f5204d75.png,72,79,8771.071964111374,2.2015352000000004,"POLYGON ((869.4874960588547 303.9620418158219, 875.5402306721388 302.2597102058357, 901.6426486919266 316.0675110423901, 893.6984345119912 340.6567454088568, 890.6720672053492 341.6024851921824, 886.8891080720466 340.2784494955266, 885.5650723753907 343.3048168021685, 888.55 343.9, 880.0797816321019 350.8707350687737, 875.1619347588087 345.5745922821501, 866.650276708878 348.4118116321271, 866.650276708878 354.4645462454112, 867.4068685355384 358.2475053787138, 865.8936848822174 360.3281329020302, 848.3029249123604 350.3032911987784, 864.5696491855614 300.1790826825193, 869.4874960588547 303.9620418158219))","POLYGON ((-95.59744421571456 29.84758062737201, -95.59741517747621 29.84758836765026, -95.59728764465743 29.84753273129168, -95.59732332051625 29.84742848070636, -95.59733782930854 29.84742421251889, -95.59735623849197 29.84742942588049, -95.59736230129454 29.84741656213125, -95.59734782461223 29.8474143406641, -95.59738796058122 29.84738419605209, -95.59741228221033 29.84740602009186, -95.59745306883289 29.84739326942132, -95.59745240901789 29.84736779356362, -95.59744834366606 29.84735194305172, -95.59745542279045 29.84734304192705, -95.59754144713695 29.8473835646262, -95.59746837244997 29.84759608243308, -95.59744421571456 29.84758062737201))",-95.59741961389727,29.847476073085467,482015401013,commercial,False,0,1.0,350.8,2.4176372712146423,2.4176372712146423,2.5,2.2,1.92,2.0,1.8,2.1688186356073214
aafa2b9a-321e-4155-8295-13a6a41f3545,hurricane-harvey_00000463,building_crops/hurricane-harvey_00000463_aafa2b9a.png,43,54,2044.038516279126,2.2015352000000004,"POLYGON ((994.4054545667752 840.0673513047379, 1008.440430560254 835.3890259735783, 1017.31725298348 860.6999655857501, 1018.75673770076 866.6978185744164, 1007.840645261388 869.9366591882962, 1000.883135794535 850.383658445244, 998.6039516588417 850.5036155050174, 994.4054545667752 840.0673513047379))","POLYGON ((-95.59679248695237 29.75742969216417, -95.5967252670232 29.75745072100811, -95.59667968106707 29.75734498794587, -95.59667208309597 29.75731986977918, -95.59672440864408 29.75730519767868, -95.59676010719612 29.75738686822746, -95.59677109274337 29.75738614711042, -95.59679248695237 29.75742969216417))",-95.59672846534347,29.757380004119643,482014512001,commercial,False,0,0.7973640856672158,81.8,2.773755656108597,2.773755656108597,2.5,2.2,1.92,2.0,1.8,2.3468778280542986
325bb37e-57ea-4205-931a-c9cdd2ced8ac,hurricane-harvey_00000507,building_crops/hurricane-harvey_00000507_325bb37e.png,63,61,6623.751434537409,2.2015352000000004,"POLYGON ((601.2987543146784 44.6554688949731, 611.9206205004334 45.86249914335436, 609.7479660533472 62.51951657101583, 613.1276507488147 65.65779521680712, 611.1964023514047 77.00387955159101, 595.263603072772 77.24528560126727, 578.3651795954343 79.6593460980298, 569.9159678567654 73.14138275677097, 571.364404154823 61.55389237231081, 576.192525148348 60.1054560742533, 575.83 59.43, 577.3440356814515 58.66919758771684, 576.0801010470137 44.34, 585.8487671353981 43.93125074594433, 585.8487671353981 37.4132874046855, 603.9542208611172 37.17188135500925, 601.2987543146784 44.6554688949731))","POLYGON ((-95.59876736585996 29.84864655056551, -95.59871594922944 29.84864248014314, -95.59872462256045 29.84857216454494, -95.59870796233534 29.84855927693987, -95.59871604936143 29.8485113378958, -95.59879295039565 29.84850880690969, -95.5988742767027 29.84849703940791, -95.59891578246958 29.84852366996276, -95.59891005300481 29.84857257917669, -95.59888689966064 29.84857913470347, -95.5988887236962 29.84858194321166, -95.59888149655093 29.84858528937615, -95.5988891621152 29.84864548046355, -95.59884204118417 29.84864812974226, -95.59884275213093 29.84867556370419, -95.59875536085993 29.84867830130752, -95.59876736585996 29.84864655056551))",-95.59880865939421,29.848581183496293,482015401013,commercial,False,0,1.0,265.0,2.4176372712146423,2.4176372712146423,2.5,2.2,1.92,2.0,1.8,2.1688186356073214
50ab39a9-3c0f-4269-8f27-812e0ff7f47e,hurricane-harvey_00000507,building_crops/hurricane-harvey_00000507_50ab39a9.png,66,64,7453.0985582523,2.2015352000000004,"POLYGON ((829.5824813624038 998.2845116530489, 828.4567538871988 1013.227062306239, 827.0806767722752 1024, 872.917753805978 1024, 873.2304582704069 1012.83383728905, 868.118533046947 1011.260937220293, 869.691433115704 991.5996863608322, 863.3998328406765 991.9929113780214, 861.8269327719196 983.3419609998585, 848.4572821874862 988.4538862233184, 846.0979320843509 985.3080860858047, 843.3453569640263 979.8029358451556, 833.9079565514851 985.3080860858047, 833.9079565514851 992.3861363952105, 829.5824813624038 998.2845116530489))","POLYGON ((-95.59756119584341 29.84465444326177, -95.59756500212842 29.84459144332368, -95.59757047161516 29.84454596943174, -95.59734916775615 29.8445503249945, -95.59734887505046 29.84459735292129, -95.5973737271518 29.84460348750309, -95.5973682760879 29.8446863908719, -95.59739860945375 29.84468413796392, -95.59740714644057 29.84472040022546, -95.59747113873968 29.84469761379328, -95.59748287271884 29.84471063022365, -95.59749676238782 29.84473353975512, -95.59754172666504 29.84470947187022, -95.59754095513667 29.84467968046606, -95.59756119584341 29.84465444326177))",-95.59746427736474,29.8446249475878,482015401013,commercial,False,0,1.0,298.1,2.4176372712146423,2.4176372712146423,2.5,2.2,1.92,2.0,1.8,2.1688186356073214
4e3a58dc-8bbc-4612-8fb1-c5b6c8678cab,hurricane-harvey_00000356,building_crops/hurricane-harvey_00000356_4e3a58dc.png,84,59,10541.280079893828,2.2015352000000004,"POLYGON ((472.3733727341011 267.2965570027254, 477.5390423605647 264.0680134861856, 499.8159926246893 266.0051395961095, 500.1388469763433 268.5879744093413, 504.981662251153 268.5879744093413, 507.5644970643849 264.7137221894936, 522.7386515921219 264.7137221894936, 523.7072146470838 268.5879744093413, 535.9756800099351 270.2022461676112, 535.9756800099351 298.6134291131614, 521.124379833852 303.7790987396251, 518.8643993722741 293.4477594866977, 513.3758753941564 294.4163225416597, 513.0530210425025 303.4562443879711, 491.0989251300319 302.1648269813552, 490.7760707783779 293.4477594866977, 484.3189837452983 293.4477594866977, 484.9646924486063 300.8734095747393, 471.4048096791391 300.5505552230853, 472.3733727341011 267.2965570027254))","POLYGON ((-95.57444512373225 29.75165192207035, -95.57442054453286 29.7516660017664, -95.57431283908736 29.75165993802401, -95.57431100308513 29.75164909285226, -95.57428763419931 29.75164954781502, -95.57427558790211 29.75166610371474, -95.57420236537699 29.75166752923209, -95.57419727450241 29.7516513069656, -95.57413789953134 29.75164566228896, -95.57413484090753 29.7515260317409, -95.57420594928293 29.75150288558892, -95.57421796700693 29.75154617529627, -95.57424434744298 29.75154158137323, -95.57424493212991 29.75150348678074, -95.57435100996416 29.75150686204455, -95.57435350640564 29.75154353653453, -95.57438466488556 29.75154292990304, -95.5743807495505 29.75151172349721, -95.57444621709631 29.75151180898811, -95.57444512373225 29.75165192207035))",-95.57429343928729,29.751587214837897,482014511003,unknown_nonres,False,0,0.9426605504587156,105.4,2.8,2.8,1.5714285714285714,2.2,1.92,2.0,1.8,2.36
86718972-e434-4938-8c3a-b76e1f9dbd43,hurricane-harvey_00000220,building_crops/hurricane-harvey_00000220_86718972.png,105,68,18314.92127904351,2.2015352000000004,"POLYGON ((881.4940569670827 0, 880.4785338358719 14.46490710754211, 875.0677433818605 15.10147069036698, 875.0677433818605 22.7402336842655, 865.2010078480749 23.05851547567794, 865.5192896394873 38.33604146347497, 868.3838257621993 49.79418595432274, 872.521489050561 50.11246774573518, 873.4763344247983 54.88669461692175, 886.8441696641207 54.88669461692175, 886.5258878727083 57.7512307396337, 895.7560598236689 57.7512307396337, 895.7560598236689 50.74903132856006, 913.8981219341779 49.79418595432274, 917.0809398483024 58.70607611387101, 939.360665247173 55.20497640833419, 938.4058198729357 51.38559491138493, 947.3177100324839 50.74903132856006, 947.3177100324839 36.74463250641278, 951.1370915294332 36.1080689235879, 948.2725554067213 27.51446055545207, 939.9972288299979 25.60476980697744, 938.4058198729357 16.69287964742917, 932.9950294189242 17.01116143884161, 931.7219022532745 0, 881.4940569670827 0))","POLYGON ((-95.62572833823523 29.74922894163509, -95.62573165020821 29.74916793639226, -95.62575768962301 29.74916473752808, -95.62575685082527 29.74913257269793, -95.6258044269598 29.74913028705467, -95.62580121349772 29.74906598789461, -95.62578613272852 29.74901801513383, -95.62576613186229 29.74901707140619, -95.62576100009674 29.74899705988049, -95.62569649483906 29.74899834077144, -95.62569771613852 29.74898624846223, -95.62565317679689 29.7489871328687, -95.62565394565992 29.74901661729943, -95.62556650762625 29.7490223761785, -95.62555017071098 29.74898515549083, -95.62544304634093 29.74900203233745, -95.62544807320772 29.74901802327451, -95.62540513957339 29.74902155750745, -95.62540667715756 29.74908052638022, -95.62538831695365 29.74908357270718, -95.62540308304264 29.74911948370914, -95.62544322460087 29.74912673207559, -95.62545188229312 29.74916410524872, -95.62547795666646 29.74916224664074, -95.62548596780843 29.74923375422222, -95.62572833823523 29.74922894163509))",-95.62560310101196,29.74910629951064,482014516051,large_multi_family,True,40,0.7732035928143712,55.7,2.8,2.8,2.5,2.2,1.92,2.0,1.8,2.36
2e5ed81c-3f7c-49cc-b3ad-c2d2bfcba09e,hurricane-harvey_00000073,building_crops/hurricane-harvey_00000073_2e5ed81c.png,74,71,7618.965655707032,2.2015352000000004,"POLYGON ((987.2789858211927 522.9488624084379, 994.7712612695011 508.1521329909854, 962.7260860116594 486.6584178790183, 953.1994047189362 502.2760058172012, 947.2130468352101 513.0697081844248, 939.9393388240494 521.829004707233, 952.6822803355203 531.1716524862637, 956.2779714780693 527.4964765917562, 960.3008853470272 533.1630014849111, 963.3898690112085 538.6350759593248, 974.6312842668189 538.0176604157556, 987.2789858211927 522.9488624084379))","POLYGON ((-95.67494288878396 29.58316925244995, -95.67490841478306 29.58323233099897, -95.67506529074402 29.58331978642757, -95.67510948100805 29.58325305117262, -95.67513714019901 29.5832069868792, -95.67517123175338 29.5831693700127, -95.67510876072402 29.58313124065229, -95.67509183504579 29.58314707657751, -95.67507181096926 29.5831235900368, -95.67505631088126 29.58310083209096, -95.67500218613287 29.58310452637359, -95.67494288878396 29.58316925244995))",-95.67503681356301,29.583202846053535,,commercial,False,0,,304.8,,,,,,,,
ac0d08ae-6d27-42c1-b079-4328c735a3a3,hurricane-harvey_00000391,building_crops/hurricane-harvey_00000391_ac0d08ae.png,79,56,8662.943032090361,2.2015352000000004,"POLYGON ((271.6113932819738 547.0074948318181, 287.8062456301342 546.3327093173115, 287.8062456301342 543.6335672592847, 292.3048157268454 543.6335672592847, 292.7546727365165 549.9315653946804, 310.9738816281969 550.6063509091871, 311.1988101330325 546.7825663269825, 312.998238171717 547.0074948318181, 312.998238171717 551.5060649285293, 325.1443774328372 549.0318513753382, 324.0197349086595 514.6177901354974, 302.6515269492812 515.2925756500041, 302.6515269492812 514.1679331258263, 295.0039577848721 514.6177901354974, 294.3291722703655 518.441574717702, 269.3621082336182 518.441574717702, 269.8119652432894 522.490287804742, 265.9881806610848 523.1650733192487, 266.6629661755915 532.6120705223423, 269.5870367384538 533.0619275320134, 270.0368937481249 547.6822803463248, 271.6113932819738 547.0074948318181))","POLYGON ((-95.60536545018235 29.76280943834172, -95.60528736913957 29.76281381986357, -95.60528766336519 29.7628251848013, -95.60526595375018 29.76282561265098, -95.6052630962688 29.7627991372472, -95.60517509879298 29.76279802876405, -95.60517443011369 29.7628141504856, -95.60516572175027 29.76281337454018, -95.60516523139754 29.76279443297542, -95.60510688513602 29.76280600596718, -95.60511606367534 29.76295080198636, -95.60521911092812 29.76294592854327, -95.60521923351953 29.76295066393416, -95.6052560908747 29.76294804244155, -95.60525893050388 29.76293187793583, -95.60537941898907 29.76292950332391, -95.60537680667014 29.76291249870557, -95.6053951862975 29.762909293783, -95.60539090001929 29.76286958068517, -95.60537673972516 29.76286796464312, -95.60537297498706 29.76280644735484, -95.60536545018235 29.76280943834172))",-95.6052393306317,29.762873351663547,482014507003,commercial,False,0,0.8509687034277198,346.5,2.5201401050788093,2.5201401050788093,2.5,2.2,1.92,2.0,1.8,2.2200700525394046
936f01af-36b5-4fdf-ac2c-446cab7d231e,hurricane-harvey_00000220,building_crops/hurricane-harvey_00000220_936f01af.png,122,91,22271.91062496343,2.2015352000000004,"POLYGON ((827.2288167882364 707.3590458146161, 837.7321159048468 704.4945096919042, 842.8246245674458 699.0837192378928, 850.1451057699319 700.6751281949549, 864.4677863834916 697.4923102808306, 871.1517040031528 693.9912105752938, 880.7001577455259 692.718083409644, 885.4743846167125 691.7632380354067, 892.1583022363737 686.6707293728077, 900.1153470216847 687.9438565384575, 903.298164935809 687.625574747045, 904.8895738928712 684.1244750415082, 914.7563094266568 681.5782207102087, 920.8036634634931 705.4493550661416, 930.3521172058662 728.6839258392496, 845.3708788987453 753.5099055694197, 837.095552322022 753.1916237780073, 829.7750711195358 735.0495616674983, 833.9127344078976 733.4581527104361, 831.366480076598 718.4989085140515, 829.7750711195358 718.4989085140515, 827.2288167882364 707.3590458146161))","POLYGON ((-95.62591251570248 29.7462452378717, -95.62586214891547 29.74625830607809, -95.62583817025178 29.74628157744821, -95.62580267216639 29.74627557784616, -95.62573391071449 29.746290352155, -95.62570204334834 29.74630573476594, -95.62565610917133 29.74631201040366, -95.62563317702445 29.74631648841862, -95.62560148435226 29.74633857201663, -95.62556294960075 29.74633397353947, -95.62554762655303 29.74633561867075, -95.62554033193099 29.74635051335733, -95.62549300168943 29.74636218024129, -95.62546120084865 29.7462622444293, -95.62541257619759 29.74616532441216, -95.62581990800594 29.746052646911, -95.62585987360822 29.74605319421771, -95.62589718888292 29.74612888429884, -95.62587739827696 29.74613598176311, -95.62589132717294 29.74619872727139, -95.62589900615595 29.74619857478768, -95.62591251570248 29.7462452378717))",-95.62567116591148,29.74620172549689,482014516051,large_multi_family,True,40,0.7732035928143712,55.7,2.8,2.8,2.5,2.2,1.92,2.0,1.8,2.36
126ab454-c48c-4160-a9f3-9c2462271b5a,hurricane-harvey_00000508,building_crops/hurricane-harvey_00000508_126ab454.png,54,51,4456.247896478649,2.2015352000000004,"POLYGON ((94.03776050454073 737.9327748122485, 83.21617959651783 738.2510566036609, 83.21617959651783 706.4228774624171, 118.8637402347109 707.3777228366545, 118.5454584432985 726.4746303214007, 108.042159326688 725.8380667385759, 108.042159326688 733.4768297324744, 95.94745125301536 733.4768297324744, 94.03776050454073 737.9327748122485))","POLYGON ((-95.62136723626799 29.86252870820326, -95.62141945676689 29.86252633026031, -95.62142296053638 29.86266029165609, -95.62125071930748 29.86265969313174, -95.62125015410955 29.86257928574608, -95.621300942821 29.86258095722809, -95.62130010195597 29.86254880648984, -95.6213585052173 29.86254764603215, -95.62136723626799 29.86252870820326))",-95.62134472040515,29.862603517155453,482015407003,commercial,False,0,1.0,178.2,1.6143250688705235,1.6143250688705235,2.5,2.2,1.92,2.0,1.8,1.7671625344352617
795ee5a5-7dd3-4b68-bfe3-8522727d8753,hurricane-harvey_00000180,building_crops/hurricane-harvey_00000180_795ee5a5.png,42,65,3970.4593621469085,2.2015352000000004,"POLYGON ((737.6796090087286 800.7859286752273, 752.9747473375467 799.436357646214, 758.8228884632713 841.9478450601348, 736.1051094748797 845.3217726326683, 735.2053954555374 828.2272062651657, 738.5793230280708 828.4521347700012, 737.6796090087286 800.7859286752273))","POLYGON ((-95.65013207732189 29.71085651500151, -95.65005845073532 29.71086367505205, -95.65002553838255 29.71068523767552, -95.65013474379506 29.71066883673961, -95.65014097514076 29.71074072957315, -95.6501246761709 29.71074010838041, -95.65013207732189 29.71085651500151))",-95.65008681450193,29.710761304829465,482014543032,commercial,False,0,1.0,158.8,2.737201365187713,2.737201365187713,2.5,2.2,1.92,2.0,1.8,2.3286006825938568
167669d0-698e-4708-9262-381937cda858,hurricane-harvey_00000076,building_crops/hurricane-harvey_00000076_167669d0.png,71,70,4323.139655427611,1.9022960000000002,"POLYGON ((194.387944486694 546.8290375126021, 222.3483337474282 525.9605367785978, 242.891806437012 558.0859459209216, 215.3757012528168 573.6025752039983, 194.387944486694 546.8290375126021))","POLYGON ((-95.35675193819155 30.02621458466522, -95.35661887181878 30.0263047768031, -95.3565163795433 30.02617144061191, -95.35664783115827 30.02610379636989, -95.35675193819155 30.02621458466522))",-95.35663335525524,30.026200480001567,482012408021,commercial,False,0,0.9578783151326054,172.9,3.220108695652174,3.220108695652174,2.5,2.2,1.92,2.0,1.8,2.570054347826087
c075d525-6fa2-41bc-a94a-808fc3a5fe61,hurricane-harvey_00000508,building_crops/hurricane-harvey_00000508_c075d525.png,52,64,6835.937897019986,2.2015352000000004,"POLYGON ((884.7386933741423 592.7828263069266, 870.09773096917 592.7828263069266, 870.4160127605825 548.2233755091852, 883.4655662084924 548.2233755091852, 883.14728441708 552.0427570061345, 886.9666659140292 552.0427570061345, 886.9666659140292 548.8599390920101, 901.9259101104138 548.5416573005976, 903.6715848935886 590.9366163205549, 891.7012435232477 590.9366163205549, 891.7012435232477 593.4304374393759, 884.7386933741423 592.7828263069266))","POLYGON ((-95.61756502661163 29.86321544239558, -95.61763572597754 29.86321403959967, -95.6176390873765 29.86340161659837, -95.61757607260682 29.86340286692699, -95.61757718970264 29.86338676101646, -95.61755874635764 29.86338712696059, -95.61755909623002 29.86340052314003, -95.61748689476886 29.86340329601524, -95.61747380498971 29.86322502688232, -95.61753160827269 29.8632238800093, -95.61753133414332 29.86321338375168, -95.61756502661163 29.86321544239558))",-95.61755964108448,29.863308250996827,482015407004,commercial,False,0,0.8129496402877698,273.4,2.6149425287356323,2.6149425287356323,2.5,2.2,1.92,2.0,1.8,2.267471264367816
95c486fa-010b-4d33-b237-59949e20d4bf,hurricane-harvey_00000499,building_crops/hurricane-harvey_00000499_95c486fa.png,57,62,6529.2830144562195,2.2015352000000004,"POLYGON ((957.391966910284 411.7776338974184, 978.8049271582212 412.0548243213398, 980.2601768838091 412.1934195333006, 980.5373673077306 418.2223112535935, 989.4074608732192 418.291608859574, 989.3381632672388 416.1433830741822, 993.0802339901792 416.281978286143, 993.773210049983 454.4649591813318, 977.9040582804762 453.9798759394691, 978.1119510984174 448.3667698550584, 955.7981219727353 446.9115201294704, 956.1446100026373 424.8055838217296, 957.3226693043036 424.528393397808, 957.391966910284 411.7776338974184))","POLYGON ((-95.61700903196697 29.85536439079616, -95.61690560906017 29.85536527477721, -95.61689856716187 29.85536483080377, -95.6168965664027 29.85533948226969, -95.61685372956111 29.85534004003553, -95.61685430016871 29.85534907509457, -95.61683621635981 29.85534885011014, -95.61682867559131 29.85518820762613, -95.61690535293405 29.85518872962144, -95.61690496579007 29.85521237460423, -95.61701286780547 29.85521636270694, -95.61701362348944 29.85530943783897, -95.61700796568879 29.85531071733029, -95.61700903196697 29.85536439079616))",-95.61692097166271,29.855279183673144,482015407002,commercial,False,0,1.0,261.2,2.373177842565598,2.373177842565598,2.5,2.2,1.92,2.0,1.8,2.146588921282799
860af3a9-73a2-49a1-8189-00a00bf2cb39,hurricane-harvey_00000381,building_crops/hurricane-harvey_00000381_860af3a9.png,49,64,5393.659536277182,2.2015352000000004,"POLYGON ((209.2880254823772 552.4548062213811, 228.0873131496861 551.999984745559, 227.8973156814422 509.9883976308784, 216.5938421815594 511.0822821631251, 216.37506527511 507.8006285663849, 199.0187640301286 507.9464798373511, 199.2713679872479 538.9094223436233, 209.6059392812195 539.1469986952089, 209.2880254823772 552.4548062213811))","POLYGON ((-95.58951004815282 29.71133160263932, -95.58941941917928 29.7113352920751, -95.5894248778638 29.71151217064855, -95.58947928186336 29.71150649781427, -95.58948069195007 29.71152029509159, -95.58956439425073 29.71151804277218, -95.589559827963 29.71138769220895, -95.58950995356518 29.71138766729393, -95.58951004815282 29.71133160263932))",-95.58948762899126,29.71143198396459,482014525012,commercial,False,0,0.9586894586894587,215.7,1.0,1.0,2.5,2.2,1.92,2.0,1.8,1.46
a127ec7f-1c00-4ab6-acfa-d1f42c811610,hurricane-harvey_00000391,building_crops/hurricane-harvey_00000391_a127ec7f.png,36,39,1233.2771690897591,2.2015352000000004,"POLYGON ((741.7554841112109 374.746288888176, 745.6864405599738 393.1503122619299, 758.5513889377435 392.6142727461894, 755.6925115204613 373.4955300181151, 741.7554841112109 374.746288888176))","POLYGON ((-95.60311534565695 29.76357945463881, -95.6030943705689 29.76350233656956, -95.60303234356891 29.7635058161524, -95.60304822266995 29.76358604549663, -95.60311534565695 29.76357945463881))",-95.60307252434205,29.763544008191758,482014507001,small_multi_family,True,13,0.8839103869653768,23.0,3.5920398009950247,3.5920398009950247,2.5,2.2,1.92,2.0,1.8,2.7560199004975123
97218618-f4fc-4fd2-a652-b615072c2632,hurricane-harvey_00000025,building_crops/hurricane-harvey_00000025_97218618.png,71,62,3353.7858457900843,1.9022960000000002,"POLYGON ((461.3158789335881 571.3856603739019, 506.0011367435424 563.7564700161048, 507.817610638256 576.1084925001572, 477.3008492070677 581.9212089632407, 480.2072074386094 601.5391270261475, 464.5855319440726 604.0821904787465, 459.1361102599318 571.3856603739019, 461.3158789335881 571.3856603739019))","POLYGON ((-95.41837426448116 29.74994603787868, -95.41815940808358 29.74998210568437, -95.41814939369546 29.74993025453911, -95.41829606391018 29.74990308577638, -95.4182800554961 29.7498207358635, -95.41835518032144 29.74980864912359, -95.4183847829121 29.7499458455233, -95.41837426448116 29.74994603787868))",-95.41828747513456,29.749908876990727,482014111001,commercial,False,0,0.794314381270903,134.2,2.7263157894736842,2.7263157894736842,2.5,2.2,1.92,2.0,1.8,2.323157894736842
6d1768a6-28e1-4b87-94e3-65d93612c592,hurricane-harvey_00000463,building_crops/hurricane-harvey_00000463_6d1768a6.png,47,54,3661.7700161615608,2.2015352000000004,"POLYGON ((706.2052381365597 769.4760140636638, 717.1731020521572 767.444928153368, 728.5471831498138 773.5381858842554, 724.8912285112814 802.7858229925154, 700.9244147697906 800.3485199001605, 706.2052381365597 769.4760140636638))","POLYGON ((-95.59819091645682 29.75769960039536, -95.59813820987003 29.75770919261153, -95.59808266001853 29.75768461495535, -95.59809712372244 29.75756111811188, -95.59821304450041 29.75756910777959, -95.59819091645682 29.75769960039536))",-95.5981460342645,29.757632200351406,482014512001,commercial,False,0,0.7973640856672158,146.5,2.773755656108597,2.773755656108597,2.5,2.2,1.92,2.0,1.8,2.3468778280542986
3b84d045-cc14-4fa2-a4e5-e593a805940d,hurricane-harvey_00000159,building_crops/hurricane-harvey_00000159_3b84d045.png,70,70,6372.9762902843795,2.2015352000000004,"POLYGON ((197.3098104833467 568.0810571926269, 237.57672266677 543.9944567541407, 243.8282067500412 554.6587531314858, 239.0476600981279 560.910237214757, 248.4248862230347 575.803478707256, 223.7866842477894 594.0063294203104, 209.0773099342101 578.0098848542929, 204.1128961033771 578.5614863910521, 197.3098104833467 568.0810571926269))","POLYGON ((-95.63481147024007 29.78116703309353, -95.63461976254737 29.78127232955281, -95.6345884106433 29.78122802715412, -95.63461079628061 29.78120124404405, -95.63456389018192 29.78113943568008, -95.63468080845736 29.78106041805476, -95.63475357410975 29.78112635844569, -95.63477747604499 29.78112355803771, -95.63481147024007 29.78116703309353))",-95.63467629471886,29.781163698069854,482014505001,commercial,False,0,0.9020979020979021,254.9,3.365979381443299,3.365979381443299,2.5,2.2,1.92,2.0,1.8,2.6429896907216497
2d571109-df7e-423a-9d15-6a97071267f8,hurricane-harvey_00000507,building_crops/hurricane-harvey_00000507_2d571109.png,39,62,4307.050496448704,2.2015352000000004,"POLYGON ((0 106.6216315562841, 6.456405679942868 108.5036396881882, 7.317621990749823 105.3458465485627, 15.92978509881937 104.1975581341534, 17.65221772043328 101.0397649945279, 27.98681345011673 100.7526928909256, 29.135101864526 110.5131444134044, 28.84802976092369 134.0530569087945, 16.79100140962632 136.6367058412154, 15.92978509881937 133.4789127015899, 6.743477783545186 133.4789127015899, 6.16933357634055 126.5891822151343, 0 143.8357899857748, 0 106.6216315562841))","POLYGON ((-95.60166381351353 29.848328532222, -95.60163243507377 29.84832122547307, -95.60162862173341 29.84833459850075, -95.60158716569775 29.84834025136159, -95.6015791942083 29.84835370636262, -95.60152932784206 29.84835589832157, -95.60152271794726 29.84831492618178, -95.60152153377342 29.84821582009778, -95.60157946558573 29.84820379797825, -95.60158396851499 29.84821700705693, -95.60162832197285 29.84821613265967, -95.601631846354 29.8482450766684, -95.60165975004672 29.84817189900308, -95.60166381351353 29.848328532222))",-95.60158940534586,29.84827678935264,482015401013,commercial,False,0,1.0,172.3,2.4176372712146423,2.4176372712146423,2.5,2.2,1.92,2.0,1.8,2.1688186356073214
e0276f72-8fc9-48ce-a0a9-16ab44d4f6fc,hurricane-harvey_00000073,building_crops/hurricane-harvey_00000073_e0276f72.png,48,60,4516.751975504832,2.2015352000000004,"POLYGON ((1016.725344997471 0, 1024 35.56405156374152, 1024 45.88936834152434, 1013.674683222217 43.77737172788694, 1012.970684351005 48.94003011677836, 1008.042692252517 50.58269414960744, 995.3707125706931 0, 1016.725344997471 0))","POLYGON ((-95.67485908144052 29.58537571244326, -95.67482005574603 29.58522655999311, -95.67481890757271 29.58518305125464, -95.67486892047121 29.58519094719435, -95.67487174033138 29.58516912439972, -95.67489531535983 29.58516172356962, -95.67496203166863 29.58537363680444, -95.67485908144052 29.58537571244326))",-95.67488453383702,29.585279703223623,,commercial,False,0,,180.7,,,,,,,,
2c4a3a7b-c12d-4122-b5da-b95e4d4f8f26,hurricane-harvey_00000508,building_crops/hurricane-harvey_00000508_2c4a3a7b.png,53,58,5294.510758324684,2.2015352000000004,"POLYGON ((956.6231869475308 273.2058113513742, 922.90716083662 274.8306800796108, 922.5009436545608 244.7706086072326, 938.3434137548684 244.7706086072326, 937.5309793907501 236.6462649660492, 953.3734494910575 235.8338306019309, 956.6231869475308 273.2058113513742))","POLYGON ((-95.61725303134969 29.86456739898517, -95.61741566541403 29.86455732982608, -95.61742093136365 29.86468381089333, -95.61734442893368 29.86468532875072, -95.61734924518223 29.86471944550556, -95.61727283202282 29.86472438278251, -95.61725303134969 29.86456739898517))",-95.61733611405622,29.864633165938205,482015407004,commercial,False,0,0.8129496402877698,211.8,2.6149425287356323,2.6149425287356323,2.5,2.2,1.92,2.0,1.8,2.267471264367816
c1bffe14-6a16-43cb-b750-6e44c3cea3db,hurricane-harvey_00000220,building_crops/hurricane-harvey_00000220_c1bffe14.png,69,72,12509.852906415808,2.2015352000000004,"POLYGON ((405.37 968.36, 355.3447762141165 968.6695115694107, 356.2996215883538 916.4712977777708, 404.17 915.1, 405.37 968.36))","POLYGON ((-95.62791941889391 29.74510579544532, -95.6281607672139 29.74509969516535, -95.62816189599222 29.74531957944373, -95.62793106142776 29.74532994403169, -95.62791941889391 29.74510579544532))",-95.62804285252035,29.745212954330952,482014516051,large_multi_family,True,40,0.7732035928143712,55.7,2.8,2.8,2.5,2.2,1.92,2.0,1.8,2.36
22f7dc34-626b-4b92-b10a-1457e4230f33,hurricane-harvey_00000496,building_crops/hurricane-harvey_00000496_22f7dc34.png,55,50,4535.548517289437,2.2015352000000004,"POLYGON ((821.6253404613619 7.446235664900508, 827.248553082251 3.847379587531537, 833.5465512176467 6.546521645558265, 840.7442633723846 5.646807626216022, 842.7686199159047 12.84451978095396, 855.364616186696 13.51930529546065, 854.914759177025 31.5135856823055, 842.5436914110691 30.38894315812769, 841.8689058965624 40.0608688660568, 819.6009839178419 36.91186979835895, 821.6253404613619 7.446235664900508))","POLYGON ((-95.62265346707373 29.85695499042098, -95.62262671135942 29.85697067733064, -95.62259600393621 29.85695992140285, -95.62256134845995 29.85696439901755, -95.62255078123196 29.85693429890998, -95.62248988650184 29.85693266770859, -95.62249007742793 29.85685688853563, -95.62254993556542 29.85686043472729, -95.62255212886546 29.85681966186672, -95.62265999730876 29.85683077844275, -95.62265346707373 29.85695499042098))",-95.62258363733443,29.856893692723816,482015406011,commercial,False,0,0.9040697674418605,181.4,3.283203125,3.283203125,2.5,2.2,1.92,2.0,1.8,2.6016015625
4c36fb13-3791-408d-a5a9-165204ddd16e,hurricane-harvey_00000356,building_crops/hurricane-harvey_00000356_4c36fb13.png,87,35,4731.446144595278,2.2015352000000004,"POLYGON ((467.0584974441073 321.6150310273688, 532.7497474363516 320.9938371740142, 534.6133289964152 336.6789819712168, 467.2137959074459 335.2812958011691, 467.0584974441073 321.6150310273688))","POLYGON ((-95.57446492209891 29.75142270479109, -95.57414799817008 29.75143149184329, -95.57413731693896 29.75136562169832, -95.57446270128605 29.75136517505566, -95.57446492209891 29.75142270479109))",-95.57429955697329,29.75139617972652,482014511003,commercial,False,0,0.9426605504587156,189.3,2.8,2.8,1.5714285714285714,2.2,1.92,2.0,1.8,2.36
a821d472-fb91-4f0a-9dec-25a1b9acc2be,hurricane-harvey_00000220,building_crops/hurricane-harvey_00000220_a821d472.png,69,126,21749.249112645033,2.2015352000000004,"POLYGON ((585.7435870455608 705.493669114962, 585.7435870455608 784.4275533852466, 583.5156145056739 787.2920895079585, 582.8790509228489 808.9352513240043, 586.3801506283858 811.7997874467162, 623.9374020150534 811.7997874467162, 625.5288109721156 763.7392369434381, 628.71162888624 744.6423294586918, 628.71162888624 727.7733945138326, 632.2127285917768 725.863703765358, 631.2578832175395 706.1302326977868, 587.6532777940355 704.2205419493122, 585.7435870455608 705.493669114962))","POLYGON ((-95.62707795266702 29.74622994883125, -95.62706928183043 29.74589757911651, -95.62707971769831 29.74588530374104, -95.62708041180592 29.74579410908665, -95.62706320346436 29.74578238289214, -95.62688198036774 29.74578598293775, -95.62687958041025 29.74598850578383, -95.62686632010214 29.74606922290431, -95.62686817300144 29.74614025354017, -95.62685148902294 29.74614863033098, -95.62685826394866 29.74623163124908, -95.62706887774618 29.74623549269564, -95.62707795266702 29.74622994883125))",-95.6269735106938,29.746014575980425,482014516051,large_multi_family,True,40,0.7732035928143712,55.7,2.8,2.8,2.5,2.2,1.92,2.0,1.8,2.36
ce1760af-3e56-4ce1-82a3-d5b922f2f626,hurricane-harvey_00000431,building_crops/hurricane-harvey_00000431_ce1760af.png,47,57,3209.471386091692,2.2015352000000004,"POLYGON ((499.0260596762398 834.3779789371965, 512.00264676432 834.0272603672483, 512.8794431891903 811.0551940356469, 525.6806709922965 812.1073497454912, 526.5574674171668 797.0264512377223, 500.4289339560323 797.0264512377223, 499.552137531162 833.6765417973003, 499.0260596762398 834.3779789371965))","POLYGON ((-95.55438121197518 29.74533810780402, -95.55431863417219 29.74534079401829, -95.5543168568382 29.7454376054701, -95.55425497529816 29.74543436815498, -95.5542523551444 29.74549795183587, -95.55437843201742 29.74549551666466, -95.55437874843427 29.74534111041488, -95.55438121197518 29.74533810780402))",-95.55432985449002,29.745432165287827,482014310012,commercial,False,0,0.878345498783455,128.4,3.037837837837838,3.037837837837838,2.5,2.2,1.92,2.0,1.8,2.478918918918919
88fba1af-0b43-4184-84f9-e1fc473487a3,hurricane-harvey_00000470,building_crops/hurricane-harvey_00000470_88fba1af.png,38,77,4720.256510103918,2.2015352000000004,"POLYGON ((32.23026691567063 821.1188069397876, 31.92353291539447 841.0565169577385, 32.84782805147192 848.7589764250502, 32.37 878.61, 14.92004589641003 878.3238404674298, 13.68763753529899 847.5136314396536, 16.7686584380766 843.200202175765, 16.7686584380766 821.0168516757662, 30.32515041029809 821.9411579465996, 31.79 820.68, 32.23026691567063 821.1188069397876))","POLYGON ((-95.62187744438252 29.7828972022024, -95.6218767359685 29.78281322498799, -95.62187142894645 29.78278088226067, -95.62187045801078 29.78265514859597, -95.62195471649832 29.78265468224741, -95.62196404779415 29.7827842907634, -95.62194964995066 29.78280274756324, -95.62195208552086 29.78289615067739, -95.62188654969489 29.78289355723212, -95.62187961763533 29.78289900763623, -95.62187744438252 29.7828972022024))",-95.62191479889366,29.78277050697347,482014504021,large_multi_family,True,40,0.8544,61.5,2.8,2.8,2.5,2.2,1.92,2.0,1.8,2.36
63e738b3-a8fa-425e-8bc0-bcb698db6681,hurricane-harvey_00000452,building_crops/hurricane-harvey_00000452_63e738b3.png,72,45,5190.213218518054,2.2015352000000004,"POLYGON ((487.3500574578334 590.3762003994996, 506.6163659973856 590.2279980261185, 507.801984984435 592.1546288800737, 508.2465921045785 592.7474383735984, 534.1820074462834 592.0064265066925, 537.8870667808126 593.4884502405042, 539.6654952613867 613.1993659001998, 532.4035789657094 614.0885801404869, 527.0682935239872 613.4957706469622, 526.3272816570814 615.5706038742986, 510.3214253319149 616.9044252347292, 506.6163659973856 612.3101516599129, 506.023556503861 607.5676757117154, 489.573093058551 608.4568899520024, 486.6090455909276 600.3057594160381, 487.3500574578334 590.3762003994996))","POLYGON ((-95.58333591763774 29.71560640939352, -95.58324299841661 29.71560884774452, -95.58323707148394 29.71560084697087, -95.58323486287382 29.71559839270907, -95.58310983771814 29.7156039551123, -95.58309180569057 29.71559806366897, -95.58308110079768 29.71551523480434, -95.58311603427336 29.71551080680309, -95.58314183410495 29.71551280053913, -95.58314518471151 29.71550399430668, -95.58322224846091 29.71549687080081, -95.58324061622093 29.71551586690872, -95.58324398737545 29.71553578012336, -95.58332324375952 29.71553048678681, -95.58333842083877 29.71556452943961, -95.58333591763774 29.71560640939352))",-95.58320475930172,29.715558590789318,482014524012,commercial,False,0,0.9377289377289377,207.6,2.8,2.8,2.5,2.2,1.92,2.0,1.8,2.36
7a183d8e-3680-4ec9-8140-b7e3f89423f0,hurricane-harvey_00000452,building_crops/hurricane-harvey_00000452_7a183d8e.png,32,39,1134.6900778137829,2.2015352000000004,"POLYGON ((426.5915027578669 959.4977755913844, 426.7340785090149 978.1039111161997, 427.8033966426249 979.1732292498098, 438.8530173565957 978.7455019963658, 439.4946082367617 977.3197444848856, 439.3520324856137 964.2027753792688, 436.2153659603575 963.7037602502508, 435.8589265824875 959.1413362135145, 426.5915027578669 959.4977755913844))","POLYGON ((-95.58358917477118 29.71404643552863, -95.58358647968788 29.71396810451576, -95.583581206321 29.71396370266638, -95.58352795310796 29.71396654429146, -95.58352501212228 29.71397260811864, -95.58352711496484 29.71402782602388, -95.58354229895095 29.71402963182046, -95.58354451050214 29.71404880915046, -95.58358917477118 29.71404643552863))",-95.5835585346017,29.71400448274589,482014524012,unknown_nonres,False,0,0.9377289377289377,11.3,2.8,2.8,2.5,2.2,1.92,2.0,1.8,2.36
d83c0535-f7ad-4a64-b794-211bf7b76695,hurricane-harvey_00000206,building_crops/hurricane-harvey_00000206_d83c0535.png,60,59,6150.662343239422,2.2015352000000004,"POLYGON ((1003.614229955518 259.6951495665471, 985.2668781590008 260.0734454798774, 985.6451740723311 256.4796343032399, 966.7303784058182 256.8579302165702, 967.1086743191485 261.2083332198682, 965.7846386224925 263.6672566565148, 964.4606029258366 293.3634858529401, 983.5645465490147 296.0115572462519, 985.8343220289962 282.2037564096975, 990.1847250322942 282.2037564096975, 990.3738729889593 289.9588226329678, 1002.857638128858 290.1479705896329, 1003.803377912183 272.3680626631108, 1004.938265652174 261.2083332198682, 1003.614229955518 259.6951495665471))","POLYGON ((-95.63970793372823 29.73922852408257, -95.63979641585664 29.73922516431263, -95.63979498720076 29.73924033319282, -95.63988620718364 29.73923691871559, -95.63988390186428 29.73921863692144, -95.639890018831 29.73920815562795, -95.6398931300464 29.73908298630683, -95.63980066362774 29.73907367588063, -95.63979123592374 29.73913203492988, -95.63977024574727 29.73913245388425, -95.63976847736862 29.73909981786613, -95.63970822383352 29.73910022361781, -95.63970562269841 29.73917518049937, -95.63970137843268 29.73922228002914, -95.63970793372823 29.73922852408257))",-95.63980365503245,29.73916183084439,482014516063,commercial,False,0,0.9409190371991247,246.0,3.316688567674113,3.316688567674113,2.5,2.2,1.92,2.0,1.8,2.6183442838370565
e99e8295-ad86-49e5-bacc-5c41e4efe89d,hurricane-harvey_00000025,building_crops/hurricane-harvey_00000025_e99e8295.png,82,93,10218.049174104668,1.9022960000000002,"POLYGON ((0 831.187325828326, 16.98964382639057 829.2582067712592, 19.88332241199083 856.265873570195, 36.52197427919234 853.5655322663996, 34.64384814319174 835.362155871317, 38.54457165642375 835.0732133888553, 37.53327296780805 827.2717663623913, 48.36861606011917 825.8270539500832, 49.52438598996568 833.7729722177779, 68.59458983243326 831.1724898756233, 71.19507217458792 852.1208198540915, 41.72293896350168 856.3104858497851, 42.30082392842494 865.1232315648648, 38.54457165642375 866.1345302534805, 36.76052411220785 876.772289833816, 36.55678010666146 876.8457580608501, 38.72801567578995 892.5122223424729, 0 897.4309512514282, 0 831.187325828326))","POLYGON ((-95.42057403621254 29.74881134898788, -95.42049224932343 29.74882097258327, -95.42047555262855 29.74870750547039, -95.42039553754451 29.74872034543107, -95.42040644261569 29.7487968295334, -95.4203876492369 29.74879839069695, -95.42039331874551 29.74883115137078, -95.4203411798788 29.74883819162831, -95.42033479863092 29.74880483537705, -95.42024304008153 29.74881746950855, -95.42022837166921 29.74872949084686, -95.42037016292619 29.74870924642775, -95.42036648248494 29.74867218914282, -95.42038450559996 29.74866759907699, -95.42039203774466 29.74862264850954, -95.42039301345746 29.748622321159, -95.42038095080505 29.74855654525578, -95.42056733136909 29.74853241329386, -95.42057403621254 29.74881134898788))",-95.42044092242884,29.748691424305942,482014112002,commercial,False,0,1.0,408.7,2.4647302904564317,2.4647302904564317,2.5,2.2,1.92,2.0,1.8,2.192365145228216
c119f875-e1d3-45f3-8578-859a490281c5,hurricane-harvey_00000098,building_crops/hurricane-harvey_00000098_c119f875.png,62,47,5079.504936463595,2.2015352000000004,"POLYGON ((247.8358407363073 765.1951414426231, 278.3577924369843 764.4596727269442, 278.9093939737435 756.3695168544756, 289.5736903510885 757.2888527490743, 289.3898231721687 737.7989317835818, 247.1003720206283 738.5344004992608, 246.7326376627888 765.0112742637034, 247.8358407363073 765.1951414426231))","POLYGON ((-95.66406871364762 29.863336296527, -95.66392140677378 29.8633423684616, -95.66391964821388 29.86337647348504, -95.66386804792332 29.86337364392385, -95.66387111624262 29.86345565851844, -95.66407524808551 29.86344843908826, -95.66407406153772 29.86333696283599, -95.66406871364762 29.863336296527))",-95.66397808558972,29.86339896032706,482015414043,commercial,False,0,0.9108433734939759,203.2,4.429447852760736,4.429447852760736,2.5,2.2,1.92,2.0,1.8,3.174723926380368
d40f30c8-ccf7-44eb-9324-e304a23c7d7a,hurricane-harvey_00000206,building_crops/hurricane-harvey_00000206_d40f30c8.png,60,59,5382.723855216943,2.2015352000000004,"POLYGON ((601.7804320542567 747.1604758956552, 621.092916028357 746.1948516969502, 621.092916028357 752.9542210878852, 626.4038491212345 753.4370331872378, 626.1624430715583 733.1589250144325, 633.6460306115222 730.2620524183175, 642.095242350191 729.779240318965, 641.6124302508385 769.6112385155468, 603.7116804516668 769.6112385155468, 601.7804320542567 747.1604758956552))","POLYGON ((-95.6415929071992 29.73713724731359, -95.64149983535663 29.73714317422928, -95.64149908903967 29.73711471260467, -95.64147341166021 29.73711319138603, -95.64147681532387 29.73719855299971, -95.64144102849059 29.73721147194233, -95.64140031618722 29.73721431905287, -95.64139824787605 29.73704655222975, -95.6415811104414 29.73704290016605, -95.6415929071992 29.73713724731359))",-95.64148037484927,29.737110981232156,482014516063,commercial,False,0,0.9409190371991247,215.3,3.316688567674113,3.316688567674113,2.5,2.2,1.92,2.0,1.8,2.6183442838370565
6fe73ce5-b8b7-4e9c-801c-153769c9e4a9,hurricane-harvey_00000098,building_crops/hurricane-harvey_00000098_6fe73ce5.png,45,60,4883.90722574682,2.2015352000000004,"POLYGON ((113.6126684975491 606.4702946237868, 138.458701366682 606.0880479642617, 139.6054413452574 647.370687192975, 125.844561602353 647.7529338525001, 125.844561602353 643.9304672572489, 113.2304218380239 643.1659739381986, 113.6126684975491 606.4702946237868))","POLYGON ((-95.66473463434743 29.86399127359878, -95.6646146960129 29.86399530600553, -95.66460453856409 29.86382166052035, -95.66467094675212 29.86381870941198, -95.66467137452571 29.86383479805378, -95.66473237347218 29.8638367853614, -95.66473463434743 29.86399127359878))",-95.66466980197856,29.86390947680993,482015414043,commercial,False,0,0.9108433734939759,195.4,4.429447852760736,4.429447852760736,2.5,2.2,1.92,2.0,1.8,3.174723926380368
d43ab04a-3add-47e1-950e-c57a40869ab7,hurricane-harvey_00000431,building_crops/hurricane-harvey_00000431_d43ab04a.png,128,49,7813.17108701869,2.2015352000000004,"POLYGON ((225.0631832013159 204.1733239806687, 331.3670127543982 220.8346305993637, 326.9083532367193 234.6799417332089, 306.4923859715578 234.2106091524006, 304.3803893579204 231.6292799579549, 302.7377253250913 234.9146080236131, 298.0443995170082 233.9759428619965, 297.3404006457957 230.9252810867424, 282.7910906407381 225.0586238266386, 283.2604232215464 228.5786181827009, 271.0577761205303 227.8746193114884, 269.8844446685096 222.711960922597, 267.0684491836597 223.4159597938095, 267.0684491836597 226.9359541498718, 264.0177874084056 227.4052867306801, 262.3751233755765 222.4772946321928, 254.3964695018353 222.2426283417887, 251.8151403073896 224.8239575362344, 241.4898235296068 221.0692968897679, 241.4898235296068 223.8852923746178, 235.3884999790987 224.1199586650219, 235.3884999790987 219.8959654377471, 222.7165202972743 217.0799699528973, 222.4818540068702 204.642656561477, 225.0631832013159 204.1733239806687))","POLYGON ((-95.55577049706693 29.74796620115031, -95.55525576144512 29.74790595743011, -95.55527579672855 29.74784724255689, -95.55537436137493 29.74784731514951, -95.55538482835924 29.74785798754685, -95.55539240375612 29.74784400068216, -95.55541515106762 29.74784751553202, -95.55541887410416 29.74786029545895, -95.55548970675126 29.74788364178871, -95.55548706590251 29.74786886374017, -95.555546023365 29.74787069020336, -95.55555223681458 29.74789231944716, -95.55556574979279 29.74788909248795, -95.55556537363404 29.74787427067543, -95.55558004403731 29.74787200995263, -95.55558849711835 29.74789260730697, -95.5556270221231 29.74789285138954, -95.55563920212386 29.74788174134036, -95.55568942680657 29.74789658837829, -95.5556891258649 29.74788473092943, -95.55571854190224 29.74788317381708, -95.55571899331997 29.74790095998994, -95.55578044121343 29.74791163566436, -95.55578290277418 29.7479639841743, -95.55577049706693 29.74796620115031))",-95.55551943181526,29.747904836853213,482014310021,vacant,False,0,0.9722222222222222,0.0,4.247126436781609,4.247126436781609,2.5,2.2,1.92,2.0,1.8,3.0835632183908044
08db38e3-12ce-451b-bf76-77c633d949f7,hurricane-harvey_00000477,building_crops/hurricane-harvey_00000477_08db38e3.png,71,86,9321.822356358254,2.2015352000000004,"POLYGON ((702.9529897835351 919.7002749542563, 689.9918022877147 904.6652974591045, 673.9199297928973 915.5526949555938, 686.362669788885 932.6614624500768, 673.4014822930645 943.5488599465659, 674.4383772927301 949.7702299445598, 692.065592287046 970.5081299378726, 694.6578297862101 971.5450249375382, 725.2462322763464 948.7333349448942, 725.7646797761793 944.5857549462316, 705.5452272826993 921.2556174537548, 702.9529897835351 919.7002749542563))","POLYGON ((-95.59302669567175 29.74854042202022, -95.59309086701606 29.74860250225615, -95.5931672373348 29.74855513873827, -95.59310534274785 29.74848427753313, -95.59316670314247 29.74843720836063, -95.59316102523933 29.74841111062729, -95.59307372087277 29.74832545906213, -95.59306110025993 29.74832133836651, -95.59291597711935 29.74842028404344, -95.59291392518853 29.74843779699951, -95.59301401881693 29.74853411833408, -95.59302669567175 29.74854042202022))",-95.59305413638492,29.74845475682235,482014513021,commercial,False,0,0.9543080939947781,372.9,2.8707386363636362,2.8707386363636362,2.5,2.2,1.92,2.0,1.8,2.3953693181818183
f892016e-2b63-40b1-9916-60035110ccad,hurricane-harvey_00000073,building_crops/hurricane-harvey_00000073_f892016e.png,56,58,3548.4873885163406,2.2015352000000004,"POLYGON ((829.44944448559 490.5145701589957, 848.2227477179224 470.5679354746425, 861.5987262709592 482.3012499948503, 866.8245950437199 487.0187955521417, 849.8654117507515 509.2878733913281, 829.44944448559 490.983902739804, 829.44944448559 490.5145701589957))","POLYGON ((-95.67570737237418 29.58329058163095, -95.67561908714876 29.58337645770512, -95.67555329814437 29.58332831634723, -95.67552758017467 29.58330894563134, -95.67560686147506 29.58321345969121, -95.67570732017123 29.58328860396188, -95.67570737237418 29.58329058163095))",-95.67561616460588,29.583296260239408,,commercial,False,0,,141.9,,,,,,,,
6235aba8-fe26-41a7-9b18-a94699d6cd11,hurricane-harvey_00000206,building_crops/hurricane-harvey_00000206_6235aba8.png,38,47,2130.6793967537683,2.2015352000000004,"POLYGON ((687.0844391458058 366.0777406798989, 695.4069492390715 363.8079651999173, 705.2426429856582 366.4560365932291, 705.2426429856582 391.8018627863564, 700.8922399823603 391.4235668730261, 699.5682042857044 387.8297556963887, 686.3278473191453 387.6406077397235, 687.0844391458058 366.0777406798989))","POLYGON ((-95.6412234070396 29.73875008911878, -95.6411835027151 29.73876044834525, -95.64113575453318 29.73875024581587, -95.64113295625334 29.73864352233457, -95.64115398807049 29.73864469605807, -95.6411607731213 29.73865970091937, -95.64122467677765 29.73865922162149, -95.6412234070396 29.73875008911878))",-95.64117797727793,29.73870482126431,482014516063,commercial,False,0,0.9409190371991247,85.2,3.316688567674113,3.316688567674113,2.5,2.2,1.92,2.0,1.8,2.6183442838370565
88d5a922-89c8-43de-969b-75870fdad14a,hurricane-harvey_00000356,building_crops/hurricane-harvey_00000356_88d5a922.png,34,30,759.0917408850747,2.2015352000000004,"POLYGON ((290.4893358950522 319.2031695213203, 305.6672258437983 318.444275023883, 305.4142610113192 329.3217628204844, 291.5011952249686 329.8276924854426, 290.4893358950522 319.2031695213203))","POLYGON ((-95.57531720962284 29.75141626872698, -95.5752440510481 29.75142089062414, -95.57524410020224 29.75137506521218, -95.575311182633 29.75137162734219, -95.57531720962284 29.75141626872698))",-95.57527905021783,29.751396298738772,482014511003,unknown_nonres,False,0,0.9426605504587156,7.6,2.8,2.8,1.5714285714285714,2.2,1.92,2.0,1.8,2.36
20b6f4a7-b4b8-4a4b-998b-1231364ad834,hurricane-harvey_00000006,building_crops/hurricane-harvey_00000006_20b6f4a7.png,92,98,8269.71248575594,1.9022960000000002,"POLYGON ((218.1225068498307 642.4880008749636, 227.7690526397522 664.6183118047837, 237.2264504730087 659.5113169748251, 242.144297346302 670.1036025480724, 251.6016951795585 666.8880872847652, 254.6280624862005 674.4540055513704, 249.1427717429118 678.4261126413381, 260.3025011861544 701.691311311149, 271.8405265427273 695.2602807845345, 287.539806945933 685.9920309079432, 259.9242052728242 640.218225394982, 250.2776594829026 645.5143681816056, 247.6295880895908 639.0833376549913, 257.6544297928426 634.3546387383631, 252.9257308762144 626.4104245584276, 241.3877055196415 631.5174193883861, 239.11793003966 627.1670163850881, 230.2279760763989 630.5716796050605, 218.1225068498307 642.4880008749636))","POLYGON ((-95.4783516476708 29.771761523712, -95.47830279258393 29.7716692110932, -95.47825767576612 29.77169157130372, -95.4782328408556 29.7716474146797, -95.4781875278375 29.77166181028508, -95.47817213617688 29.77163022581614, -95.47819819916376 29.77161300382631, -95.47814192314515 29.77151604931392, -95.47808690145204 29.7715441729458, -95.47801208952608 29.77158461996049, -95.47815012514533 29.77177486399473, -95.47819613533832 29.77175169024322, -95.47820958344653 29.77177853019132, -95.47816168852313 29.77179934880562, -95.47818533584237 29.77183237214398, -95.47824049499481 29.77180982367153, -95.47825190143969 29.77182793680804, -95.47829445610276 29.77181279607008, -95.4783516476708 29.771761523712))",-95.47818145182612,29.77168457589634,482014316001,commercial,False,0,0.847457627118644,330.8,2.3544600938967135,2.3544600938967135,2.5,2.2,1.92,2.0,1.8,2.137230046948357
00a02f31-366e-491c-8abc-0ec3f40b5169,hurricane-harvey_00000156,building_crops/hurricane-harvey_00000156_00a02f31.png,59,72,7037.836203383673,2.2015352000000004,"POLYGON ((810.8214214067478 498.6707689102649, 838.3803433525703 502.402706257095, 835.5096223165472 519.3399603696317, 829.4811081408985 523.9331140272689, 827.7586755192846 535.1289260677593, 841.5381364921958 536.5642865857709, 840.6769201813888 551.4920359730914, 801.3480419878713 546.3247381082497, 810.8214214067478 498.6707689102649))","POLYGON ((-95.63680052439813 29.78141977572671, -95.63666708767354 29.78140671606797, -95.63667907439662 29.78133512221477, -95.63670766639643 29.78131520128652, -95.63671474430733 29.78126789340536, -95.63664807358772 29.78126317669658, -95.63665058248219 29.78120023776508, -95.63684098992032 29.781218207652, -95.63680052439813 29.78141977572671))",-95.63674738467802,29.781304590610354,482014505001,commercial,False,0,0.9020979020979021,281.5,3.365979381443299,3.365979381443299,2.5,2.2,1.92,2.0,1.8,2.6429896907216497
754a7d60-dc1a-4d68-9edd-f0506e8ab9ad,hurricane-harvey_00000391,building_crops/hurricane-harvey_00000391_754a7d60.png,65,74,4055.792851402544,2.2015352000000004,"POLYGON ((429.2482954817306 418.2211205894069, 449.0420039072599 416.6466210555579, 453.5405740039711 422.269833676447, 456.2397160619979 425.1939042393092, 456.0147875571623 429.0176888215138, 452.4159314797933 427.6681177925004, 450.3915749362733 425.1939042393092, 449.2669324120955 423.3944762006248, 446.1179333443977 421.8199766667759, 443.4187912863709 423.6194047054603, 441.1695062380153 426.0936182586515, 438.4703641799886 427.6681177925004, 436.6709361413041 427.6681177925004, 431.2726520252507 428.3429033070071, 429.2482954817306 428.7927603166782, 427.6737959478817 429.4675458311849, 427.2239389382106 432.8414734037183, 426.549153423704 435.7655439665805, 426.549153423704 440.4890425681273, 426.549153423704 443.1881846261541, 426.549153423704 444.9876126648385, 426.549153423704 447.4618262180297, 418.4517272496238 447.2368977131941, 418.2267987447882 419.3457631135847, 420.9259408028149 418.8959061039135, 421.375797812486 413.2726934830246, 413.5033001432415 411.023408434669, 410.5792295803791 407.8744093669711, 414.4030141625837 392.8041995429886, 422.950297346335 394.3786990768375, 425.4245108995261 396.4030556203576, 427.4488674430462 398.4274121638776, 429.4732239865662 401.1265542219043, 430.3729380059085 403.825696279931, 430.3729380059085 405.1752673089444, 430.3729380059085 411.023408434669, 430.3729380059085 413.9474789975312, 429.2482954817306 418.2211205894069))","POLYGON ((-95.60461874649381 29.76336669402451, -95.60452339520481 29.76337520563492, -95.60450107265936 29.76335195639984, -95.60448772816068 29.763339901014, -95.60448839694716 29.76332377929021, -95.60450591180759 29.76332911957962, -95.60451595082175 29.76333934496607, -95.60452157435338 29.76334681466226, -95.60453694275746 29.76335314479907, -95.60454977250325 29.76334531152837, -95.60456035773576 29.76333467979457, -95.60457321198986 29.76332779360042, -95.60458189588402 29.76332762250384, -95.60460787402731 29.76332426797494, -95.60461759438162 29.76332218133155, -95.60462511924912 29.76331919038383, -95.60462692252624 29.76330494143032, -95.6046298603155 29.76329256524647, -95.60462934554099 29.76327267659643, -95.60462905138436 29.7632613116535, -95.60462885528004 29.76325373502488, -95.60462858563672 29.76324331716052, -95.60466768763872 29.76324349428559, -95.60467181279523 29.76336091063683, -95.60465883597745 29.76336306144767, -95.6046572778388 29.76338678118668, -95.60469551503287 29.76339550339454, -95.60470996956415 29.76340848444763, -95.60469315870186 29.76347230230571, -95.60465173855407 29.76346648549795, -95.60463957756369 29.76345819705603, -95.60462958755136 29.76344986583772, -95.60461952400128 29.76343869338287, -95.60461488789254 29.76342741399, -95.6046147408141 29.76342173151861, -95.60461410347469 29.76339710747587, -95.60461378480527 29.76338479545446, -95.60461874649381 29.76336669402451))",-95.60463012572843,29.763366229423017,482014507001,commercial,False,0,0.8839103869653768,162.2,3.5920398009950247,3.5920398009950247,2.5,2.2,1.92,2.0,1.8,2.7560199004975123
9f98c693-fad3-4478-bccb-bed430b171c6,hurricane-harvey_00000431,building_crops/hurricane-harvey_00000431_9f98c693.png,71,56,9941.553092021806,2.2015352000000004,"POLYGON ((0 61.91913480822372, 4.011369565906854 62.54978349222458, 5.53032205830108 60.34039804874207, 7.739707501783592 60.34039804874207, 8.568227043089534 61.85935054113629, 21.68645311376694 62.68787008244224, 21.13410675289632 59.64996509765378, 26.10522400073197 59.23570532700082, 26.38139718116728 62.96404326287755, 31.62868760943825 62.82595667265989, 31.62868760943825 60.61657122917738, 34.11424623335608 60.47848463895973, 34.52850600400905 62.54978349222458, 47.37055889425114 62.96404326287755, 47.23247230403349 60.34039804874207, 54.27488840513399 60.20231145852441, 54.41297499535165 61.44509077048333, 60.48878496492856 62.27361031178927, 61.28700407986074 90.34547144550623, 54.21032574910983 95.24830146829419, 34.19168881874499 95.47322997312973, 0 96.44133961786352, 0 61.91913480822372))","POLYGON ((-95.55687171915059 29.74854420340091, -95.55685229528808 29.74854192216612, -95.55684520197293 29.74855136704262, -95.55683454081957 29.74855157317916, -95.55683038048186 29.74854525455951, -95.55676699130278 29.74854298979122, -95.55676998139371 29.74855573010042, -95.55674603808691 29.74855793823496, -95.55674430682502 29.74854226492212, -95.55671900134934 29.74854333592297, -95.55671923756476 29.74855263908106, -95.5567072585293 29.74855345242059, -95.55670503811201 29.74854476935837, -95.55664302586472 29.74854422310692, -95.55664397268444 29.74855525772527, -95.55661000501387 29.74855649617835, -95.55660920582612 29.74855127603385, -95.55657979907274 29.74854835417035, -95.55657294623767 29.74843022518135, -95.55660656980014 29.74840892042349, -95.5567031434221 29.74840610570329, -95.5568680280188 29.74839883922469, -95.55687171915059 29.74854420340091))",-95.55672488885544,29.74847672947073,482014310021,commercial,False,0,0.9722222222222222,397.7,4.247126436781609,4.247126436781609,2.5,2.2,1.92,2.0,1.8,3.0835632183908044
73b2ff0d-21be-4946-9268-8a8c8f5c34a9,hurricane-harvey_00000356,building_crops/hurricane-harvey_00000356_73b2ff0d.png,31,49,1597.4468674426412,2.2015352000000004,"POLYGON ((120.345621514646 232.7531579670612, 130.3541064159194 232.1074492637532, 131.6455238225353 262.7786126708813, 119.699912811338 262.1329039675734, 120.345621514646 232.7531579670612))","POLYGON ((-95.57614754511631 29.75176428888253, -95.57609931900068 29.75176794867982, -95.57608978285396 29.75163892367515, -95.57614749558536 29.75164051951323, -95.57614754511631 29.75176428888253))",-95.57612077580718,29.751701078442068,482014511003,unknown_nonres,False,0,0.9426605504587156,16.0,2.8,2.8,1.5714285714285714,2.2,1.92,2.0,1.8,2.36
f58ee422-9238-4a2d-9b95-ba23b6d7d42e,hurricane-harvey_00000508,building_crops/hurricane-harvey_00000508_f58ee422.png,53,61,5863.186894645176,2.2015352000000004,"POLYGON ((953.465663909791 732.9604121318918, 954.7387910754409 706.8613052360719, 987.2035337995095 707.1795870274843, 987.8400973823343 748.5562199111012, 971.6077260203 747.6013745368639, 972.8808531859497 742.1905840828524, 960.1495815294522 742.1905840828524, 960.1495815294522 732.9604121318918, 953.465663909791 732.9604121318918))","POLYGON ((-95.61721774583025 29.86263203244037, -95.61721446658595 29.862742003116, -95.61705766412531 29.86274377344917, -95.61705004292699 29.86256968400412, -95.6171285314749 29.86257214791997, -95.61712297840555 29.86259504339351, -95.61718445575679 29.86259382380187, -95.61718547020986 29.86263267273842, -95.61721774583025 29.86263203244037))",-95.61712852954119,29.862664487952266,482015407003,commercial,False,0,1.0,234.5,1.6143250688705235,1.6143250688705235,2.5,2.2,1.92,2.0,1.8,1.7671625344352617
e86b3e10-57a0-48ea-9a46-1a00d7ff4940,hurricane-harvey_00000351,building_crops/hurricane-harvey_00000351_e86b3e10.png,62,70,6549.94090078964,2.2015352000000004,"POLYGON ((991.9003494248869 210.3923033616076, 983.4734982673652 191.3402920489499, 981.2751892697509 175.2193593997781, 982.3743437685581 166.7925082422564, 999.5944309165371 171.9218959033566, 1001.426355081216 176.3185138985853, 1014.249824233966 172.654665569228, 1017.180902897452 178.1504380632639, 1016.081748398645 183.279825724364, 1024 201.9654522040859, 1003.62466407883 217.7200000203221, 997.7625067518585 209.2931488628004, 991.9003494248869 210.3923033616076))","POLYGON ((-95.5822693187465 29.76899455542257, -95.58231204807481 29.76907398217367, -95.58232439998892 29.76914165445364, -95.58232000588548 29.76917724058565, -95.58223634250034 29.76915726617641, -95.58222702596899 29.76913892629291, -95.58216553221732 29.76915556251406, -95.58215079208487 29.76913269810368, -95.58215554259606 29.76911099642982, -95.58211530760602 29.76903306438832, -95.58221194206642 29.76896480650577, -95.58224114514205 29.76899973629218, -95.5822693187465 29.76899455542257))",-95.58222621505561,29.76907622487488,482014507002,commercial,False,0,1.0,262.0,3.4884233737596473,3.4884233737596473,2.5,2.2,1.92,2.0,1.8,2.7042116868798236
2afccd5a-3345-440a-acc3-7107b32c852b,hurricane-harvey_00000477,building_crops/hurricane-harvey_00000477_2afccd5a.png,71,73,8615.976495382441,2.2015352000000004,"POLYGON ((108.9309563420359 831.7308411124079, 109.337173524095 848.7919627588929, 120.3050374396925 850.0106143050704, 120.7112546217517 854.072786125662, 114.6179968908642 855.6976548538987, 113.3993453446867 857.3225235821353, 119.8988202576333 884.1328575980403, 124.7734264423433 885.757726326277, 160.5205384635499 877.2271655030345, 153.6148463685441 844.7297909383012, 150.3651089120708 843.9173565741829, 129.6480326270533 847.9795283947745, 129.6480326270533 834.9805785688812, 128.0231638988166 832.9494926585854, 112.9931281626275 831.3246239303487, 110.1496078882134 832.5432754765262, 108.9309563420359 831.7308411124079))","POLYGON ((-95.59590254870436 29.74885459006531, -95.59589873656446 29.74878279073844, -95.59584568153048 29.74877869839092, -95.595843280478 29.74876163262877, -95.59587250561673 29.74875421375597, -95.5958782095379 29.74874725662386, -95.59584393765232 29.74863498429187, -95.5958202400868 29.7486286043305, -95.59564867729384 29.74866790917024, -95.59568552637563 29.74880408902848, -95.59570129538092 29.74880720206843, -95.59580081966105 29.7487881355044, -95.59580223068318 29.74884286907524, -95.59581029156864 29.74885126728446, -95.59588299176868 29.74885668528003, -95.59589658020268 29.74885128465494, -95.59590254870436 29.74885459006531))",-95.59578092259754,29.74873710405885,482014513021,commercial,False,0,0.9543080939947781,344.6,2.8707386363636362,2.8707386363636362,2.5,2.2,1.92,2.0,1.8,2.3953693181818183
424bdc67-f74c-42c0-9257-a64ada5daed6,hurricane-harvey_00000508,building_crops/hurricane-harvey_00000508_424bdc67.png,65,76,7597.9146561720245,2.2015352000000004,"POLYGON ((215.4710868667331 979.7804368549098, 217.2167616499079 963.5705995825732, 222.2044038875499 964.3187459182195, 224.947607118253 940.876827401302, 244.648793956939 940.1286810656557, 246.3944687401137 924.4176080170832, 261.6067775649219 925.6645185764937, 261.6067775649219 943.3706485201229, 252.8784036490483 943.3706485201229, 253.1277857609304 954.8422256666996, 248.6389077470526 954.8422256666996, 248.6389077470526 963.5705995825732, 255.6216068797515 964.0693638063374, 255.1228426559873 981.0273474143203, 215.4710868667331 979.7804368549098))","POLYGON ((-95.62075423932696 29.86152244677861, -95.62074759375483 29.86159083974556, -95.62072342717461 29.86158816930547, -95.6207127606188 29.86168709703382, -95.62061771007798 29.86169213565706, -95.62061100952292 29.86175842937505, -95.62053741522428 29.86175464038666, -95.6205354667911 29.86168011712008, -95.62057761426594 29.86167927992264, -95.62057514767147 29.86163102116406, -95.62059682350461 29.86163059060117, -95.62059586299151 29.8615938537808, -95.62056209015527 29.86159242429583, -95.62056263246808 29.86152100205963, -95.62075423932696 29.86152244677861))",-95.62063923527768,29.861620236501157,482015407003,commercial,False,0,1.0,303.9,1.6143250688705235,1.6143250688705235,2.5,2.2,1.92,2.0,1.8,1.7671625344352617
3c23faf5-083c-4f42-83ff-0309eeeb245d,hurricane-harvey_00000159,building_crops/hurricane-harvey_00000159_3c23faf5.png,57,84,7687.716814554767,2.2015352000000004,"POLYGON ((99.82091532856475 424.1062433644074, 101.3789265700365 425.0836284657486, 104.8191465057626 447.2539347182056, 114.480986138002 463.3045707453226, 110.8793674920431 467.91464261215, 115.7775688505472 475.8382036332595, 100.2185763000049 486.9311890628128, 96.5113061080094 487.540420091718, 81.43419743659064 474.1181160305769, 84.74380665714598 463.2699524743122, 77.94072103711557 463.6376868321516, 81.15333333333334 458.0800000000001, 81.10192834664495 455.5363421712827, 80.84995468525824 454.6617808590696, 80.40936427864213 453.659355275426, 78.16675479563997 453.3027904486585, 77.67307422391539 447.3876632808069, 78.1245882160353 442.6768284353012, 81.61806461551038 442.125226898542, 82.35353333118935 423.0030402908889, 99.82091532856475 424.1062433644074))","POLYGON ((-95.63529792839093 29.78176388214677, -95.6352903001059 29.7817599166655, -95.6352712478522 29.78166689565325, -95.6352228395984 29.78160024153873, -95.63523971565543 29.78158048328276, -95.63521519801863 29.7815475911634, -95.63528907608153 29.78149938436568, -95.63530690358022 29.78149646221345, -95.63538116091428 29.78155152791635, -95.63536638280075 29.78159752471629, -95.63539918025685 29.78159532139578, -95.6353842865127 29.78161903233005, -95.6353848153472 29.78162973792276, -95.63538612812006 29.78163339616816, -95.63538836544429 29.78163757465222, -95.63539922972302 29.78163886014566, -95.63540226545737 29.78166371935597, -95.63540060589776 29.78168359866203, -95.63538380397952 29.7816862575879, -95.63538236415822 29.78176684588772, -95.63529792839093 29.78176388214677))",-95.63531713459217,29.78162992627526,482014505001,commercial,False,0,0.9020979020979021,307.5,3.365979381443299,3.365979381443299,2.5,2.2,1.92,2.0,1.8,2.6429896907216497
cb8e7ebf-50e5-4b29-b414-dfbc029f8b8a,hurricane-harvey_00000080,building_crops/hurricane-harvey_00000080_cb8e7ebf.png,59,81,7181.3881549321495,2.2015352000000004,"POLYGON ((189.2 21.23, 188.8532794672993 22.44224824299134, 188.7640502204443 25.25296951892669, 189.48 26.06, 195.7286255306047 53.45746994868219, 174.2630335199231 56.38459613195695, 177.678014067077 73.45949886772641, 162.0666744229449 76.38662505100116, 158.1638395119119 58.82386795135258, 159.6274026035493 55.4088874041987, 155.2367133286372 27.11333429920933, 177.1901597031978 23.69835375205544, 175.7265966115605 17.35624702162679, 186.9472469807804 14.91697520223115, 189.2 21.23))","POLYGON ((-95.62820768545333 29.62665300858016, -95.62820922448367 29.62664786900203, -95.62820934717612 29.62663602068012, -95.62820580704248 29.62663268960674, -95.62817268285494 29.62651787866237, -95.62827585544808 29.62650349667438, -95.62825752254561 29.62643189733632, -95.62833246974296 29.62641807490944, -95.62835320818088 29.62649168262081, -95.6283465254926 29.62650620768049, -95.62837079038715 29.62662497923337, -95.62826531895375 29.62664146295797, -95.62827306918005 29.62666803834257, -95.62821923744062 29.62667938602783, -95.62820768545333 29.62665300858016))",-95.62827842423012,29.626554634013623,,commercial,False,0,,287.3,,,,,,,,
d2e00d1a-1543-4429-8d5c-969d0515b25a,hurricane-harvey_00000024,building_crops/hurricane-harvey_00000024_d2e00d1a.png,183,77,28856.658229460958,1.9022960000000002,"POLYGON ((165.1537611793302 613.0933828374066, 323.5182355820991 607.5475452124068, 325.4253348413428 633.7400859783359, 326.1663467082486 636.2595263258157, 326.3145490816298 657.7488704660855, 166.665192102808 662.8607956895453, 165.4855170512404 644.7724448988413, 167.0584171199972 640.8401947269492, 164.6990670168619 612.5279934893256, 165.1537611793302 613.0933828374066))","POLYGON ((-95.38572064801409 29.77193225484929, -95.384956831478 29.7719694009266, -95.38494501203039 29.77185927412651, -95.38494118393685 29.77184872966966, -95.3849383235661 29.77175825415303, -95.38570838351018 29.77172282348103, -95.38571588352583 29.77179888802157, -95.38570868433882 29.77181558315003, -95.38572289911912 29.77193459600834, -95.38572064801409 29.77193225484929))",-95.38532931013748,29.77184554376107,482015102023,large_multi_family,True,40,1.0,72.0,3.7289719626168223,3.7289719626168223,2.5,2.2,1.92,2.0,1.8,2.824485981308411
2c440cc7-b902-479e-822d-f377d1aeceba,hurricane-harvey_00000080,building_crops/hurricane-harvey_00000080_2c440cc7.png,50,63,4710.020781993625,2.2015352000000004,"POLYGON ((509.8539140869248 49.56991803336459, 513.7474174641051 75.81238770739643, 487.3913946031929 80.30489160414284, 486.7923940836267 66.82737991390364, 490.98539772059 64.4313778356389, 489.7873966814576 58.74087289976013, 483.1983909662295 57.84237212041085, 482.5993904466633 43.16685939103929, 487.6908948629759 42.56785887147311, 490.3863972010238 38.6743554942929, 499.3714049945166 36.87735393559434, 507.7574122684432 42.86735913125619, 509.8539140869248 49.56991803336459))","POLYGON ((-95.62665860290889 29.62656427190477, -95.62663696160833 29.6264541007708, -95.62676354170813 29.6264326588103, -95.62676790340585 29.62648937389273, -95.62674794949693 29.62649986732503, -95.62675434770198 29.62652372340463, -95.62678621380502 29.62652687874256, -95.6267907065223 29.62658864024966, -95.6267662241177 29.62659164988409, -95.62675365390798 29.62660830828795, -95.62671053056063 29.62661673630414, -95.62666944374243 29.62659230530338, -95.62665860290889 29.62656427190477))",-95.62671406143627,29.626524237468846,,commercial,False,0,,188.4,,,,,,,,
a1989505-57e4-498b-8ed5-37d95b83662e,hurricane-harvey_00000025,building_crops/hurricane-harvey_00000025_a1989505.png,66,87,6605.101624042489,1.9022960000000002,"POLYGON ((876.4155617891083 470.9335822058537, 907.6729318233248 464.5218139937067, 918.0920551680637 513.9458606290063, 902.5969486553752 516.083116699722, 905.0013617349302 525.1664550002636, 884.964586071971 529.9752811593738, 881.491544957058 513.9458606290063, 893.2464533459942 511.5414475494512, 891.9106683017968 504.3282083107859, 882.0258589747369 506.732621390341, 874.2783057183926 471.4678962235326, 876.4155617891083 470.9335822058537))","POLYGON ((-95.41638135751793 29.75040563378369, -95.41623117262041 29.75043538825576, -95.41617590130532 29.75022819369882, -95.41625045701652 29.75021782804464, -95.41623793673716 29.75017979221021, -95.41633413827506 29.7501577767175, -95.41635251711723 29.75022496665433, -95.41629603674218 29.75023612752768, -95.41630321142271 29.75026638302433, -95.41635066764593 29.75025538703886, -95.41639161687638 29.75040319546065, -95.41638135751793 29.75040563378369))",-95.41628339652686,29.750305840615283,482014111001,commercial,False,0,0.794314381270903,264.2,2.7263157894736842,2.7263157894736842,2.5,2.2,1.92,2.0,1.8,2.323157894736842
3f7f7fcd-a728-4a1b-8970-672f6b377dc4,hurricane-harvey_00000452,building_crops/hurricane-harvey_00000452_3f7f7fcd.png,68,76,10360.892146020795,2.2015352000000004,"POLYGON ((269.2367913000585 370.503310748624, 270.8670174072514 365.9090371738077, 278.8699455698346 365.1680253069019, 281.6857906640769 366.3536442939512, 284.5016357583191 369.4658941349558, 292.3563615475211 368.1320727745253, 292.3563615475211 363.0931920795655, 295.1722066417634 358.4989185047492, 305.8427775252077 358.6471208781304, 308.5104202460687 361.4629659723726, 309.1032297395935 367.8356680277629, 317.2543602755579 367.6874656543818, 317.9953721424637 373.4673582162474, 314.1421104345533 375.9867985637273, 315.6241341683649 402.6632257723381, 313.9939080611721 404.8862613730556, 312.6600867007415 404.7380589996744, 312.8082890741227 407.2574993471544, 303.7679442978713 408.5913207075849, 304.5089561647771 413.4819990291635, 303.7679442978713 414.5194156428317, 290.7261354403283 415.5568322564999, 290.8743378137095 412.2963800421142, 282.5750049043639 413.4819990291635, 273.8310648748748 410.8143563083024, 270.2742079137267 404.7380589996744, 271.7562316475384 391.6962501421314, 269.2367913000585 386.2127623270281, 269.2367913000585 370.503310748624))","POLYGON ((-95.58441176430266 29.71651167800543, -95.58440439635737 29.71653117658086, -95.58436587215846 29.71653505072056, -95.58435216124369 29.71653032375287, -95.5843382423913 29.71651748436998, -95.58430049706588 29.71652384065546, -95.58430104089824 29.71654505773805, -95.58428795378958 29.71656466800553, -95.58423646553771 29.71656504923444, -95.58422329357555 29.71655344394086, -95.58421974623926 29.71652666641694, -95.58418044316116 29.71652805833704, -95.58417624492265 29.71650379090022, -95.58419456021178 29.71649281935858, -95.58418453231856 29.71638063323077, -95.58419215620727 29.71637111917586, -95.5841986062217 29.71637161755416, -95.58419761942709 29.71636102297326, -95.58424108382897 29.7163545550264, -95.5842369815538 29.71633403178274, -95.58424044404602 29.71632959375086, -95.58430324247016 29.71632399688001, -95.58430287946831 29.71633773954298, -95.58434278539221 29.71633196540584, -95.58438525186467 29.71634237419667, -95.58440306506297 29.71636762439907, -95.58439732376348 29.71642267882419, -95.5844100687569 29.7164455306355, -95.58441176430266 29.71651167800543))",-95.58429596018043,29.716441682665526,482014521012,commercial,False,0,0.9442148760330579,414.4,2.3513909224011713,2.3513909224011713,2.5,2.2,1.92,2.0,1.8,2.1356954612005854
5cc6ad43-eb83-489f-a391-f5a816ea3473,hurricane-harvey_00000006,building_crops/hurricane-harvey_00000006_5cc6ad43.png,68,57,4383.3950953967515,1.9022960000000002,"POLYGON ((823.81 263.98, 824.22 287.58, 790.3355649206984 294.7900335101485, 790.43 295.23, 782.0926358016874 296.4614755999295, 778.1205287117198 268.8458739268207, 822.7594464846902 261.0908077035504, 823.81 263.98))","POLYGON ((-95.4754674820239 29.7734101169576, -95.47546305773037 29.77331077971551, -95.47562585833789 29.77327735676457, -95.47562535694355 29.77327551270172, -95.4756654707135 29.77326957351529, -95.47568750431861 29.77338549750544, -95.4754728520382 29.77342218773144, -95.4754674820239 29.7734101169576))",-95.47557239406524,29.773347477262895,482014301021,commercial,False,0,0.7037552155771906,175.3,4.566844919786096,4.566844919786096,2.5,2.2,1.92,2.0,1.8,3.243422459893048
18bcc607-3d8f-4677-b473-b5f63d809270,hurricane-harvey_00000381,building_crops/hurricane-harvey_00000381_18bcc607.png,45,73,6199.348226105935,2.2015352000000004,"POLYGON ((225.4408200742145 218.313998570255, 251.1754451035965 219.4749590978962, 251.1754451035965 272.1051696843015, 228.1497279720442 270.7507157353867, 225.4408200742145 218.313998570255))","POLYGON ((-95.5894682634509 29.71274008033856, -95.58934400551983 29.71273762089518, -95.58933831511695 29.71251601300325, -95.58944952715618 29.71251954288718, -95.5894682634509 29.71274008033856))",-95.58940007893827,29.71263036620662,482014525012,commercial,False,0,0.9586894586894587,248.0,1.0,1.0,2.5,2.2,1.92,2.0,1.8,1.46
12371724-c4e1-4d3e-be8b-275fd82dfad5,hurricane-harvey_00000024,building_crops/hurricane-harvey_00000024_12371724.png,122,159,48119.17111787756,1.9022960000000002,"POLYGON ((473.8012839220294 246.3944250652997, 475.2989273484335 313.7069616775321, 475.1097793917684 315.2201453308531, 474.1640396084427 316.7333289841741, 474.5099618441412 377.5329787809566, 572.7622240623763 375.8431364332229, 568.8535868704762 359.7390744164161, 572.3109561170222 344.9087800167579, 572.5839063206969 337.5391245175413, 570.3093212900745 325.8022657595296, 572.8568565243717 308.5154195267992, 574.3458225058918 240.8365519972024, 475.1279360889517 241.0779580468786, 474.1623118902467 244.9404548416987, 473.8012839220294 246.3944250652997))","POLYGON ((-95.38426750789715 29.77350324882533, -95.38425356158852 29.77321993609065, -95.38425432354201 29.77321354783043, -95.38425873734938 29.77320709369917, -95.38425100013627 29.7729511054814, -95.38377693406804 29.77296677434594, -95.38379740671459 29.77303424596568, -95.38378219870368 29.7730969951119, -95.38378161656682 29.773128051411, -95.38379376640356 29.77317727561135, -95.3837831949952 29.77325028974001, -95.38378276097659 29.77353540513639, -95.38426163507661 29.77352575118372, -95.38426591041576 29.77350940271103, -95.38426750789715 29.77350324882533))",-95.38402208986349,29.773246767511054,482015102023,commercial,False,0,1.0,1924.8,3.7289719626168223,3.7289719626168223,2.5,2.2,1.92,2.0,1.8,2.824485981308411
8c22f829-20d7-4e50-988b-3292b925f4d9,hurricane-harvey_00000452,building_crops/hurricane-harvey_00000452_8c22f829.png,67,80,10860.775899610302,2.2015352000000004,"POLYGON ((680.770689102298 336.9777668640111, 691.3925552880531 336.0121426653062, 691.6339613377294 331.9082398208099, 701.773015424132 331.4254277214573, 703.2214517221895 332.6324579698386, 707.8081666660383 332.3910519201623, 710.4636332124771 334.3223003175723, 720.6026872988798 333.1152700691911, 723.0167477956422 333.8394882182199, 727.8448687891673 377.0511711102692, 721.809717547261 380.1894497560605, 711.6706634608583 378.9824195076792, 711.4292574111821 377.0511711102692, 702.738639622837 377.5339832096217, 704.9112940699233 388.6386614947293, 700.0831730763982 392.2597522398731, 684.3917798474417 392.0183461901969, 680.0464709532692 339.6332334104499, 680.770689102298 336.9777668640111))","POLYGON ((-95.58243023921789 29.71669160074059, -95.58237910590107 29.71669666663253, -95.58237838400991 29.71671396958034, -95.5823295275845 29.71671695703441, -95.58232241048366 29.71671201096983, -95.58230031124633 29.716713459238, -95.58228729360472 29.71670557734718, -95.58223851527907 29.71671161421875, -95.58222679229789 29.71670879201555, -95.58219884259125 29.71652729591074, -95.58222761630562 29.71651351350886, -95.5822766548759 29.71651764148431, -95.58227802763277 29.71652575062916, -95.58231989705422 29.71652289955236, -95.58230821910992 29.71647634582988, -95.58233111829932 29.71646064406609, -95.58240683586048 29.71646018337072, -95.58243344628886 29.71668035124145, -95.58243023921789 29.71669160074059))",-95.58232252929982,29.716597877945564,482014521012,commercial,False,0,0.9442148760330579,434.4,2.3513909224011713,2.3513909224011713,2.5,2.2,1.92,2.0,1.8,2.1356954612005854
96b4910d-3b30-45d6-b2fc-945b07d5fedf,hurricane-harvey_00000317,building_crops/hurricane-harvey_00000317_96b4910d.png,38,30,957.339940604296,2.2015352000000004,"POLYGON ((197.1730351403457 884.5007875842168, 179.8333574547487 884.3525852108357, 180.5743693216546 895.4677632144235, 198.358654127395 895.912370334567, 197.1730351403457 884.5007875842168))","POLYGON ((-95.59079005246548 29.49364111264471, -95.59087361914365 29.49364010900496, -95.59086885543024 29.49359332297081, -95.59078311464697 29.49359311887436, -95.59079005246548 29.49364111264471))",-95.59082871755867,29.493616822316866,,small_multi_family,True,10,,18.2,,,,,,,,
19ff2b96-8af3-43b5-b07f-6a4f7b00baa9,hurricane-harvey_00000477,building_crops/hurricane-harvey_00000477_19ff2b96.png,74,74,8354.495926359952,2.2015352000000004,"POLYGON ((645.498748312279 255.2381022382103, 670.187577388607 269.203500503608, 671.1851058361354 272.1960858461932, 647.7431873192179 310.1021668522726, 638.266667067698 308.8552562928621, 619.8123907884225 297.3836791462854, 628.7901468161782 284.4158093284162, 616.5704233339552 276.684963860071, 625.5481793617108 261.4726550352628, 638.017284955816 270.2010289511364, 644.7506019766327 257.9813054689134, 645.498748312279 255.2381022382103))","POLYGON ((-95.59337598857161 29.75133278468152, -95.593255340803 29.75127631818704, -95.59325020278884 29.75126381194417, -95.59335920786253 29.75110198528911, -95.59340507087751 29.75110633869681, -95.59349536394221 29.75115289459758, -95.59345344938188 29.75120834707349, -95.5935132527211 29.75123974220655, -95.59347158157605 29.75130464517116, -95.59341046665187 29.75126907340855, -95.59337930114317 29.75132116328634, -95.59337598857161 29.75133278468152))",-95.59338326127182,29.751217840348588,482014513021,commercial,False,0,0.9543080939947781,334.2,2.8707386363636362,2.8707386363636362,2.5,2.2,1.92,2.0,1.8,2.3953693181818183
355da41e-a536-4753-962f-56a659380441,hurricane-harvey_00000317,building_crops/hurricane-harvey_00000317_355da41e.png,52,48,4175.755330013167,2.2015352000000004,"POLYGON ((229.6652658978172 864.0840548274936, 227.8166533561507 891.813242952492, 260.1673728353156 892.1213450427698, 260.7835770158711 865.6245652788823, 229.6652658978172 864.0840548274936))","POLYGON ((-95.59063568096802 29.49373022987332, -95.59064161210786 29.49361316488822, -95.59048569797615 29.49361490385711, -95.5904855727148 29.4937266579515, -95.59063568096802 29.49373022987332))",-95.59056274596308,29.493670889760907,,commercial,False,0,,167.0,,,,,,,,
51ef5a9d-d8e3-4f1b-b63a-bc6234420993,hurricane-harvey_00000477,building_crops/hurricane-harvey_00000477_51ef5a9d.png,68,63,5998.508984676344,2.2015352000000004,"POLYGON ((256.6537224088196 542.4046241515648, 274.2809374031355 562.105629145212, 273.7624899033027 566.7716566437073, 245.7663249123304 584.3988716380231, 240.0634024141694 584.3988716380231, 226.0653199186833 566.2532091438745, 227.1022149183489 560.5502866457135, 251.9876949103242 541.3677291518992, 255.0983799093211 540.8492816520663, 256.6537224088196 542.4046241515648))","POLYGON ((-95.59522114752377 29.75008682300873, -95.59513395247416 29.75000553898467, -95.59513594776101 29.74998584303572, -95.59526912498839 29.74990897026967, -95.59529664336829 29.74990843016772, -95.59536615793088 29.74998350884763, -95.5953617735565 29.75000761986538, -95.59524377513802 29.75009074707989, -95.59522882135232 29.75009322466059, -95.59522114752377 29.75008682300873))",-95.59525276381157,29.749997563003703,482014513021,commercial,False,0,0.9543080939947781,239.9,2.8707386363636362,2.8707386363636362,2.5,2.2,1.92,2.0,1.8,2.3953693181818183
4719d24b-4bd9-4d98-9855-19bd0b9e5e76,hurricane-harvey_00000507,building_crops/hurricane-harvey_00000507_4719d24b.png,85,40,4639.520650447148,2.2015352000000004,"POLYGON ((35.48295063873454 1024, 36.20716878776329 1020.577796236401, 40.55247768193585 1016.473893391905, 39.58685348323084 1011.887178448056, 48.5188773212522 1009.71452400097, 51.17434386769098 1008.024681653236, 57.93371325862606 1004.162184858416, 60.10636770571234 1004.162184858416, 63.96886450053238 1008.990305851941, 80.62588192819383 1003.437966709387, 98.73133565391281 1017.198111540934, 101.1453961506753 1024, 99.93836590229408 1024, 35.48295063873454 1024))","POLYGON ((-95.60139234010701 29.84447069126685, -95.60138921713593 29.84448516414696, -95.60136868582327 29.84450285088318, -95.60137384859082 29.84452206434288, -95.60133096161606 29.84453205899986, -95.60131832538728 29.84453942420361, -95.60128611252047 29.84455632458755, -95.60127562285963 29.84455653134259, -95.6012564475449 29.84453657747815, -95.60117663288713 29.84456153220227, -95.60108771709785 29.84450533898877, -95.60107531949525 29.84447693973506, -95.60108114708093 29.84447682488036, -95.60139234010701 29.84447069126685))",-95.60123502776302,29.84450777067326,482015401013,commercial,False,0,1.0,185.6,2.4176372712146423,2.4176372712146423,2.5,2.2,1.92,2.0,1.8,2.1688186356073214
9e4ea500-0144-42c2-aa10-2316492901a8,hurricane-harvey_00000356,building_crops/hurricane-harvey_00000356_9e4ea500.png,44,40,1374.5344113922529,2.2015352000000004,"POLYGON ((572.2342419821591 288.5726517913745, 592.0546985265279 280.644469173627, 597.6044263589511 290.5546974458113, 574.8109013329271 301.6541531106578, 572.2342419821591 288.5726517913745))","POLYGON ((-95.57396095715706 29.75157171629804, -95.57386616749987 29.75160696115412, -95.57383832065801 29.75156575357594, -95.5739471153652 29.75151687623897, -95.57396095715706 29.75157171629804))",-95.5739040269584,29.751564177148232,482014511003,unknown_nonres,False,0,0.9426605504587156,13.7,2.8,2.8,1.5714285714285714,2.2,1.92,2.0,1.8,2.36
572686d0-4eb1-434c-886f-21907623ef33,hurricane-harvey_00000080,building_crops/hurricane-harvey_00000080_572686d0.png,59,58,5580.748335024681,2.2015352000000004,"POLYGON ((691.8097681142227 8.013813757374772, 707.4818811547527 4.191347162123549, 710.1576077714286 11.07178703357575, 723.1539941952827 8.396060416899894, 731.1811740453103 34.00658660508309, 727.7409541095842 34.77107992413333, 729.2699407476847 41.26927313606041, 702.5126745809262 48.53195966703773, 691.8097681142227 8.013813757374772))","POLYGON ((-95.6257858729021 29.62675670144458, -95.62571072984682 29.62677429978121, -95.62569707715652 29.62674557230227, -95.62563470938811 29.62675808457104, -95.62559320828753 29.62665096992894, -95.625609711245 29.62664742107743, -95.62560162921835 29.62662019424616, -95.62572984156621 29.62658704587924, -95.6257858729021 29.62675670144458))",-95.62568952283291,29.626682797955702,,commercial,False,0,,223.2,,,,,,,,
85d08b5a-f1d3-48a9-9436-c8bf2fbeea6e,hurricane-harvey_00000177,building_crops/hurricane-harvey_00000177_85d08b5a.png,72,69,6751.538098381515,2.2015352000000004,"POLYGON ((568.0205619797729 879.1239640914564, 588.9423498675844 856.6861046175716, 620.3250316993016 886.8559291804302, 610.9253878656472 896.4071801726919, 608.6512804865372 895.95235869687, 604.7094943627467 904.1391452616658, 599.7064581287048 904.2907524202731, 597.1291364323802 906.8680741165978, 569.0818120900242 886.4011077046082, 568.0205619797729 879.1239640914564))","POLYGON ((-95.64253331115034 29.76676049698033, -95.64243481981406 29.76685699398092, -95.64228002464277 29.76673298651058, -95.64232433297185 29.76669186250538, -95.64233535854244 29.76669355821181, -95.6423534770605 29.76665870606005, -95.64237760589579 29.76665758501278, -95.64238975953408 29.76664648410562, -95.64252738459 29.76672995772364, -95.64253331115034 29.76676049698033))",-95.64241270420095,29.76674640218336,482014516042,commercial,False,0,0.8717948717948718,270.1,4.717073170731707,4.717073170731707,2.5,2.2,1.92,2.0,1.8,3.3185365853658535
58d8a32b-b5f9-46ae-9646-552a3e5d8478,hurricane-harvey_00000351,building_crops/hurricane-harvey_00000351_58d8a32b.png,55,63,5062.932649268189,2.2015352000000004,"POLYGON ((710.3901073017967 211.2282318253952, 712.588416299411 192.9089901786089, 705.6271044736322 192.9089901786089, 707.8254134712466 178.2535968611799, 741.522918984749 176.5471006796747, 741.5328181013334 192.5426053456732, 732.0068124450045 192.5426053456732, 729.0757337815187 220.3878526487884, 712.588416299411 218.9223133170455, 710.3901073017967 211.2282318253952))","POLYGON ((-95.58362787362209 29.76896448611553, -95.58361924481463 29.76904182927399, -95.58365284200735 29.76904117256995, -95.58364381704673 29.76910308857308, -95.58348136807857 29.76911345283128, -95.58347959082637 29.7690461024047, -95.58352556593894 29.76904520380333, -95.58353670136928 29.76892768091436, -95.58361643204636 29.76893229646636, -95.58362787362209 29.76896448611553))",-95.58356978553593,29.76903251164351,482014507003,commercial,False,0,0.8509687034277198,202.5,2.5201401050788093,2.5201401050788093,2.5,2.2,1.92,2.0,1.8,2.2200700525394046
8be511cc-75f7-4fd9-a9f7-1da9ebe220df,hurricane-harvey_00000180,building_crops/hurricane-harvey_00000180_8be511cc.png,74,61,5974.090024879085,2.2015352000000004,"POLYGON ((200.3331726953543 26.27532729350607, 239.9027346524129 10.88716431020551, 254.9245128027778 42.76264477561382, 229.0934613051427 52.4234242081505, 222.3964412784577 37.79572257091755, 209.1786385942111 42.90660627549292, 200.3331726953543 26.27532729350607))","POLYGON ((-95.65280975216358 29.71406579201589, -95.65262058778045 29.71413441286079, -95.6525445973505 29.71400164829489, -95.65266812657806 29.71395847218996, -95.65270205090245 29.71401941700335, -95.65276524249995 29.71399661859446, -95.65280975216358 29.71406579201589))",-95.65266845971995,29.71404555687463,482014543031,commercial,False,0,0.9100775193798449,239.0,3.5811209439528024,3.5811209439528024,2.5,2.2,1.92,2.0,1.8,2.750560471976401
2f2d4c28-e19f-40c3-9081-4e3b29a3e610,hurricane-harvey_00000452,building_crops/hurricane-harvey_00000452_2f2d4c28.png,51,72,6949.170289630312,2.2015352000000004,"POLYGON ((725.1477174052764 949.2455535006106, 728.0445900013914 956.2463289412219, 738.9078622368229 957.2119531399271, 738.9078622368229 958.9017954876607, 741.5480912699057 958.9017954876607, 740.8580912699057 977.1571101164376, 740.0955715790612 982.8760077977728, 742.062844063715 988.9306908727252, 741.8459440541487 988.9306908727252, 742.5555028249638 998.4904403681915, 738.2050998216658 1000.760215848173, 713.9941613685293 1000.949363804838, 711.85 1001.19, 711.6611912458538 987.7656531215413, 710.9211912458538 959.6260136366894, 711.38757257373 959.6260136366894, 710.9047604743774 950.2111776993156, 714.7672572691974 948.2799293019056, 725.1477174052764 949.2455535006106))","POLYGON ((-95.58215015131674 29.71411771368331, -95.58213542295107 29.71408850830747, -95.5820829182285 29.71408546485623, -95.58208273602303 29.71407834946634, -95.58207000048762 29.71407859796988, -95.58207136045604 29.71400166568768, -95.58207442194995 29.7139775134542, -95.58206427969738 29.71395220426677, -95.58206532594535 29.71395218385188, -95.58206087253281 29.71391199756319, -95.58208161257652 29.71390203079303, -95.58219837701368 29.7138989555262, -95.58220869372646 29.71389774046211, -95.58221105199998 29.71395424835071, -95.58221765576971 29.71407266577826, -95.58221540611075 29.71407270967736, -95.58221875022433 29.71411230711394, -95.58220032713976 29.71412080255219, -95.58215015131674 29.71411771368331))",-95.58214477177457,29.7140024911298,482014524011,commercial,False,0,0.9487179487179487,278.0,2.58675799086758,2.58675799086758,2.5,2.2,1.92,2.0,1.8,2.25337899543379
aeacb59f-45ea-480e-8a6c-0c378bae2800,hurricane-harvey_00000206,building_crops/hurricane-harvey_00000206_aeacb59f.png,64,61,7106.743577021571,2.2015352000000004,"POLYGON ((469.8512007219022 426.8519997145441, 494.499367944123 427.4682038950996, 496.3479804857895 405.9010575756564, 510.2125745482887 405.9010575756564, 512.3692891802331 386.4906258881575, 467.3863839996801 385.5663196173243, 467.3863839996801 425.0033871728775, 469.8512007219022 426.8519997145441))","POLYGON ((-95.64226481322783 29.73847325221665, -95.64214582170825 29.73847303338187, -95.64213928443387 29.73856402411415, -95.64207238992078 29.73856536046038, -95.64206412784111 29.73864729963312, -95.64228126562507 29.73864685577782, -95.64227690975389 29.73848079856195, -95.64226481322783 29.73847325221665))",-95.64218899025322,29.738570329906487,482014516063,commercial,False,0,0.9409190371991247,284.3,3.316688567674113,3.316688567674113,2.5,2.2,1.92,2.0,1.8,2.6183442838370565
3fc83125-b80a-4c31-b68d-9900c35720a0,hurricane-harvey_00000489,building_crops/hurricane-harvey_00000489_3fc83125.png,36,36,813.4959852641875,2.2015352000000004,"POLYGON ((318.6488195282901 563.1661464573365, 323.9957573587599 578.3555951888854, 313.5317289646939 580.1610253646477, 307.9896202157593 565.914083266198, 318.6488195282901 563.1661464573365))","POLYGON ((-95.50709899656694 29.75429844722539, -95.50707160160627 29.7542349784517, -95.50712190753407 29.75422641891938, -95.50715014550767 29.75428590122341, -95.50709899656694 29.75429844722539))",-95.50711053382746,29.754261730587164,482014304002,small_multi_family,True,9,0.8855989232839838,15.9,2.645705521472393,2.645705521472393,2.5,2.2,1.92,2.0,1.8,2.2828527607361964
ab8935a2-edfd-4af4-be7f-f9c9e06d015b,hurricane-harvey_00000180,building_crops/hurricane-harvey_00000180_ab8935a2.png,59,60,4352.86619115307,2.2015352000000004,"POLYGON ((665.9434213510906 249.5223884438093, 681.6884166895798 257.8447431227251, 680.3388456605664 262.3433132194363, 687.5365578153043 267.2917403258186, 672.0164909816507 290.6843048287168, 647.9491409642458 273.3648099563787, 647.9491409642458 269.5410253741742, 665.9434213510906 249.5223884438093))","POLYGON ((-95.6505391075039 29.71317077808741, -95.65046223887684 29.71313725657318, -95.65046825076352 29.71311818415813, -95.65043298423534 29.7130980433359, -95.65050525763327 29.71299804532449, -95.65062326564211 29.71306864675923, -95.6506236888796 29.71308474747905, -95.6505391075039 29.71317077808741))",-95.65052768600569,29.713086814248665,482014543032,commercial,False,0,1.0,174.1,2.737201365187713,2.737201365187713,2.5,2.2,1.92,2.0,1.8,2.3286006825938568
3720a9f9-4309-4cd9-87af-c635d843e608,hurricane-harvey_00000463,building_crops/hurricane-harvey_00000463_3720a9f9.png,69,102,10118.899070760635,2.2015352000000004,"POLYGON ((234.1225561175014 395.9962289512046, 259.5242194316444 378.0196672211958, 271.8342562684982 384.8585765750035, 271.052666628063 391.5020885187024, 274.7652174201301 391.89288333892, 284.5350879255695 406.5476890970793, 278.6731656223059 410.6510347093639, 284.7304853356784 420.2255078046947, 274.1790251898036 428.6275964393727, 279.2593578526322 437.0296850740507, 251.3175282070751 460.0865794668881, 240.179875830874 440.7422358661178, 260.696603892297 429.6045834899166, 260.1104116619707 420.2255078046947, 250.3405411565311 405.961496866753, 239.20288878033 411.4326243497991, 236.4673250388069 402.0535486645771, 234.1225561175014 395.9962289512046))","POLYGON ((-95.6005096608086 29.75922738238183, -95.60038903463152 29.75930548552533, -95.60032888559668 29.7592778581103, -95.60033193463671 29.75924981079902, -95.60031397631963 29.75924851770485, -95.60026523529496 29.75918773959267, -95.60029307702054 29.75916990568846, -95.60026280447283 29.75913016640684, -95.60031280901481 29.75909378713497, -95.60028737869516 29.75905889156002, -95.6004197101545 29.758959156196, -95.60047556186122 29.75903955015568, -95.60037776529097 29.75908839372562, -95.600381614406 29.75912782955506, -95.60043031295191 29.75918696214446, -95.60048346512257 29.75916286825188, -95.60049768658584 29.75920210005049, -95.6005096608086 29.75922738238183))",-95.600377836491,29.759148907869093,482014512001,commercial,False,0,0.7973640856672158,404.8,2.773755656108597,2.773755656108597,2.5,2.2,1.92,2.0,1.8,2.3468778280542986
24f435e3-5d63-4271-b3b7-16c85521ec2d,hurricane-harvey_00000508,building_crops/hurricane-harvey_00000508_24f435e3.png,64,53,5652.737244182213,2.2015352000000004,"POLYGON ((306.0597937024609 324.1404790109119, 305.9066947187805 320.3130044189017, 321.6758900378624 320.9254003536233, 321.3696920705015 327.20245868452, 322.5944839399448 327.8148546192416, 323.3599788583468 331.6423292112518, 327.3405524340374 335.1636058359011, 327.952948368759 340.2158722973545, 325.8095625972333 342.3592580688802, 325.3502656461921 351.8513950570654, 295.8021617958736 354.4540777796323, 293.3525780569872 349.4018113181789, 293.0463800896263 346.3398316445708, 289.0658065139357 345.8805346935296, 288.4534105792142 342.8185550199214, 287.2286187097709 342.5123570525606, 284.0135400524824 324.7528749456335, 285.0852329382452 324.1404790109119, 284.9321339545648 321.5377962883449, 297.6393496000385 322.4563901904274, 298.0986465510798 324.1404790109119, 302.2323191104507 322.6094891741078, 306.0597937024609 324.9059739293139, 306.0597937024609 324.1404790109119))","POLYGON ((-95.62038895316891 29.86429065621078, -95.62039011367753 29.86430675096543, -95.62031389816386 29.8643056859875, -95.62031468600927 29.86427923713575, -95.62030870420254 29.86427677710159, -95.62030458650031 29.86426074108337, -95.62028497715829 29.86424630219306, -95.62028146398292 29.86422509646818, -95.62029157833908 29.86421586959987, -95.62029275169408 29.86417587413266, -95.62043515039646 29.86416208554929, -95.62044753521506 29.86418311504557, -95.62044935078885 29.86419597322634, -95.62046862316807 29.86419752454039, -95.62047191734769 29.86421035334984, -95.62047786545621 29.86421152462154, -95.6204953452576 29.86428596402046, -95.62049023753977 29.86428864432953, -95.6204912632732 29.86429958406204, -95.62042980011255 29.86429693668377, -95.62042739687293 29.86428989258616, -95.62040760420284 29.86429673286072, -95.62038886892766 29.86428743432285, -95.62038895316891 29.86429065621078))",-95.62038676237066,29.86423646269039,482015407004,commercial,False,0,0.8129496402877698,226.1,2.6149425287356323,2.6149425287356323,2.5,2.2,1.92,2.0,1.8,2.267471264367816
7c1cd341-6b33-40c2-97aa-1886de31d54c,hurricane-harvey_00000463,building_crops/hurricane-harvey_00000463_7c1cd341.png,56,59,4474.414251151319,2.2015352000000004,"POLYGON ((897.0047759713342 625.9334173224333, 922.9926315158035 619.8760976090608, 924.5558107966738 626.3242121426509, 918.8892859035188 629.2551732942828, 926.7051823078705 628.8643784740652, 926.9005797179793 631.5999422155883, 933.1532968414606 630.4275577549355, 933.739489071787 636.6802748784169, 927.6821693584145 638.2434541592871, 928.6591564089584 648.5995168950531, 921.2340548248244 649.3811065354882, 921.8202470551507 651.7258754567938, 916.7399143923221 652.8982599174465, 916.935311802431 656.8062081196223, 902.6713008644892 659.3463744510366, 897.0047759713342 625.9334173224333))","POLYGON ((-95.59728577573469 29.75832209264204, -95.59716102405693 29.75835006129671, -95.59715278003848 29.75832305902586, -95.59717980658765 29.75831018072723, -95.5971421318188 29.75831256714758, -95.59714089167831 29.75830106729444, -95.5971108452724 29.75830659648384, -95.59710733715282 29.75828032433469, -95.59713639816249 29.75827316818742, -95.59713055836629 29.75822965552058, -95.59716630478616 29.7582256606699, -95.59716322124396 29.75821584334613, -95.59718761004098 29.75821042528818, -95.59718624252027 29.75819398898858, -95.59725480038566 29.75818194111595, -95.59728577573469 29.75832209264204))",-95.59720510044448,29.758269543349957,482014512001,commercial,False,0,0.7973640856672158,179.0,2.773755656108597,2.773755656108597,2.5,2.2,1.92,2.0,1.8,2.3468778280542986
cf050266-4155-4028-854b-f0239ec7134c,hurricane-harvey_00000452,building_crops/hurricane-harvey_00000452_cf050266.png,35,34,967.3660162319444,2.2015352000000004,"POLYGON ((134.4268701860596 949.9192828082607, 134.3358867848347 940.6389758833213, 137.7022726301559 940.5479924820964, 138.0662062350555 938.273407451474, 143.0702933024247 938.1824240502491, 148.5292973759185 939.8201252722972, 150.1669985979667 940.8209426857711, 150.5309322028662 950.4651832156101, 150.0760151967418 951.7389508327586, 144.1620941171235 952.9217350486823, 134.4268701860596 949.9192828082607))","POLYGON ((-95.58499950495164 29.71405924475922, -95.5850009455915 29.71409831252348, -95.58498471718671 29.71409901283351, -95.58498320723302 29.71410862466002, -95.58495907914771 29.71410947928398, -95.58493257010704 29.71410309784268, -95.5849245623979 29.71409903804154, -95.58492176589124 29.71405846358807, -95.58492382275183 29.71405305730403, -95.5849522216795 29.71404751974038, -95.58499950495164 29.71405924475922))",-95.58496043050002,29.7140786029094,482014524012,small_multi_family,True,10,0.9377289377289377,18.8,2.8,2.8,2.5,2.2,1.92,2.0,1.8,2.36
a96c7b6c-1b16-40a9-8958-a31223be6335,hurricane-harvey_00000220,building_crops/hurricane-harvey_00000220_a96c7b6c.png,60,73,9615.540909287816,2.2015352000000004,"POLYGON ((426.28 594.18, 425.54 642.95, 412.289170712353 642.8094908761042, 410.1027875603735 647.0719223281885, 398.9117132651319 646.9519652684152, 396.4486377096475 643.0813721756598, 386.2684314883988 642.8414580561132, 385.1717748371942 594.0104539855221, 400.6347721889153 594.1635529692024, 401.5533660909977 597.6848295938518, 410.7393051118221 597.5317306101714, 410.5862061281417 594.0104539855221, 426.28 594.18))","POLYGON ((-95.62785963880597 29.74668337252151, -95.62785785045074 29.74647794413484, -95.62792180483666 29.74647726515465, -95.6279318863587 29.74645910754039, -95.62798589958136 29.74645853950395, -95.62799820994306 29.7464746013407, -95.62804735863428 29.74647463532208, -95.6280580164767 29.74668014442476, -95.6279833862362 29.746680982601, -95.62797856680315 29.74666624353628, -95.62793425882901 29.7466677690653, -95.627935384522 29.74668258153736, -95.62785963880597 29.74668337252151))",-95.62795583861154,29.74657503789337,482014516051,commercial,False,0,0.7732035928143712,384.6,2.8,2.8,2.5,2.2,1.92,2.0,1.8,2.36
bda365cb-4fd4-42f0-b34d-22981008b117,hurricane-harvey_00000477,building_crops/hurricane-harvey_00000477_bda365cb.png,76,84,9913.92189670692,2.2015352000000004,"POLYGON ((833.0151179194327 98.25329820071458, 859.4559404109065 120.028093193693, 862.0481779100705 125.731015691854, 838.7180404175937 158.3932081813216, 831.9782229197671 163.5776831796498, 807.0927429277917 140.2475456871729, 806.055847928126 131.433938190015, 829.3859854206029 100.8455356998787, 833.0151179194327 98.25329820071458))","POLYGON ((-95.59248816974872 29.75201153227774, -95.59235822077906 29.75192234830907, -95.59234509384552 29.75189858068324, -95.59245413020453 29.75175884527889, -95.59248609047827 29.75173637775695, -95.59260870277049 29.75183225772917, -95.59261466186953 29.75186927040736, -95.59250540078537 29.75200027398634, -95.59248816974872 29.75201153227774))",-95.59248384478558,29.75187507674726,482014512002,commercial,False,0,0.9096385542168675,396.6,2.497584541062802,2.497584541062802,2.5,2.2,1.92,2.0,1.8,2.2087922705314007
403a1f98-ed7f-4fb7-9e71-4a702e90baba,hurricane-harvey_00000076,building_crops/hurricane-harvey_00000076_403a1f98.png,53,62,2401.1598725650674,1.9022960000000002,"POLYGON ((407.1104112867704 737.1331850239266, 414.7491742806689 746.3633569748872, 417.9319921947933 745.0902298092375, 428.1170095199913 759.0946286313848, 413.7943289064316 771.8259002878823, 408.7018202438326 776.9184089504813, 396.6071121701599 762.914010128334, 404.2458751640584 756.2300925086728, 396.9253939615724 745.40851160065, 407.1104112867704 737.1331850239266))","POLYGON ((-95.35570483195868 30.02543261008024, -95.35566699274497 30.02539445043166, -95.35565173571709 30.02540008060673, -95.35560111459803 30.02534206155659, -95.3556690745195 30.02528727537617, -95.35569318173232 30.0252654160069, -95.35575303306949 30.02532326968214, -95.35571677724556 30.02535204278641, -95.3557532364301 30.02539692325124, -95.35570483195868 30.02543261008024))",-95.35568493755609,30.025349283975782,482012408021,commercial,False,0,0.9578783151326054,96.0,3.220108695652174,3.220108695652174,2.5,2.2,1.92,2.0,1.8,2.570054347826087
a29b3377-76e7-42ec-a937-f114601dbf71,hurricane-harvey_00000206,building_crops/hurricane-harvey_00000206_a29b3377.png,53,62,4197.829770490312,2.2015352000000004,"POLYGON ((973.0425222543375 447.2111854379299, 977.8706432478626 445.2799370405199, 985.3542307878265 445.2799370405199, 987.2854791852365 462.4197665675339, 1005.390932910955 467.0064815113827, 1004.425308712251 478.3525658461666, 1001.769842165812 480.2838142435766, 1001.528436116135 487.7674017835405, 995.4932848742291 488.0088078332167, 992.3550062284378 481.2494384422816, 982.6987642413877 479.3181900448716, 982.4573581917114 486.318965485483, 973.0425222543375 485.8361533861305, 971.8354920059563 470.8689783062028, 974.4909585523951 461.2127363191526, 972.8011162046613 449.6252459346925, 973.0425222543375 447.2111854379299))","POLYGON ((-95.63983474618804 29.7384360067632, -95.63981166434937 29.73844460362283, -95.63977555717716 29.73844532429893, -95.63976434789402 29.73837333964295, -95.6396764857829 29.73835576989217, -95.63967989282396 29.73830790197456, -95.63969249193224 29.73829951435906, -95.63969283092469 29.73826797998755, -95.63972192292529 29.73826638233136, -95.63973781047082 29.73829454178151, -95.63978461340709 29.73830174379515, -95.63978500564683 29.73827224240082, -95.63983048399757 29.7382733687193, -95.63983795932322 29.73833627472233, -95.63982621265993 29.73837718996013, -95.63983564454735 29.73842581863764, -95.63983474618804 29.7384360067632))",-95.63976993353774,29.738345347517036,482014516063,commercial,False,0,0.9409190371991247,167.9,3.316688567674113,3.316688567674113,2.5,2.2,1.92,2.0,1.8,2.6183442838370565
7063af5c-d237-4eb6-a542-09cb36d21f62,hurricane-harvey_00000020,building_crops/hurricane-harvey_00000020_7063af5c.png,78,80,8018.857013488483,1.9022960000000002,"POLYGON ((917.3145605307116 214.3022784297029, 918.047330196583 194.8838822841092, 965.6773584782277 195.9830367829164, 968.6084371417135 211.0048149332813, 972.6386703040065 216.1342025943815, 971.9059006381351 239.9492167352038, 966.4101281440992 242.8802953986897, 966.4101281440992 250.57437689034, 936.7329566763051 252.7726858879543, 937.8321111751123 217.2333570931887, 917.3145605307116 214.3022784297029))","POLYGON ((-95.42630046355451 29.75993249399275, -95.42629889823914 29.76001432451464, -95.42606892726926 29.76001391426603, -95.42605325750571 29.75995092115585, -95.4260332872946 29.75992967956999, -95.42603440662128 29.75982933606209, -95.4260606313393 29.75981650741657, -95.42605985046686 29.75978410970884, -95.4262028471181 29.75977222516192, -95.42620114978351 29.75992196903846, -95.42630046355451 29.75993249399275))",-95.42614816940839,29.759908973452053,482015108031,commercial,False,0,0.8625247851949769,320.8,3.4101694915254237,3.4101694915254237,2.5,2.2,1.92,2.0,1.8,2.665084745762712
4b67a6f0-9e4e-4e16-8f42-3aecfc7a7023,hurricane-harvey_00000507,building_crops/hurricane-harvey_00000507_4b67a6f0.png,90,46,7306.982264513977,2.2015352000000004,"POLYGON ((836.3602133105302 14.24416198263423, 793.8735419773873 36.63578606361492, 786.1225951801248 27.73655085194311, 788.993316216148 22.28218088349909, 787.2708835945341 14.53123408623655, 797.8925514278197 12.52172936102033, 793.0123256665804 7.354431496178636, 772.6302063108159 18.8373156402713, 765.1663316171557 4.48371046015547, 766.3146200315649 0, 830.9058433420862 0, 836.3602133105302 14.24416198263423))","POLYGON ((-95.59763574634246 29.8487968965109, -95.59783844146574 29.84869861244226, -95.59787683531255 29.84873533243169, -95.59786356945747 29.84875856263176, -95.59787273092334 29.84879102250133, -95.59782166589235 29.84880049004806, -95.59784579228489 29.84882177524738, -95.59794295033328 29.8487715066725, -95.59798055293017 29.8488312112509, -95.59797549759908 29.84885019224981, -95.59766363443055 29.84885633153154, -95.59763574634246 29.8487968965109))",-95.59780169991994,29.848798901566536,482015401013,commercial,False,0,1.0,292.3,2.4176372712146423,2.4176372712146423,2.5,2.2,1.92,2.0,1.8,2.1688186356073214
af1a002d-a58a-4f16-8d13-5436b3fb4e1f,hurricane-harvey_00000076,building_crops/hurricane-harvey_00000076_af1a002d.png,51,52,1656.2504281296165,1.9022960000000002,"POLYGON ((188.4508205864254 790.6045259812162, 201.8186558257478 811.9294060058495, 184.9497208808885 821.1595779568102, 173.1732945986283 800.4712615150017, 188.4508205864254 790.6045259812162))","POLYGON ((-95.35675636914199 30.02518878094167, -95.35668963524188 30.02510024897898, -95.35677024976235 30.02505996692185, -95.3568292285163 30.02514595937955, -95.35675636914199 30.02518878094167))",-95.35676072440256,30.025123527438154,482012408021,small_multi_family,True,18,0.9578783151326054,34.5,3.220108695652174,3.220108695652174,2.5,2.2,1.92,2.0,1.8,2.570054347826087
c1117827-440f-4122-8e0d-17d25bfab94e,hurricane-harvey_00000159,building_crops/hurricane-harvey_00000159_c1117827.png,60,101,9263.828949218232,2.2015352000000004,"POLYGON ((112.9321889236006 953.994888455838, 116.8283053136934 940.4175131570298, 111.7515475932694 937.2297815651358, 119.2051441966457 911.2235908616387, 124.7822511221162 911.031276829726, 131.5132422390634 886.6073947768033, 152.4754717175561 892.5691297660994, 132.9740409966107 968.5671639984308, 111.1292710671228 961.694652110502, 112.9321889236006 953.994888455838))","POLYGON ((-95.63517617132094 29.77953394957087, -95.63515886349211 29.77959149465654, -95.63518371990392 29.77960442854461, -95.63515061203518 29.77971464989586, -95.6351237134317 29.77971599647614, -95.63509391879249 29.77981948565956, -95.63499207951375 29.77979640024321, -95.63507782480585 29.77947451932263, -95.63518402413486 29.77950135474192, -95.63517617132094 29.77953394957087))",-95.63509306815835,29.779647286550176,482014505001,commercial,False,0,0.9020979020979021,370.6,3.365979381443299,3.365979381443299,2.5,2.2,1.92,2.0,1.8,2.6429896907216497
4f6d454f-4ac1-4918-acf3-426665201d44,hurricane-harvey_00000381,building_crops/hurricane-harvey_00000381_4f6d454f.png,120,65,19747.77349668223,2.2015352000000004,"POLYGON ((320.5703741147568 400.0415291665712, 220.5547792699841 398.0659124782794, 221.2956355280936 357.0718661962244, 260.5610172078932 358.5535787124433, 260.5610172078932 355.3432015939691, 280.5641361768477 354.6023453358596, 280.3171840908113 358.0596745403703, 285.7501299836138 358.0596745403703, 286.2440341556867 360.5291954007351, 321.8051345449392 361.7639558309174, 320.5703741147568 400.0415291665712))","POLYGON ((-95.58898975496953 29.71198386559923, -95.58947239583212 29.71198274512065, -95.58947325471492 29.71215542701045, -95.58928369683996 29.71215289398569, -95.58928404393319 29.71216641179192, -95.58918763839854 29.71217141912573, -95.58918845580023 29.71215683818094, -95.58916224982801 29.71215735091544, -95.58915960048493 29.7121469992139, -95.58898793700344 29.71214515600445, -95.58898975496953 29.71198386559923))",-95.58923384809287,29.71206911078122,482014525012,commercial,False,0,0.9586894586894587,789.9,1.0,1.0,2.5,2.2,1.92,2.0,1.8,1.46
3f628430-9e4c-4e17-8adb-bba3d128eba3,hurricane-harvey_00000025,building_crops/hurricane-harvey_00000025_3f628430.png,88,88,8331.613999930369,1.9022960000000002,"POLYGON ((647.1598318508192 721.0285554727459, 662.5927843073539 717.8937370050122, 664.763043246554 728.5038918188799, 678.990296292422 725.851353115413, 676.3377575889551 712.347519715945, 700.2106059201573 707.7658619554113, 711.3030404982916 768.7742521351502, 681.4016951137555 774.3204694242173, 678.266876646022 761.2989157890162, 684.2953736993559 760.3343562604828, 680.1959957030888 741.7665853362143, 650.7769300828195 747.0716627431482, 644.9895729116189 721.5108352370125, 647.1598318508192 721.0285554727459))","POLYGON ((-95.41746235045878 29.74933232379148, -95.4173881963321 29.74934688510493, -95.41737665132638 29.74930239967241, -95.4173082665032 29.74931482382192, -95.41732243119961 29.74937145132251, -95.4172076969007 29.74939284927884, -95.41714800443226 29.74913693561124, -95.4172917311406 29.74911094445432, -95.41730817425696 29.74916549865434, -95.41727918156172 29.74917009192608, -95.41730083973172 29.74924791486681, -95.41744226370427 29.7492229814624, -95.4174727741912 29.74933010158453, -95.41746235045878 29.74933232379148))",-95.41728386347279,29.749257980512688,482014111001,commercial,False,0,0.794314381270903,333.3,2.7263157894736842,2.7263157894736842,2.5,2.2,1.92,2.0,1.8,2.323157894736842
95b52510-2093-4193-a5a1-927ba2b8a3d4,hurricane-harvey_00000381,building_crops/hurricane-harvey_00000381_95b52510.png,68,48,5954.630067754398,2.2015352000000004,"POLYGON ((937.8849235937939 88.81511534132952, 971.4626526675196 89.22230190956284, 972.0389116508729 62.138129691952, 923.2009628116705 60.55341748773009, 924.0653512867005 81.29874088845328, 937.3193079038293 82.01906461764506, 937.8849235937939 88.81511534132952))","POLYGON ((-95.58604572765121 29.71335255863405, -95.58588371819955 29.71335400919367, -95.58588386309462 29.71346810603466, -95.58611960913827 29.71347017511317, -95.58611319939777 29.71338290489282, -95.5860491898345 29.71338112124295, -95.58604572765121 29.71335255863405))",-95.58599407455533,29.71341482586378,482014524012,commercial,False,0,0.9377289377289377,238.2,2.8,2.8,2.5,2.2,1.92,2.0,1.8,2.36
9a584ac7-638e-4106-b7c9-c0a64ccc3db5,hurricane-harvey_00000489,building_crops/hurricane-harvey_00000489_9a584ac7.png,98,96,20383.666417428827,2.2015352000000004,"POLYGON ((207.8546043818964 566.2053467666311, 207.8604820944102 554.826935013021, 226.5860344903411 555.795498067983, 227.554597545303 573.7880157461143, 234.3345389300366 573.5524874089518, 234.3345389300366 587.112370178419, 230.4602867101888 588.7266419366889, 230.1374323585349 602.6093790578101, 223.0346366221473 605.8379225743498, 222.3889279188393 623.9177662669728, 211.08902561095 623.9177662669728, 204.3090842262164 622.3034945087029, 188.8120753468254 620.6892227504329, 187.1978035885555 615.2006987723153, 180.0950078521679 616.1692618272772, 178.480736093898 622.9492032120108, 163.306581566161 621.3349314537409, 162.015164159545 611.0035922008135, 163.306581566161 586.4666614751111, 155.8809314781194 586.4666614751111, 158.8710078012399 548.2157679447569, 169.356427089352 547.9655453263097, 169.1238376084465 551.8309809773866, 174.9293382257042 551.9212458481352, 180.0950078521679 556.118352419637, 181.2903130314635 562.8165532890403, 181.9595022288849 567.0924615196154, 192.6863275666732 568.3868177824882, 193.9777449732891 574.1981961122598, 205.8301522574808 573.3110813592756, 207.8546043818964 566.2053467666311))","POLYGON ((-95.50763332690198 29.7542755116112, -95.50763449193198 29.75432342305096, -95.50754402822325 29.75432105841947, -95.50753746729728 29.75424538623573, -95.50750477470058 29.75424699842415, -95.50750335258773 29.75418990202975, -95.50752187887625 29.75418275029735, -95.50752198086215 29.75412426491992, -95.50755591748101 29.7541100205402, -95.50755713722982 29.75403383292446, -95.50761166594239 29.75403279881705, -95.50764455247594 29.7540389755311, -95.50771950402087 29.75404435446018, -95.50772786950157 29.75406731716427, -95.50776204311025 29.75406258879846, -95.50776912180075 29.75403389286589, -95.50784251538013 29.7540393012731, -95.50784983088884 29.75408268508137, -95.50784617272207 29.754186120537, -95.50788200592257 29.75418544090181, -95.50787158922856 29.75434677698638, -95.50782101697673 29.75434879027424, -95.5078217339152 29.75433249285918, -95.50779370939446 29.75433264412323, -95.50776834168657 29.7543154442098, -95.50776187105828 29.75428734959896, -95.5077581933281 29.7542694063456, -95.50770629417644 29.75426493794739, -95.5076994527845 29.75424058625801, -95.5076423508371 29.75424540633232, -95.50763332690198 29.7542755116112))",-95.50769930761706,29.754178912052897,482014304002,commercial,False,0,0.8855989232839838,815.3,2.645705521472393,2.645705521472393,2.5,2.2,1.92,2.0,1.8,2.2828527607361964
ed196fc5-6829-482d-ab85-8930c4147f9a,hurricane-harvey_00000088,building_crops/hurricane-harvey_00000088_ed196fc5.png,52,63,4683.803686651154,2.2015352000000004,"POLYGON ((469.9028442656642 44.83577842327216, 479.5480802375298 44.22338248855053, 480.4666741396123 53.1031235420141, 490.2650090951582 52.79692557465329, 491.0305040135603 54.32791541145735, 493.3269887687663 54.94031134617898, 494.2455826708488 64.43244833436415, 501.1350369364671 64.12625036700335, 502.0536308385495 88.16279080482715, 488.8871182420346 87.39729588642511, 486.7437324705089 76.37416906143586, 484.141049747942 76.37416906143586, 483.8348517805812 79.28304975136358, 481.9976639764163 79.43614873504399, 481.0790700743338 81.88573247393049, 469.7497452819838 82.19193044129132, 469.9028442656642 44.83577842327216))","POLYGON ((-95.6522747403348 29.83210893192892, -95.65222824608945 29.83211244505613, -95.65222282374816 29.8320751590446, -95.65217555636755 29.83207739820505, -95.65217169063018 29.83207102846686, -95.65216053623017 29.83206867361164, -95.65215504579326 29.83202881000153, -95.65212182104158 29.83203076700662, -95.6521147127011 29.83192968553589, -95.65217835908085 29.83193163050827, -95.65218993250527 29.83197781930781, -95.65220249693886 29.83197756686853, -95.65220365151218 29.83196529359906, -95.65221250349154 29.83196447100745, -95.65221666549432 29.83195407153545, -95.65227132365585 29.83195168386627, -95.6522747403348 29.83210893192892))",-95.6522022693668,29.832013550283406,482015417012,commercial,False,0,0.9,187.4,3.138888888888889,3.138888888888889,2.5,2.2,1.92,2.0,1.8,2.5294444444444446
07f2dcc6-f00e-4f91-ac50-bd7df2273519,hurricane-harvey_00000220,building_crops/hurricane-harvey_00000220_07f2dcc6.png,64,68,10285.973363275476,2.2015352000000004,"POLYGON ((470.09 594.64, 470.3822336328203 623.8902795449458, 468.52700195239 624.1994848250117, 470.29 643.44, 426.04 642.96, 426.78 594.18, 470.09 594.64))","POLYGON ((-95.62764819233826 29.7466856363495, -95.6276435683304 29.74656249924377, -95.62765248637567 29.7465610193799, -95.62764186535475 29.74648017174019, -95.62785543671241 29.74647794997209, -95.62785722616158 29.7466834204664, -95.62764819233826 29.7466856363495))",-95.62775135292517,29.746581816635814,482014516051,commercial,False,0,0.7732035928143712,411.4,2.8,2.8,2.5,2.2,1.92,2.0,1.8,2.36
f251804b-b2c6-4ad8-8275-1dcef420d27c,hurricane-harvey_00000391,building_crops/hurricane-harvey_00000391_f251804b.png,70,66,8316.827457135421,2.2015352000000004,"POLYGON ((190.1467113357074 288.0444853259946, 205.8917066741966 287.819556821159, 206.7914206935389 286.2450572873101, 211.2899907902501 285.5702717728034, 211.2899907902501 283.3209867244478, 211.9647763047568 281.2966301809278, 211.9647763047568 277.4728455987232, 214.2140613531124 276.7980600842166, 213.5392758386057 248.9069254846071, 204.7670641500188 246.6576404362515, 190.8214968502141 250.0315680087849, 190.1467113357074 251.1562105329627, 185.4232127341606 250.7063535232915, 185.1982842293251 242.3839988443758, 176.4260725407382 241.4842848250336, 166.304289823138 241.9341418347047, 164.7297902892891 242.3839988443758, 163.6051477651113 272.0745614826698, 187.6724977825162 273.6490610165187, 187.2226407728451 279.2722736374077, 187.2226407728451 283.5459152292834, 185.6481412389962 287.1447713066523, 190.1467113357074 288.2694138308301, 190.1467113357074 288.0444853259946))","POLYGON ((-95.60578682445839 29.76389207200123, -95.60571086455288 29.76389451687247, -95.60570669425195 29.76390123200308, -95.60568505798305 29.76390450116857, -95.60568530321926 29.76391397194544, -95.60568226745526 29.76392255983422, -95.60568268435675 29.7639386601549, -95.60567190300328 29.7639417153529, -95.60567820041086 29.7640590887959, -95.6057207799054 29.76406772509893, -95.60578771264508 29.76405219230807, -95.6057908465019 29.76404739272768, -95.6058136909146 29.76404883753344, -95.60581568383307 29.7640838580057, -95.605858116194 29.76408681179784, -95.60590691436406 29.76408395472053, -95.60591446376853 29.76408191077602, -95.6059166538155 29.76395678955386, -95.60580033444958 29.76395244959605, -95.60580189231565 29.76392872986115, -95.60580142634586 29.76391073538678, -95.60580863239335 29.76389543236259, -95.60578679993382 29.76389112492362, -95.60578682445839 29.76389207200123))",-95.60578901244956,29.76399463300345,482014507003,commercial,False,0,0.8509687034277198,332.7,2.5201401050788093,2.5201401050788093,2.5,2.2,1.92,2.0,1.8,2.2200700525394046
300b3682-7bf3-44d0-8326-348f10f66d82,hurricane-harvey_00000180,building_crops/hurricane-harvey_00000180_300b3682.png,65,50,5132.295642902692,2.2015352000000004,"POLYGON ((546.2166744195208 399.3602640671976, 559.0951855901939 398.7612635476314, 558.4961850706277 414.6347773161354, 568.9786941630359 414.3352770563523, 568.0801933836866 402.6547669248116, 587.2482100098047 402.6547669248116, 588.446211048937 429.6097903052901, 546.2166744195208 428.4117892661577, 545.6176738999546 416.731279134617, 542.9221715619068 416.731279134617, 546.2166744195208 399.3602640671976))","POLYGON ((-95.65110003316472 29.71252829044116, -95.6510379791476 29.71253205716215, -95.65103911126279 29.71246516106357, -95.6509885813897 29.71246743512385, -95.65099420837642 29.71251653113819, -95.65090175021719 29.7125183833682, -95.65089298782131 29.7124050002618, -95.65109681708589 29.71240596390309, -95.65110099946146 29.71245508885291, -95.65111400138036 29.7124548283679, -95.65110003316472 29.71252829044116))",-95.65100137780595,29.712460532234253,482014543032,commercial,False,0,1.0,205.3,2.737201365187713,2.737201365187713,2.5,2.2,1.92,2.0,1.8,2.3286006825938568
d1420ff9-bc5a-4bf1-97c7-6c215e615216,hurricane-harvey_00000220,building_crops/hurricane-harvey_00000220_d1420ff9.png,43,71,4610.406107293201,2.2015352000000004,"POLYGON ((510.0741803025293 220.6791260343084, 509.6679631204701 233.2718586781425, 515.3550036692984 236.1153789525567, 512.9177005769434 249.5205459605091, 522.6669129463634 252.3640662349233, 525.1042160387184 256.8324552375741, 529.9788222234284 257.6448896016925, 532.8223424978426 252.3640662349233, 532.916221389275 219.8504383877988, 532.916221389275 205.1529359544798, 515.4629372497087 205.6122329055211, 515.156739282348 216.6353597305103, 514.2381453802655 217.7070526162732, 512.8602545271418 221.6876261919637, 510.0741803025293 220.6791260343084))","POLYGON ((-95.62749634506122 29.74826411948879, -95.62749692155936 29.74821105590833, -95.62746916708889 29.74819962788068, -95.62747945505846 29.74814294861428, -95.62743209916859 29.74813191005786, -95.62741984734883 29.74811332854878, -95.62739623636007 29.74811037496971, -95.62738309556562 29.74813288373585, -95.62738621489859 29.74826979894774, -95.62738782974846 29.74833168620762, -95.62747199782523 29.74832807882797, -95.62747226416629 29.74828163402787, -95.62747657896544 29.74827703334028, -95.62748279042336 29.74826014009556, -95.62749634506122 29.74826411948879))",-95.62743207134122,29.748226899644035,482014516051,large_multi_family,True,40,0.7732035928143712,55.7,2.8,2.8,2.5,2.2,1.92,2.0,1.8,2.36
f08f2790-0b97-43ba-b829-f1a39d454832,hurricane-harvey_00000381,building_crops/hurricane-harvey_00000381_f08f2790.png,61,36,3213.0682453285326,2.2015352000000004,"POLYGON ((204.4259663468689 60.87884897334195, 204.5447545226617 75.96494729902464, 246.7145569290976 75.84615912323186, 246.4769805775121 59.45339086382862, 204.4259663468689 60.87884897334195))","POLYGON ((-95.5895866535886 29.71340100238941, -95.58958444928481 29.71333749119966, -95.58938105252898 29.71334197176843, -95.5893839709749 29.71341097369853, -95.5895866535886 29.71340100238941))",-95.58948262433913,29.713372896198646,482014525012,commercial,False,0,0.9586894586894587,128.5,1.0,1.0,2.5,2.2,1.92,2.0,1.8,1.46
67f27109-16c0-450e-b4b9-a89b10020558,hurricane-harvey_00000452,building_crops/hurricane-harvey_00000452_67f27109.png,45,34,1529.637594053698,2.2015352000000004,"POLYGON ((770.487148688356 1024, 770.371028250879 1014.008413345754, 780.4735063113673 1011.105402408832, 783.608758123243 1009.363595846679, 796.2658858082224 1014.124533783231, 796.73036755813 1024, 770.487148688356 1024))","POLYGON ((-95.58192338996935 29.71380721376919, -95.5819250273472 29.71384927424814, -95.58187660963937 29.71386244870219, -95.58186167410895 29.71387007796887, -95.58180010741226 29.71385122235793, -95.58179680223715 29.71380968360541, -95.58192338996935 29.71380721376919))",-95.58186125582952,29.713834196600644,482014524011,small_multi_family,True,16,0.9487179487179487,30.4,2.58675799086758,2.58675799086758,2.5,2.2,1.92,2.0,1.8,2.25337899543379
2692ab94-a900-446e-9787-686f19f862a7,hurricane-harvey_00000024,building_crops/hurricane-harvey_00000024_2692ab94.png,53,45,2395.431175594942,1.9022960000000002,"POLYGON ((842.0383302512673 304.5809070976261, 843.218005302835 283.3467561694084, 814.5125790480221 281.7738561006515, 812.1532289448868 292.3909315647604, 812.9396789792654 304.9741321148153, 842.0383302512673 304.5809070976261))","POLYGON ((-95.38248432303209 29.7732902821221, -95.38248074658661 29.77337979873367, -95.3826194568008 29.77338392458963, -95.38262978591781 29.77333901233143, -95.38262473503323 29.77328609469766, -95.38248432303209 29.7732902821221))",-95.38255539973329,29.77333499160024,482015102021,vacant,False,0,0.9615384615384616,0.0,4.145161290322581,4.145161290322581,2.5,2.2,1.92,2.0,1.8,3.0325806451612904
5cbc1dc0-f24e-4427-baf9-2cf2bdf62c00,hurricane-harvey_00000452,building_crops/hurricane-harvey_00000452_5cbc1dc0.png,61,45,4558.888352760939,2.2015352000000004,"POLYGON ((479.1989269218691 629.0570198519852, 488.5356764448828 628.908817478604, 489.2766883117887 624.7591510239312, 492.0925334060309 624.7591510239312, 493.4263547664614 624.7591510239312, 494.3155690067485 621.3504964361642, 518.6207582412604 622.0915083030701, 519.954579601691 623.5735320368818, 521.4366033355027 644.4700666836269, 521.2884009621215 646.9895070311068, 505.4307470103362 647.7305188980126, 502.7631042894752 646.2484951642009, 502.4666995427128 643.2844476965776, 497.8724259678966 643.2844476965776, 495.649390367179 643.8772571901022, 495.649390367179 646.9895070311068, 495.0565808736543 647.8787212713938, 479.9399387887749 646.6931022843444, 479.1989269218691 629.0570198519852))","POLYGON ((-95.5833710633325 29.71544276932283, -95.58332604156412 29.71544427261765, -95.58332291481183 29.71546181530763, -95.58330933199343 29.71546208047884, -95.58330289802676 29.71546220608576, -95.58329897644383 29.71547664256954, -95.5831816553118 29.71547581118722, -95.5831750614694 29.71546969646302, -95.58316565840158 29.71538184743586, -95.58316610150213 29.71537122492766, -95.5832425142148 29.71536661150149, -95.58325554201504 29.7153726006186, -95.58325729154151 29.71538505335586, -95.58327945296595 29.71538462071712, -95.58329011228338 29.71538191524467, -95.58328977653396 29.71536881056326, -95.58329254014363 29.71536501054374, -95.58336558626877 29.71536857924954, -95.5833710633325 29.71544276932283))",-95.5832632490255,29.715419297749133,482014524012,commercial,False,0,0.9377289377289377,182.4,2.8,2.8,2.5,2.2,1.92,2.0,1.8,2.36
6076f52e-b76e-46e4-85da-9e2d01e6135a,hurricane-harvey_00000508,building_crops/hurricane-harvey_00000508_6076f52e.png,53,68,7139.143065245336,2.2015352000000004,"POLYGON ((994.2771338930824 401.6531417188431, 984.0524673059161 402.1519059426074, 983.8030851940341 408.635840851542, 967.5932479216975 409.6333692990704, 967.3438658098154 400.4062311594327, 961.608077236527 400.9049953831968, 960.1117845652344 360.5050932582964, 993.0302233336719 360.2557111464143, 994.2771338930824 401.6531417188431))","POLYGON ((-95.61705708518879 29.86403038347136, -95.61710640442072 29.86402730473224, -95.61710689602205 29.86399999056628, -95.61718506228743 29.86399423918044, -95.61718728070973 29.86403305144884, -95.61721492352503 29.86403040270355, -95.61722658953067 29.86420029874866, -95.6170676563172 29.8642045019405, -95.61705708518879 29.86403038347136))",-95.6171416056158,29.86410733031768,482015407004,commercial,False,0,0.8129496402877698,285.6,2.6149425287356323,2.6149425287356323,2.5,2.2,1.92,2.0,1.8,2.267471264367816
6daa418c-017d-4215-9080-ebd937ac8c8b,hurricane-harvey_00000431,building_crops/hurricane-harvey_00000431_6daa418c.png,92,81,11802.447988191565,2.2015352000000004,"POLYGON ((882.4883400440262 245.8534720339428, 867.8329467265971 247.6853961986214, 866.3674073948542 233.396387714128, 918.3871160372837 222.0847936476241, 933.4420725728154 219.9020222469096, 937.2312901940328 231.0208529968086, 939.2229953891018 241.2569078728139, 922.9761780199542 243.0057470174572, 915.2566441433116 237.4704238624016, 919.762104625488 277.5193345113919, 886.022828900154 281.1181905887608, 883.7735438517984 248.0537003779336, 882.4883400440262 245.8534720339428))","POLYGON ((-95.55259372417537 29.7478519694391, -95.55266424640779 29.74784289057419, -95.55267284342906 29.74790292162823, -95.55242303596376 29.74795539724931, -95.55235062302208 29.74796599053797, -95.55233115190222 29.74791952472291, -95.55232044869496 29.74787660865197, -95.55239865906948 29.74786773156202, -95.55243649953101 29.7478903204995, -95.55241048450529 29.74772210380139, -95.55257290485227 29.74770380742711, -95.55258728773433 29.74784282451665, -95.55259372417537 29.7478519694391))",-95.55249509325239,29.747845717095842,482014310023,commercial,False,0,1.0,472.1,2.7920489296636086,2.7920489296636086,2.5,2.2,1.92,2.0,1.8,2.3560244648318043
fcd95a88-99cb-4c6f-9a3c-47e7ccfccd24,hurricane-harvey_00000180,building_crops/hurricane-harvey_00000180_fcd95a88.png,69,74,5853.313377231161,2.2015352000000004,"POLYGON ((844.9763500589756 400.844092767735, 856.2227753007536 389.3727390211214, 867.244272037696 398.819736224215, 877.5909832601317 408.7165904369796, 847.2256351073312 444.0303656961624, 827.6568551866375 424.6865142803043, 837.3287808945665 412.090518009513, 843.6267790299622 417.713730630402, 851.7242052040424 408.9415189418152, 844.9763500589756 400.844092767735))","POLYGON ((-95.64965878148148 29.71255090587894, -95.64960580275014 29.71260029430028, -95.6495515945476 29.71256158048833, -95.64950059149093 29.71252090727739, -95.64964315368321 29.71236927953945, -95.64973968521828 29.71244884025512, -95.6496944257199 29.71250281213992, -95.64966342472633 29.71247974288256, -95.64962533681262 29.71251746194028, -95.64965878148148 29.71255090587894))",-95.64961832174481,29.712484121213183,482014543032,commercial,False,0,1.0,234.1,2.737201365187713,2.737201365187713,2.5,2.2,1.92,2.0,1.8,2.3286006825938568
4b15a6be-7373-4087-9a86-1f03570a37db,hurricane-harvey_00000176,building_crops/hurricane-harvey_00000176_4b15a6be.png,68,34,3107.820680368113,2.2015352000000004,"POLYGON ((918.4311448814949 814.9548619512074, 962.5909595660817 815.9318490017513, 961.6139725155377 828.4372832487139, 913.5462096287752 829.6096677093667, 916.0863759601895 815.7364515916425, 918.4311448814949 814.9548619512074))","POLYGON ((-95.62534822384953 29.7414891172169, -95.62513504329743 29.74148923296796, -95.62513838486196 29.74143648220123, -95.62537018542676 29.74142694168101, -95.62535945169114 29.74148560155297, -95.62534822384953 29.7414891172169))",-95.62525354269606,29.741460193685274,482014516051,large_multi_family,True,38,0.7732035928143712,52.9,2.8,2.8,2.5,2.2,1.92,2.0,1.8,2.36
ccc550f1-c5e0-4097-ae8c-926ad5fa8bd3,hurricane-harvey_00000477,building_crops/hurricane-harvey_00000477_ccc550f1.png,76,67,6698.515839327538,2.2015352000000004,"POLYGON ((688.381465642585 458.1076597621224, 705.8488044711291 437.7968006591641, 716.0042340226083 448.7646645747615, 724.5347948458508 441.0465381156374, 728.1907494843832 442.2651896618149, 744.4394367667498 457.295225398004, 731.0342697587974 469.8879580418381, 720.8788402073183 461.3573972185957, 715.19179965849 465.4195690391873, 723.7223604817325 473.1376954983115, 712.3482793840758 484.9179937780273, 687.9752484605259 465.8257862212465, 687.1628140964076 460.1387456724182, 688.381465642585 458.1076597621224))","POLYGON ((-95.59314706209769 29.75048263588291, -95.59306497866388 29.7505698101574, -95.59301478578331 29.75052458958767, -95.59297445978082 29.75055789490971, -95.59295668636543 29.75055310956656, -95.59287665096134 29.7504913612242, -95.5929399700558 29.75043706955624, -95.59298989856013 29.75047202759474, -95.59301690000657 29.75045438518595, -95.59297490015412 29.75042269426216, -95.59302850656651 29.75037201559974, -95.59314818524213 29.75045009932457, -95.59315272225275 29.7504739684256, -95.59314706209769 29.75048263588291))",-95.59302633972538,29.750477808241083,482014513021,commercial,False,0,0.9543080939947781,267.9,2.8707386363636362,2.8707386363636362,2.5,2.2,1.92,2.0,1.8,2.3953693181818183
3f4ed97f-6989-4493-8b85-405a5c2df4e7,hurricane-harvey_00000463,building_crops/hurricane-harvey_00000463_3f4ed97f.png,61,66,4970.422048715258,2.2015352000000004,"POLYGON ((674.0621600671385 627.0029751790057, 690.2563631365375 611.5285144682467, 683.5594011980065 602.8027568303874, 686.9275788389755 598.6690842710163, 670.0866906341308 581.6750970824913, 666.8716119768421 584.4308787887386, 663.7047903505281 580.8400384543273, 648.3913492756467 598.2132808334075, 674.0621600671385 627.0029751790057))","POLYGON ((-95.59836151470292 29.75829644906716, -95.59828504829238 29.75836314171592, -95.59831831431339 29.75839924724994, -95.59830250978695 29.75841697193452, -95.59838562622461 29.75848692958959, -95.5984008417111 29.75847502116329, -95.59841651420163 29.75848984039866, -95.59848852390476 29.75841523620306, -95.59836151470292 29.75829644906716))",-95.5983830266889,29.758397813176146,482014512001,commercial,False,0,0.7973640856672158,198.8,2.773755656108597,2.773755656108597,2.5,2.2,1.92,2.0,1.8,2.3468778280542986
3da32186-98b3-458e-83d2-3d7bfa99fb01,hurricane-harvey_00000159,building_crops/hurricane-harvey_00000159_3da32186.png,85,42,6855.944901117582,2.2015352000000004,"POLYGON ((634.9787972627047 854.5835533828666, 700.3074746361912 853.777963517401, 700.4389427301978 832.8515331961831, 636.0569528871894 831.8899630366192, 634.9787972627047 854.5835533828666))","POLYGON ((-95.6326672938629 29.78000276477902, -95.63235204977109 29.78001243866033, -95.63235372173222 29.78010056613875, -95.63266459136281 29.78009842424452, -95.6326672938629 29.78000276477902))",-95.63251152985532,29.780053402557417,482014505001,commercial,False,0,0.9020979020979021,274.2,3.365979381443299,3.365979381443299,2.5,2.2,1.92,2.0,1.8,2.6429896907216497
fb4ea001-ac8b-425b-b9e5-369ab06ef45a,hurricane-harvey_00000088,building_crops/hurricane-harvey_00000088_fb4ea001.png,82,58,6570.028922159412,2.2015352000000004,"POLYGON ((224.3134291843247 260.8191672827988, 236.3440845680075 260.6311882924288, 236.2985294419782 268.531168481331, 241.8080797185862 269.0592755131328, 242.1559495965049 266.7327636429682, 252.17501229176 266.8470994044876, 252.269001786945 269.6386961572169, 257.6622329517995 269.3363814053275, 258.0788834652084 266.9866440257019, 270.1221432787386 267.3984319457503, 270.1880446711023 269.4381127369995, 286.2476439178937 268.9555608312269, 285.8765485305141 284.6924990597944, 269.6163658635053 284.4105305742393, 269.1464183875801 299.0728918231027, 241.7954752887388 297.9450178808825, 241.5135068031837 283.8465936031291, 234.7462631498622 283.376646127204, 234.276315673937 272.0979067050014, 224.0314606987696 272.2858856953715, 224.3134291843247 260.8191672827988))","POLYGON ((-95.65343628459341 29.83117602559037, -95.6533782281248 29.83117798418009, -95.65337756885499 29.83114472852139, -95.6533509130112 29.83114304030776, -95.65334949260063 29.83115286641617, -95.65330111335925 29.83115335733132, -95.65330034896353 29.83114161654125, -95.6532743470587 29.83114341229447, -95.65327259719018 29.83115334283305, -95.65321441313478 29.831152778137, -95.65321386801818 29.83114419945633, -95.65313639481181 29.83114778871838, -95.6531364350621 29.83108151548507, -95.65321496160068 29.83108112465246, -95.65321559858653 29.83101936475584, -95.6533477592233 29.83102145817996, -95.65335068939318 29.8310807714861, -95.65338341019427 29.83108209286834, -95.65338693404665 29.83112951979895, -95.65343636962884 29.83112773449212, -95.65343628459341 29.83117602559037))",-95.6532816543016,29.8310998770473,482015417012,commercial,False,0,0.9,262.8,3.138888888888889,3.138888888888889,2.5,2.2,1.92,2.0,1.8,2.5294444444444446
f84db9ea-4f56-4eb3-ad9b-865291360f4f,hurricane-harvey_00000391,building_crops/hurricane-harvey_00000391_f84db9ea.png,36,38,1370.221174557759,2.2015352000000004,"POLYGON ((815.710765588106 194.6642475457384, 830.6385149754266 194.3771754421361, 832.0738754934381 209.8790690366613, 830.9255870790289 212.7497900726845, 815.9978376917084 213.0368621762868, 815.9978376917084 194.9513196493408, 815.710765588106 194.6642475457384))","POLYGON ((-95.6027780542373 29.76434473239633, -95.60270604455665 29.76434735956931, -95.60269742930238 29.76428222396295, -95.6027026582731 29.76427002744877, -95.60277466789876 29.76426740028094, -95.60277663756987 29.76434355093374, -95.6027780542373 29.76434473239633))",-95.60273853942826,29.764306986112363,482014507001,small_multi_family,True,15,0.8839103869653768,26.5,3.5920398009950247,3.5920398009950247,2.5,2.2,1.92,2.0,1.8,2.7560199004975123
371350f8-9f51-4c4b-958c-22233c6d1898,hurricane-harvey_00000391,building_crops/hurricane-harvey_00000391_371350f8.png,60,60,4952.921893623905,2.2015352000000004,"POLYGON ((203.4498121054829 462.3391982997242, 208.125914176038 473.5618432690565, 212.3344060395376 473.5618432690565, 214.6724570748152 482.4464372031113, 210.9315754183711 482.9140474101667, 212.3344060395376 490.395810723055, 212.8020162465932 493.2014719653881, 196.9032692067057 496.9423536218322, 197.3708794137612 489.4605903089439, 192.6947773432061 487.5901494807219, 186.1482344444289 482.4464372031113, 178.1988609244852 485.2520984454443, 177.2636405103742 485.2520984454443, 176.7960303033186 482.9140474101667, 174.4579792680411 475.8998943043341, 173.5227588539301 462.8068085067797, 187.5510650655955 456.2602656080025, 194.0976079643726 460.0011472644466, 203.4498121054829 462.3391982997242))","POLYGON ((-95.60570362146724 29.76315945702262, -95.60567983148678 29.7631126480709, -95.6056595217065 29.76311304839565, -95.6056472698668 29.76307586156788, -95.60566527201762 29.7630735368191, -95.60565768640447 29.76304216775153, -95.60565512388102 29.76303039879094, -95.60573144179745 29.76301313518953, -95.60573000086792 29.76304468217789, -95.6057527712034 29.76305211298789, -95.60578492498682 29.76307314821051, -95.60582298198293 29.7630605785643, -95.60582749526453 29.76306048959808, -95.605830006825 29.76307028964749, -95.60584205479309 29.76309960082836, -95.60584799563964 29.76315464124254, -95.60578101011589 29.76318354042592, -95.60574900924375 29.76316841192459, -95.60570362146724 29.76315945702262))",-95.60574852651116,29.763102858251223,482014507003,commercial,False,0,0.8509687034277198,198.1,2.5201401050788093,2.5201401050788093,2.5,2.2,1.92,2.0,1.8,2.2200700525394046
20cec5c8-fedd-4620-933f-78a57031c403,hurricane-harvey_00000024,building_crops/hurricane-harvey_00000024_20cec5c8.png,144,95,29486.119847785845,1.9022960000000002,"POLYGON ((650.673681151201 242.2197921089073, 671.101660471035 242.4089400655725, 671.6691043410303 243.7329757622284, 766.9996745002553 244.1112716755586, 770.7826336335578 246.9484910255356, 770.9717815902229 314.0960156416563, 764.5407510636086 314.6634595116517, 763.4714329299985 314.1644443826336, 763.4001450544245 311.5267929863955, 651.608978376049 310.2674316419058, 650.6035718904938 308.6476100818446, 649.0129521122359 262.736701741717, 650.526135765557 260.8452221750657, 650.3369878088919 242.8761662918785, 650.673681151201 242.2197921089073))","POLYGON ((-95.38341420868734 29.77353622406793, -95.38331558937446 29.77353720546438, -95.38331271838973 29.77353167952666, -95.38285254516563 29.77353838232604, -95.38283400283798 29.77352676436674, -95.38282639275303 29.7732440322473, -95.38285737695917 29.7732410832503, -95.38286258803205 29.77324309148783, -95.38286319519351 29.77325419205591, -95.38340290571958 29.77324976675824, -95.38340792013136 29.77325650008889, -95.38342017776684 29.77344968580984, -95.38341306273475 29.77345778225169, -95.3834157683353 29.77353343086838, -95.38341420868734 29.77353622406793))",-95.3831219398662,29.773393292993894,482015102023,vacant,False,0,1.0,0.0,3.7289719626168223,3.7289719626168223,2.5,2.2,1.92,2.0,1.8,2.824485981308411
3c12c5e6-18a8-474a-bd90-570f54dcccb8,hurricane-harvey_00000351,building_crops/hurricane-harvey_00000351_3c12c5e6.png,55,66,5406.591989160138,2.2015352000000004,"POLYGON ((942.0646280379457 124.99421947571, 912.4962013669069 129.0132289261425, 907.6159756056676 109.2052537775825, 913.3574176777139 106.047460637957, 919.9600760605672 104.3250280163431, 915.9410666101347 90.2584949398295, 927.4239507542275 82.79462024616923, 937.1844022767064 86.8136296966017, 943.7870606595596 122.6976426468915, 942.0646280379457 124.99421947571))","POLYGON ((-95.58251906972254 29.76934943749824, -95.58266134116742 29.76932972660147, -95.58268703561328 29.76941267074811, -95.58265966704717 29.76942650852626, -95.5826279868422 29.76943438371794, -95.58264890421552 29.76949323390665, -95.58259429113724 29.76952574448053, -95.58254674986843 29.76950974225353, -95.58251100498093 29.76935926998938, -95.58251906972254 29.76934943749824))",-95.58259480379796,29.769417680873595,482014507002,commercial,False,0,1.0,216.3,3.4884233737596473,3.4884233737596473,2.5,2.2,1.92,2.0,1.8,2.7042116868798236
82881c0f-d485-4dd3-99b9-b6f2691bd470,hurricane-harvey_00000452,building_crops/hurricane-harvey_00000452_82881c0f.png,49,74,7013.30126989167,2.2015352000000004,"POLYGON ((959.8912986409603 692.9727314204866, 960.0804465976254 694.8642109871379, 974.26654334751 695.0533589438032, 975.0231351741706 699.403761947101, 974.9971905064754 699.9700000000001, 973.2893242875332 704.7769342290569, 974.0166203471292 723.6866317785531, 975.2220733130438 730.1960777944914, 974.76 745.45, 962.350222077607 744.7992715467318, 961.2153343376162 746.8798990700482, 947.7858294143921 745.7450113300574, 947.0292375877316 744.4209756334016, 945.7052018910757 739.8814246734385, 945.66 739.87, 946.1612238921406 735.8938652672898, 945.438830314152 708.9245050223914, 946.132306948627 707.9998695097581, 946.8720627090228 706.0271874820365, 948.3350608233658 701.1505271008937, 948.0885975171981 695.4818710590348, 948.5448332273364 693.8028094935248, 949.2678531482037 692.0016260136318, 959.8912986409603 692.9727314204866))","POLYGON ((-95.58104545168632 29.71521888836405, -95.58104433541794 29.71521094173512, -95.58097588546822 29.71521148001083, -95.58097176699421 29.71519323301527, -95.58097183111315 29.71519084632383, -95.58097955125214 29.71517044515017, -95.58097400486045 29.71509089078494, -95.58096748851675 29.71506359496791, -95.58096807332728 29.71499932202074, -95.58102800446235 29.71500089445581, -95.58103325455721 29.71499202680985, -95.58109815672509 29.71499554191305, -95.58110194900755 29.71500104582378, -95.58110882505905 29.7150200358669, -95.5811090443307 29.71502007971958, -95.58110705515568 29.71503686913157, -95.58111344673299 29.71515036064964, -95.58111020127237 29.71515431924788, -95.5811068455415 29.71516269519443, -95.58110031411634 29.71518336692931, -95.58110211399482 29.71520721266595, -95.5811000942305 29.71521432559274, -95.58109680074047 29.71522197783807, -95.58104545168632 29.71521888836405))",-95.5810411553363,29.715104043309463,482014524012,commercial,False,0,0.9377289377289377,280.5,2.8,2.8,2.5,2.2,1.92,2.0,1.8,2.36
86ceed7a-0811-4f3a-8a70-09c392fe5476,hurricane-harvey_00000499,building_crops/hurricane-harvey_00000499_86ceed7a.png,45,30,2181.8286592384666,2.2015352000000004,"POLYGON ((632.1036535464208 0, 633.8547715049335 16.91000933358433, 647.4112634771549 18.45051978497313, 647.4112634771549 20.29913232663969, 653.5733052827101 20.60723441691745, 657.578632456321 12.90468215997345, 657.9704316025102 0, 632.1036535464208 0))","POLYGON ((-95.61862495458509 29.85706636256002, -95.61861464007097 29.85699535773669, -95.61854901222485 29.85699017300458, -95.61854880899125 29.85698239236793, -95.6185190212655 29.85698168609852, -95.6185005280516 29.85701448924265, -95.61850005491827 29.85706884138542, -95.61862495458509 29.85706636256002))",-95.6185592421144,29.857029541307124,482015407002,commercial,False,0,1.0,87.3,2.373177842565598,2.373177842565598,2.5,2.2,1.92,2.0,1.8,2.146588921282799
fa2acc12-c4b2-449c-9101-e05b91792d44,hurricane-harvey_00000177,building_crops/hurricane-harvey_00000177_fa2acc12.png,53,68,7121.2303058137195,2.2015352000000004,"POLYGON ((956.2423871674933 635.5670961194533, 955.3116507274864 663.3030420316607, 989.3511376827896 661.4406041205459, 989.5699145892389 630.4472090402219, 989.8444742334734 616.2956099989838, 979.6867946067823 616.5988243161985, 979.3835802895677 625.6952538326383, 971.1967937247719 625.9984681498529, 970.7419722489499 614.6279312543031, 956.7941136570755 616.2956099989838, 956.2423871674933 635.5670961194533))","POLYGON ((-95.64068659179885 29.76782347985679, -95.64068801852119 29.76770660304602, -95.64052394138004 29.7677177271262, -95.64052631054122 29.76784825136741, -95.640526549325 29.76790786563779, -95.64057553938159 29.76790560955033, -95.64057599751507 29.76786727819946, -95.64061547551886 29.76786521212284, -95.6406189271934 29.76791304591396, -95.64068605882659 29.76790467902863, -95.64068659179885 29.76782347985679))",-95.64060764599614,29.767805068464845,482014516042,commercial,False,0,0.8717948717948718,284.8,4.717073170731707,4.717073170731707,2.5,2.2,1.92,2.0,1.8,3.3185365853658535
edfb6a60-aa91-4dcb-a74b-766bbf88cb4d,hurricane-harvey_00000180,building_crops/hurricane-harvey_00000180_edfb6a60.png,36,43,991.9869836791389,2.2015352000000004,"POLYGON ((956.1655780691707 192.9770486287465, 962.394120229078 191.5115092970036, 966.0579685584353 203.9685936168183, 961.6613505632066 205.8005177814969, 961.6613505632066 210.9299054425971, 955.2983013182433 214.946228510201, 950.0111802445446 205.6056479466667, 950.3578739130215 201.5524398451179, 955.9974697249668 201.7286772142412, 956.1655780691707 192.9770486287465))","POLYGON ((-95.64914544708991 29.71343690588328, -95.64911556512277 29.71344367827897, -95.6490965140822 29.71339157927135, -95.64911751901194 29.713383441055, -95.64911695157873 29.7133618428376, -95.64914720015105 29.71334431691641, -95.64917373647852 29.71338313655411, -95.64917251255422 29.71340023680133, -95.64914528982777 29.71340003933042, -95.64914544708991 29.71343690588328))",-95.64913458496432,29.713394030023156,482014543032,small_multi_family,True,11,1.0,22.0,2.737201365187713,2.737201365187713,2.5,2.2,1.92,2.0,1.8,2.3286006825938568
c89c1ac0-057b-4d08-be5f-5c892b54b96c,hurricane-harvey_00000508,building_crops/hurricane-harvey_00000508_c89c1ac0.png,52,73,7461.380715862328,2.2015352000000004,"POLYGON ((474.1453368176173 586.3556205735778, 476.4897186675601 587.6426824911208, 491.7773335560027 587.7085068937931, 492.5285850048443 595.2608763881088, 493.8415286701978 596.0208320311177, 506.2285850048443 596.0942097214422, 506.8402602689288 595.4208320311179, 506.7402602689288 544.5172552025434, 505.9190485908341 543.7655996403437, 495.8523819241674 543.998932973677, 495.3180652342342 544.6666373144254, 495.7674473461163 549.3036616639496, 494.0217725629416 549.8024258877138, 494.0217725629416 553.0443933421811, 490.7798051084743 553.2937754540632, 489.9230657977095 543.5476814191992, 488.5647993755306 542.5102244743488, 475.7015395952535 542.5157006526234, 473.5653682515173 543.691715518978, 474.1453368176173 586.3556205735778))","POLYGON ((-95.6195484354359 29.86320313929874, -95.61953697314327 29.86319794697431, -95.61946314405706 29.8631991357413, -95.6194586855722 29.86316742061097, -95.6194522619468 29.86316434792043, -95.61939243845518 29.86316522674705, -95.61938955883029 29.86316811957245, -95.6193956412013 29.86338235801175, -95.61939968941414 29.863385442917, -95.61944827442503 29.86338349564563, -95.61945078112302 29.86338063411455, -95.61944810101922 29.86336116043462, -95.61945647579648 29.86335889380889, -95.61945611916452 29.86334524869531, -95.61947174678117 29.86334388822603, -95.61947695599247 29.8633848264049, -95.619483629018 29.8633890627225, -95.61954574349143 29.86338780629791, -95.61955592942346 29.86338265174387, -95.6195484354359 29.86320313929874))",-95.6194695931616,29.863282156211888,482015407004,commercial,False,0,0.8129496402877698,298.5,2.6149425287356323,2.6149425287356323,2.5,2.2,1.92,2.0,1.8,2.267471264367816
4a405b70-48b2-4100-ab05-0bfc93c09764,hurricane-harvey_00000431,building_crops/hurricane-harvey_00000431_4a405b70.png,128,54,8747.292531571502,2.2015352000000004,"POLYGON ((225.7437674145491 173.5982929106781, 329.9698578190657 191.5683084976637, 326.6753549614517 208.6398233053, 221.5507637775858 189.471806679182, 223.6472655960674 176.2937952487259, 225.7437674145491 173.5982929106781))","POLYGON ((-95.55577048062975 29.74809500837782, -95.55526563037452 29.74802906032046, -95.55527970345707 29.74795686925729, -95.55578901698617 29.74802777796848, -95.5557803089605 29.74808346277608, -95.55577048062975 29.74809500837782))",-95.55552522170031,29.748027026507696,482014310021,vacant,False,0,0.9722222222222222,0.0,4.247126436781609,4.247126436781609,2.5,2.2,1.92,2.0,1.8,3.0835632183908044
a38691c9-d69d-4a34-9284-116e58b55e3c,hurricane-harvey_00000470,building_crops/hurricane-harvey_00000470_a38691c9.png,52,80,8615.400151339629,2.2015352000000004,"POLYGON ((54.97331763251899 746.4561458285478, 58.32 745.86, 59.03942661083985 746.849228479568, 60.8 799.84, 49.11937791724153 800.0659095368785, 46.9626632852972 798.217296995212, 31.24945668113138 796.3686844535455, 28.12 796.1, 28.41877178299608 748.2524607680475, 27.19 745.5, 28.47653786863152 745.5318395577146, 28.78463995890929 742.4508186549372, 54.35711345196347 739.986001932715, 54.97331763251899 746.4561458285478))","POLYGON ((-95.62177586535714 29.78321374786467, -95.62175977701841 29.78321657844779, -95.62175619588179 29.78321248219401, -95.62174188033244 29.78298953284992, -95.62179823550417 29.78298746302418, -95.6218088484785 29.78299504007041, -95.62188489587245 29.78300131879345, -95.62190003061932 29.78300215037421, -95.62190384177447 29.78320364130477, -95.62191007501634 29.78321511287091, -95.62190386165219 29.78321510202699, -95.62190271277572 29.7832281041896, -95.62177954999432 29.78324093142849, -95.62177586535714 29.78321374786467))",-95.62182521549407,29.783111906380693,482014504021,large_multi_family,True,40,0.8544,61.5,2.8,2.8,2.5,2.2,1.92,2.0,1.8,2.36
f9d779f0-5ded-42df-8a1e-96a26187b652,hurricane-harvey_00000508,building_crops/hurricane-harvey_00000508_f9d779f0.png,59,52,4969.607805032963,2.2015352000000004,"POLYGON ((893.7744952304134 411.4562043534371, 885.1770091856266 411.4562043534371, 885.3724065957355 415.5595499657218, 871.3037930679025 415.5595499657218, 871.8899852982288 411.6516017635459, 861.3385251523541 411.8469991736547, 862.9017044332244 385.0775539887503, 873.4531645790992 385.0775539887503, 873.4531645790992 382.7327850674448, 894.5560848708486 382.537387657336, 894.5560848708486 387.4223229100558, 900.8088019943299 387.226925499947, 901.1995968145475 398.5599752862569, 893.1883030000871 398.7553726963657, 893.7744952304134 411.4562043534371))","POLYGON ((-95.61754132620572 29.86397949471185, -95.61758284270212 29.86397867095311, -95.61758144806927 29.86396141908346, -95.61764938413897 29.86396007108791, -95.61764698307645 29.86397657543669, -95.6176979136534 29.86397474200851, -95.61769330806635 29.86408756182919, -95.61764235595153 29.86408857284998, -95.61764261371658 29.86409844175879, -95.61754073094876 29.86410128615139, -95.6175401939592 29.86408072592301, -95.61751002159139 29.86408214742283, -95.61750688867744 29.86403448513444, -95.6175455530464 29.86403289514116, -95.61754132620572 29.86397949471185))",-95.61761039554632,29.86403458436855,482015407004,commercial,False,0,0.8129496402877698,198.8,2.6149425287356323,2.6149425287356323,2.5,2.2,1.92,2.0,1.8,2.267471264367816
9ab5a0e5-e9b7-4f9b-9426-45262f3af453,hurricane-harvey_00000156,building_crops/hurricane-harvey_00000156_9ab5a0e5.png,76,58,6240.2566129937295,2.2015352000000004,"POLYGON ((864.3620481584335 671.6461043794757, 920.5941743673233 680.8681730777337, 917.8950323092965 710.3338072111919, 886.8548986419894 707.184808143494, 890.9036117290295 689.865313271156, 863.6872626439268 686.0415286889515, 864.3620481584335 671.6461043794757))","POLYGON ((-95.63652299149187 29.78069658837092, -95.63625054743514 29.78066317233455, -95.63626032324768 29.78053884199141, -95.63641049782508 29.78054911232692, -95.63639286712541 29.78062242910458, -95.63652465936768 29.78063590883865, -95.63652299149187 29.78069658837092))",-95.63636655681702,29.78062260548136,482014505001,commercial,False,0,0.9020979020979021,249.6,3.365979381443299,3.365979381443299,2.5,2.2,1.92,2.0,1.8,2.6429896907216497
08f548b9-5802-4b75-99fa-acaa8a6da831,hurricane-harvey_00000076,building_crops/hurricane-harvey_00000076_08f548b9.png,63,52,2284.298362874042,1.9022960000000002,"POLYGON ((90.78364525208532 526.1652642079226, 106.9934825244219 516.6887439564027, 110.7342142026534 522.1751504178089, 125.6971409155795 512.9480122781713, 131.6823116007499 527.162792655451, 97.26758016101996 543.1232478159054, 90.78364525208532 526.1652642079226))","POLYGON ((-95.35725475567266 30.02629251891791, -95.35717735061345 30.02633378031815, -95.35715872394971 30.02631102925605, -95.35708732082028 30.02635113371178, -95.35705697695478 30.02629186662515, -95.35722172788994 30.0262217575169, -95.35725475567266 30.02629251891791))",-95.35716035752948,30.02628779945371,482012408021,commercial,False,0,0.9578783151326054,91.4,3.220108695652174,3.220108695652174,2.5,2.2,1.92,2.0,1.8,2.570054347826087
a4562b4d-2f65-4f4f-915d-d2c808998377,hurricane-harvey_00000356,building_crops/hurricane-harvey_00000356_a4562b4d.png,52,76,7748.13800981866,2.2015352000000004,"POLYGON ((0 901.1863976632386, 9.450628195583871 897.8978548410103, 24.12258847937185 897.391925176052, 28.9289202964748 899.668608668364, 29.68781479391211 937.1074038752712, 42.08309158538815 937.1074038752712, 41.83012675290905 954.8149421488084, 22.85776431697633 954.0560476513712, 23.86962364689274 944.1904191846861, 4.39133154600181 944.9493136821234, 4.644296378480914 936.8544390427921, 0 938.1192632051876, 0 901.1863976632386))","POLYGON ((-95.57665624120993 29.74893841665793, -95.57661099307944 29.7489531522344, -95.57654025042875 29.74895666201765, -95.5765168129553 29.74894752752339, -95.57650911726373 29.74878995612263, -95.57644930596074 29.74879112149256, -95.57644861879011 29.74871653694412, -95.57654024839972 29.74871794866935, -95.5765364288055 29.74875958479883, -95.57663033618945 29.74875455797003, -95.5766299877542 29.74878866667097, -95.57665226173128 29.74878290423145, -95.57665624120993 29.74893841665793))",-95.5765653213179,29.748837680878932,482014511001,commercial,False,0,0.8672875436554133,309.9,3.3506493506493507,3.3506493506493507,2.5,2.2,1.92,2.0,1.8,2.635324675324675
4028f1e8-1692-44f9-94ed-969c268adab7,hurricane-harvey_00000156,building_crops/hurricane-harvey_00000156_4028f1e8.png,77,65,5494.814637887154,2.2015352000000004,"POLYGON ((682.117839048624 348.7166386682502, 692.2396217662241 353.6650657746325, 693.1393357855663 346.242425115059, 699.8871909306332 347.5919961440724, 713.1579727159312 372.334131675984, 732.2768956269539 367.6106330744373, 739.0247507720206 384.9301279467754, 729.8026820737628 392.1278401015133, 725.9788974915582 381.3312718694064, 716.3069717836291 381.3312718694064, 712.7081157062602 388.3040555193088, 701.4616904644821 389.8785550531577, 694.0390498049086 368.735275598615, 681.8929105437884 370.309775132464, 682.117839048624 348.7166386682502))","POLYGON ((-95.63743832708056 29.78203878639481, -95.6373889232711 29.78201892531199, -95.6373854001631 29.78205026633856, -95.63735267957867 29.7820452338182, -95.63728588978458 29.78194233113429, -95.63719412547519 29.78196406208885, -95.63715964135159 29.78189178530304, -95.6372033608624 29.78186058966483, -95.63722301033584 29.78190568218159, -95.63726969614483 29.78190475043562, -95.63728629756149 29.78187504358756, -95.63734040948148 29.78186733042497, -95.63737857317103 29.78195564287238, -95.63743702799097 29.78194784298949, -95.63743832708056 29.78203878639481))",-95.63731515642695,29.781949154858438,482014505001,commercial,False,0,0.9020979020979021,219.8,3.365979381443299,3.365979381443299,2.5,2.2,1.92,2.0,1.8,2.6429896907216497
f716a26e-723f-4d98-8a41-a514617b8360,hurricane-harvey_00000507,building_crops/hurricane-harvey_00000507_f716a26e.png,86,73,8775.02132345483,2.2015352000000004,"POLYGON ((348.5139692832435 301.5831586515903, 373.1621365054644 287.1023604085356, 394.7292828249077 309.2857109085344, 390.415853561019 318.2206715265894, 408.2857747971292 308.3614046377011, 415.6802249637955 324.3827133321446, 403.9723455332405 332.3933676793664, 396.2697932762965 325.6151216932557, 369.1568093318535 341.6364303876992, 351.5949901860211 309.2857109085344, 348.5139692832435 301.5831586515903))","POLYGON ((-95.59995983623324 29.84754110755508, -95.59984241027483 29.84760440141958, -95.59973585958677 29.84751308364008, -95.5997557107541 29.84747506634031, -95.59967050714747 29.84751826342458, -95.5996330573794 29.84745153342166, -95.59968871118024 29.84741670321871, -95.59972664006231 29.84744450007596, -95.59985579841488 29.84737448790096, -95.59994412001217 29.84750898078195, -95.59995983623324 29.84754110755508))",-95.59981381047695,29.847488438348257,482015401013,commercial,False,0,1.0,351.0,2.4176372712146423,2.4176372712146423,2.5,2.2,1.92,2.0,1.8,2.1688186356073214
50061fcd-0105-4fef-9661-4a4bf97ae34c,hurricane-harvey_00000452,building_crops/hurricane-harvey_00000452_50061fcd.png,50,71,5926.067778933066,2.2015352000000004,"POLYGON ((947.5955127067111 695.6517848510571, 947.8318614998957 701.0878070943057, 946.3979870181237 705.8673887002142, 945.6893064804623 707.7572034673113, 944.9343468168795 708.7638163520882, 945.6603895369487 735.8694112346741, 945.17 739.77, 943.0571304977639 739.3139808034431, 938.1392836244705 738.935684890113, 937.7609877111404 744.6101235900667, 935.869508144489 744.9884195033969, 922.2508552645999 745.3667154167273, 922.2508552645999 743.2860878934107, 921.8725593512695 735.7201696268056, 916.71 735.13, 917.1787612407715 707.9936864697147, 918.36 706.22, 929.0601817045446 706.4022363437108, 930.1950694445352 694.6750630304728, 935.869508144489 693.7293232471471, 944.5703141510849 694.1076191604774, 945.7135952532377 694.9120237338116, 947.5955127067111 695.6517848510571))","POLYGON ((-95.58110447417613 29.71520645081824, -95.58110274816163 29.71518358367769, -95.58110914956646 29.71516332345112, -95.58111236433162 29.71515529935634, -95.58111589753183 29.7151509897922, -95.58110947366494 29.71503692497659, -95.58111141872081 29.71502045468428, -95.58112165971573 29.71502217603835, -95.58114542269338 29.71502330620158, -95.58114663583636 29.71499937733237, -95.58115571898163 29.71499760647637, -95.5812213704357 29.71499473218174, -95.5812215947107 29.71500349304876, -95.58122423504186 29.71503531515164, -95.58124920127972 29.7150373144035, -95.58124986523688 29.71515162097447, -95.58124435848472 29.71515920055755, -95.58119272434341 29.71515944003859, -95.5811885140705 29.71520892625551, -95.58116124419126 29.71521344238917, -95.58111923328674 29.71521266817271, -95.58111363172951 29.71520938864989, -95.58110447417613 29.71520645081824))",-95.58117445568936,29.71510197399227,482014524012,commercial,False,0,0.9377289377289377,237.0,2.8,2.8,2.5,2.2,1.92,2.0,1.8,2.36
0fe5bcc8-7fb9-4f4e-a2bd-147ca072493f,hurricane-harvey_00000463,building_crops/hurricane-harvey_00000463_0fe5bcc8.png,61,64,7097.6188350675,2.2015352000000004,"POLYGON ((719.3574313655989 1013.56551919982, 702.9758401117954 1014.637212085583, 699.4545634871461 983.0988214474195, 739.8726951787733 979.883742790131, 741.0974870482166 1021.06736940016, 719.3574313655989 1024, 719.3574313655989 1013.56551919982))","POLYGON ((-95.59810092002988 29.75667308396419, -95.59817985497052 29.75666701802809, -95.59820027504493 29.75679947970313, -95.59800558144735 29.7568168499262, -95.59799519540113 29.75664355818869, -95.59809978601629 29.75662914851693, -95.59810092002988 29.75667308396419))",-95.59808903548083,29.756729666427496,482014512001,commercial,False,0,0.7973640856672158,283.9,2.773755656108597,2.773755656108597,2.5,2.2,1.92,2.0,1.8,2.3468778280542986
464dd916-c81d-45c6-b7b0-30d386bf0680,hurricane-harvey_00000381,building_crops/hurricane-harvey_00000381_464dd916.png,46,66,5453.174753100039,2.2015352000000004,"POLYGON ((170.1828519444616 227.2256820445731, 171.8458864055605 274.7409523616839, 195.009580685152 274.6221641858911, 195.1283688609448 256.566361465389, 194.6532161577737 254.5469624769118, 197.7417087283859 254.1905979495334, 196.7914033220437 235.778430701653, 188.7138073681348 235.5408543500675, 188.1198664891709 227.3444702203658, 170.1828519444616 227.2256820445731))","POLYGON ((-95.58973383962204 29.71269734036374, -95.589720679763 29.71249742678804, -95.58960896152126 29.71250011347484, -95.58961034093817 29.71257615150812, -95.5896128512206 29.71258460965704, -95.58959799226302 29.71258640171519, -95.58960456704025 29.71266383936354, -95.58964355543036 29.71266407724917, -95.58964730663814 29.71269853335833, -95.58973383962204 29.71269734036374))",-95.58966903923542,29.712596436984658,482014525012,commercial,False,0,0.9586894586894587,218.1,1.0,1.0,2.5,2.2,1.92,2.0,1.8,1.46
33c50425-383a-4749-bf58-8625e9c8d73d,hurricane-harvey_00000452,building_crops/hurricane-harvey_00000452_33c50425.png,32,33,772.0552548774943,2.2015352000000004,"POLYGON ((396.5161341264433 877.4583189299415, 395.9702337190939 883.099289805885, 395.4243333117445 883.7361736144593, 395.4243333117445 889.6500946940776, 401.4292377925877 890.2869785026518, 408.3439762856798 889.6500946940776, 407.7070924771055 877.0943853250418, 407.0702086685312 876.3665181152427, 396.5161341264433 877.4583189299415))","POLYGON ((-95.58374309906677 29.71438904470169, -95.58374512367241 29.71436524098075, -95.58374768819145 29.71436250785391, -95.58374705011146 29.71433760624264, -95.58371801581411 29.71433549009073, -95.58368473022222 29.71433882304602, -95.58368915699245 29.71439163110201, -95.58369230763275 29.71439463593304, -95.58374309906677 29.71438904470169))",-95.58371602854781,29.714363628542777,482014524012,unknown_nonres,False,0,0.9377289377289377,7.7,2.8,2.8,2.5,2.2,1.92,2.0,1.8,2.36
0a8ab63a-b393-4773-aa34-ba29990a39e9,hurricane-harvey_00000381,building_crops/hurricane-harvey_00000381_0a8ab63a.png,53,41,2500.2375248290364,2.2015352000000004,"POLYGON ((987.2905558205182 550.4069941226821, 985.7744842344449 535.2462782619491, 1012.15412983212 528.7271704418339, 1019.431273445272 545.5555650472476, 1003.66412895011 549.0425296952162, 991.0807347857015 550.7102084398969, 987.2905558205182 550.4069941226821))","POLYGON ((-95.58575757621098 29.71141360387649, -95.5857665258356 29.71147729779208, -95.58563998716491 29.71150723381219, -95.585603068994 29.71143706077732, -95.58567874548163 29.71142089234901, -95.5857392615213 29.71141268435749, -95.58575757621098 29.71141360387649))",-95.58568953871428,29.711456605345127,482014524012,agricultural,False,0,0.9377289377289377,7.5,2.8,2.8,2.5,2.2,1.92,2.0,1.8,2.36
932c0a28-233b-48ab-a1e2-1b28f5a00501,hurricane-harvey_00000088,building_crops/hurricane-harvey_00000088_932c0a28.png,29,86,6021.13849253428,2.2015352000000004,"POLYGON ((0 170.4002703165706, 19.59956050636102 170.3516655158166, 17.60450361130421 237.1860715002198, 0 237.1318836379682, 0 170.4002703165706))","POLYGON ((-95.65452921295031 29.83153483023523, -95.65443460220531 29.83153693742536, -95.65443679225433 29.83125543612175, -95.65452178314247 29.83125395527319, -95.65452921295031 29.83153483023523))",-95.65448060948334,29.831397801225382,482015417012,commercial,False,0,0.9,240.8,3.138888888888889,3.138888888888889,2.5,2.2,1.92,2.0,1.8,2.5294444444444446
8acbc905-0878-4707-87a6-d6bae49aa194,hurricane-harvey_00000076,building_crops/hurricane-harvey_00000076_8acbc905.png,66,73,3767.7688176716906,1.9022960000000002,"POLYGON ((456.5171330780858 572.1337170778583, 478.7164857117447 558.5079075303022, 488.3617216836103 575.9611916698684, 487.136929814167 577.3390825229922, 501.068937329084 598.4667422708882, 483.4625542058373 609.3367701121971, 471.9801304298068 589.4339022337442, 468.1526558377967 591.7303869889503, 456.5171330780858 572.1337170778583))","POLYGON ((-95.3554824466929 30.02613085531543, -95.35537650403651 30.0261900856189, -95.35532814851202 30.0261175141577, -95.35533393133758 30.02611161288901, -95.35526449072981 30.02602395850198, -95.35534850784754 30.02597671637781, -95.35540598684935 30.02605943144855, -95.3554242580596 30.02604944137005, -95.3554824466929 30.02613085531543))",-95.355372868623,30.02608465782855,482012408021,commercial,False,0,0.9578783151326054,150.7,3.220108695652174,3.220108695652174,2.5,2.2,1.92,2.0,1.8,2.570054347826087
1987a1f1-d1db-46fb-84a3-c139633686f6,hurricane-harvey_00000431,building_crops/hurricane-harvey_00000431_1987a1f1.png,47,63,4170.0039255589245,2.2015352000000004,"POLYGON ((469.7930935276912 816.3432732973363, 478.5215985944885 815.0004263639829, 481.6549081056465 789.9339502747188, 497.097647839211 790.6053737413955, 495.7548009058576 830.666973919773, 469.5692857054656 833.800283430931, 469.5692857054656 816.7908889417874, 469.7930935276912 816.3432732973363))","POLYGON ((-95.55452419456275 29.74541132287696, -95.55448222075577 29.74541779082678, -95.55446977902756 29.74552363163448, -95.55439519212445 29.74552224376094, -95.55439739296064 29.74535342904712, -95.55452340992412 29.74533779484181, -95.55452522668227 29.74540941721716, -95.55452419456275 29.74541132287696))",-95.5544496555939,29.745423571782585,482014310012,commercial,False,0,0.878345498783455,166.8,3.037837837837838,3.037837837837838,2.5,2.2,1.92,2.0,1.8,2.478918918918919
3e440b45-73d1-4212-9e65-bfdcd8dbc22b,hurricane-harvey_00000351,building_crops/hurricane-harvey_00000351_3e440b45.png,38,42,1616.1357345269566,2.2015352000000004,"POLYGON ((422.4744141291782 432.9554918167287, 405.6207118141347 431.4899524849858, 407.4526359788134 410.9724018405851, 423.9399534609211 413.9034805040709, 422.4744141291782 432.9554918167287))","POLYGON ((-95.58499344412259 29.76800370478638, -95.58507494231424 29.76800828491792, -95.58506832072969 29.76809484981205, -95.58498843217818 29.76808406424368, -95.58499344412259 29.76800370478638))",-95.58503180079595,29.76804767360196,482014507003,small_multi_family,True,17,0.8509687034277198,28.9,2.5201401050788093,2.5201401050788093,2.5,2.2,1.92,2.0,1.8,2.2200700525394046
a1c9d78c-2043-4535-b574-d719b4ea4575,hurricane-harvey_00000088,building_crops/hurricane-harvey_00000088_a1c9d78c.png,59,59,5883.83449715825,2.2015352000000004,"POLYGON ((41.49392303815487 274.7640001662933, 47.43832404675992 269.3393663590946, 59.04924994851995 269.2386236540976, 74.68104275722325 280.3762760302986, 73.7040557066793 301.2837989119394, 51.0219024576381 309.8248256043425, 39.14694379361513 303.3888870705229, 38.14172706687931 295.8126714288932, 34.74745806622472 292.4565977809667, 37.84170927512253 280.8716912321643, 41.49392303815487 274.7640001662933))","POLYGON ((-95.65431728375813 29.83109958862305, -95.65428919141233 29.83112299804371, -95.65423315153043 29.8311245490857, -95.6541564500527 29.83107918768448, -95.65415883894015 29.83099109256059, -95.65426738479037 29.8309529415717, -95.65432542689378 29.83097887794672, -95.65433112296436 29.83101066885386, -95.65434788221914 29.83102446517828, -95.65433423464641 29.8310735266894, -95.65431728375813 29.83109958862305))",-95.65424987481708,29.831040537399165,482015417012,institutional,False,0,0.9,353.0,3.138888888888889,3.138888888888889,2.5,2.2,1.92,2.0,1.8,2.5294444444444446
2aac544a-c888-41f9-9de0-cb38422cd07d,hurricane-harvey_00000180,building_crops/hurricane-harvey_00000180_2aac544a.png,70,66,5553.476012056398,2.2015352000000004,"POLYGON ((879.8028585970906 467.6538156445322, 909.9953101991783 434.8075422620368, 930.2940389611738 455.7967039751206, 910.8238297404843 476.2335193273337, 903.7814136393837 470.9862288990628, 890.5251009784887 481.342723165387, 879.8028585970906 467.6538156445322))","POLYGON ((-95.64948340183462 29.71227295505432, -95.64934140051307 29.71241417606738, -95.64924116633922 29.71232775765134, -95.64933282120619 29.71223982449012, -95.6493673712074 29.71226123905582, -95.64943016804109 29.71221635094459, -95.64948340183462 29.71227295505432))",-95.64936171860754,29.71231032083319,482014543032,commercial,False,0,1.0,222.1,2.737201365187713,2.737201365187713,2.5,2.2,1.92,2.0,1.8,2.3286006825938568
c8f4190f-d145-4a61-b7bd-e9a3431b2379,hurricane-harvey_00000507,building_crops/hurricane-harvey_00000507_c8f4190f.png,93,90,15714.587544685231,2.2015352000000004,"POLYGON ((283.5869931694362 432.9718621880595, 298.1513858326511 449.2385864612606, 300.6103092692978 449.0494385045955, 310.8242989292148 458.1285404245216, 317.6336253691594 456.6153567712006, 322.1731763291225 450.9409180712468, 320.8491406324666 448.8602905479303, 328.9825027690671 441.8618161513206, 335.6026812523467 446.7796630246139, 347.3298545655846 439.2137447580088, 357.1655483121713 431.8369744480687, 356.2198085288457 422.5687245714774, 347.3298545655846 412.7330308248907, 346.5732627389241 406.4911482549414, 337.4941608189979 404.5996686882901, 327.280171159081 395.1422708550337, 321.7948804157922 391.3593117217312, 318.0119212824897 395.3314188116988, 316.6878855858337 396.4663065516896, 306.4738959259167 387.3872046317634, 298.5296817459813 389.6569801117449, 294.5615660238083 396.981216246441, 289.5306680644377 409.2348878463904, 284.9110288660921 415.3811022182025, 289.4505798260552 420.1098011348307, 283.5869931694362 429.7563469247523, 283.5869931694362 432.9718621880595))","POLYGON ((-95.60025897756813 29.84698191954769, -95.60018688326262 29.84691483884621, -95.60017503183494 29.84691586888, -95.60012472636774 29.84687862680703, -95.60009201499923 29.84688564350415, -95.6000707165271 29.84690995889872, -95.60007733621553 29.84691859025817, -95.60003883071799 29.84694882034205, -95.6000063308259 29.84692875098161, -95.59995053572281 29.84696171125026, -95.59990385231306 29.84699369546282, -95.59990942977915 29.84703261533793, -95.59995342514677 29.84707316791235, -95.59995775917903 29.84709936787154, -95.60000180098692 29.84710646543745, -95.60005214781249 29.84714529978992, -95.60007904451713 29.84716070037764, -95.60009687584325 29.84714362202167, -95.60010314467 29.84713871935711, -95.60015345026804 29.84717596142964, -95.60019155859102 29.84716565227486, -95.60020991806142 29.84713444726663, -95.6002328708782 29.84708239328686, -95.60025450453784 29.84705608455635, -95.60023207081908 29.84703661344065, -95.60025932846779 29.84699545356769, -95.60025897756813 29.84698191954769))",-95.60009622015224,29.847028499432653,482015401013,commercial,False,0,1.0,628.6,2.4176372712146423,2.4176372712146423,2.5,2.2,1.92,2.0,1.8,2.1688186356073214
546a3e49-2cf3-4a02-87dd-46fecd24acc1,hurricane-harvey_00000098,building_crops/hurricane-harvey_00000098_546a3e49.png,60,54,6224.235910722693,2.2015352000000004,"POLYGON ((763.5319817153817 883.7955147122464, 802.6239012378428 883.3532984280556, 801.6760055852326 865.7845195059019, 799.3709696518189 863.0472893349731, 799.2269049059805 848.6408147511376, 776.4646750635203 848.7848794969759, 775.4562218426519 855.8440520430554, 773.1511859092382 852.6746276346115, 761.9141357338465 852.9627571262882, 762.5923670298721 883.0356396486093, 763.5319817153817 883.7955147122464))","POLYGON ((-95.66156517999876 29.86288737634861, -95.66137645672879 29.86289304604085, -95.66138299769646 29.86296690034487, -95.661394434533 29.86297819673813, -95.6613967404145 29.86303881927163, -95.66150664201253 29.86303599537026, -95.66151072275112 29.86300618520731, -95.6615222079143 29.86301930068514, -95.66157643886223 29.8630169931816, -95.6615698022809 29.86289048310497, -95.66156517999876 29.86288737634861))",-95.66147729328597,29.86295912704162,482015414043,commercial,False,0,0.9108433734939759,249.0,4.429447852760736,4.429447852760736,2.5,2.2,1.92,2.0,1.8,3.174723926380368
b35aa496-2a0c-4da3-812b-6ae854ed3fc7,hurricane-harvey_00000098,building_crops/hurricane-harvey_00000098_b35aa496.png,53,59,4119.478503472007,2.2015352000000004,"POLYGON ((323.9943828282737 636.7625679689304, 323.9943828282737 628.1208105597026, 323.075046933675 622.78866237103, 326.9362576909896 617.4565141823575, 332.0845387007424 602.931007047698, 355.9872719603088 611.5727644569258, 353.9647329921916 618.7435844347957, 349.5519206981178 637.4980366846094, 340.5424289310504 634.3722946429738, 337.2328197104951 642.4624505154424, 323.9943828282737 636.7625679689304))","POLYGON ((-95.66371531499365 29.863884291978, -95.66371628175226 29.86392066489134, -95.66372131772395 29.86394301811064, -95.66370326850003 29.86396583746748, -95.6636800324778 29.86402747690867, -95.66356363969739 29.8639934346047, -95.66357260435248 29.86396305562084, -95.6635918157911 29.86388368839244, -95.66363567214668 29.86389596609831, -95.66365074916904 29.8638615921568, -95.66371531499365 29.863884291978))",-95.66364636257252,29.86394527169493,482015414043,commercial,False,0,0.9108433734939759,164.8,4.429447852760736,4.429447852760736,2.5,2.2,1.92,2.0,1.8,3.174723926380368
f2514174-3be0-4338-a09f-5552244befcc,hurricane-harvey_00000431,building_crops/hurricane-harvey_00000431_f2514174.png,119,48,6652.333994298547,2.2015352000000004,"POLYGON ((219.5219736853965 425.8033650512059, 316.691087774358 441.0985033800239, 314.8916597356736 454.1443566604863, 216.3729746176987 439.7489323510105, 217.2726886370409 426.0282935560414, 219.5219736853965 425.8033650512059))","POLYGON ((-95.55577354962695 29.74703245602072, -95.555303042754 29.74697711290262, -95.55531033164287 29.74692201229224, -95.55578725422083 29.74697344107259, -95.55578437911912 29.7470312991408, -95.55577354962695 29.74703245602072))",-95.55554932313571,29.746976954146042,482014310012,vacant,False,0,0.878345498783455,0.0,3.037837837837838,3.037837837837838,2.5,2.2,1.92,2.0,1.8,2.478918918918919
e3ad8a2e-50f9-43de-8de1-fc4df6473be7,hurricane-harvey_00000025,building_crops/hurricane-harvey_00000025_e3ad8a2e.png,58,64,3350.1528367043848,1.9022960000000002,"POLYGON ((702.234409799538 385.8157663052028, 720.3199009595396 380.9929686625357, 724.66041883794 396.1847812369371, 733.5825944768742 393.2911026513369, 736.4762730624744 403.1778378188044, 729.2420765984738 405.1069568758713, 732.135755184074 417.4050908646724, 710.1920259099387 423.4335879180063, 700.0641508603378 386.0569061873362, 702.234409799538 385.8157663052028))","POLYGON ((-95.4172304739571 29.75074868392008, -95.41714368949101 29.75077058680623, -95.41712120863929 29.75070700050295, -95.41707844697501 29.75071997204909, -95.41706348414671 29.7506785965546, -95.41709819791555 29.75066983542908, -95.41708299135092 29.7506183061031, -95.41718827181944 29.75059098603559, -95.41724092221585 29.75074747710655, -95.4172304739571 29.75074868392008))",-95.4171563375005,29.750681262112508,482014111001,commercial,False,0,0.794314381270903,134.0,2.7263157894736842,2.7263157894736842,2.5,2.2,1.92,2.0,1.8,2.323157894736842
4959d0af-df0e-4024-a034-b2eaf52b1827,hurricane-harvey_00000206,building_crops/hurricane-harvey_00000206_4959d0af.png,57,63,7048.251079415544,2.2015352000000004,"POLYGON ((573.7516506968843 0, 574.9586809452657 33.63264908084923, 578.5797716904094 33.39124303117298, 578.0969595910569 52.94513305494948, 597.1680375154809 52.46232095559698, 597.1680375154809 33.87405513052549, 589.9258560251933 33.87405513052549, 590.8914802238984 27.83890388861916, 610.4453702476749 27.1146857395904, 610.9281823470274 0, 573.7516506968843 0))","POLYGON ((-95.64181064918667 29.74028060773998, -95.64180111100787 29.74013910743746, -95.64178366619034 29.74014047291942, -95.64178383623972 29.74005809102862, -95.64169187317768 29.74006196200414, -95.64169392594637 29.74014023142447, -95.6417288689045 29.7401395334537, -95.64172487633618 29.74016503866561, -95.64163061029858 29.74016997262222, -95.6416312750827 29.7402841906851, -95.64181064918667 29.74028060773998))",-95.64172678264606,29.74018947048451,482014516063,commercial,False,0,0.9409190371991247,281.9,3.316688567674113,3.316688567674113,2.5,2.2,1.92,2.0,1.8,2.6183442838370565
0d5f314a-0f6a-4962-90fd-d4f5ace5d756,hurricane-harvey_00000025,building_crops/hurricane-harvey_00000025_0d5f314a.png,58,53,3000.557925873031,1.9022960000000002,"POLYGON ((825.6493127131467 266.7780223689956, 852.0978565882531 262.5035102275642, 856.9066827473633 288.6848970938311, 825.3821557043073 293.2265662441019, 821.3748005717154 267.8466504043534, 825.6493127131467 266.7780223689956))","POLYGON ((-95.41664696233636 29.7512608086061, -95.41651976553655 29.75128113991032, -95.4164939145391 29.75117132025563, -95.41664557859133 29.75114941642063, -95.41666748120814 29.7512559319095, -95.41664696233636 29.7512608086061))",-95.41658138806508,29.75121464470943,482014111001,commercial,False,0,0.794314381270903,120.0,2.7263157894736842,2.7263157894736842,2.5,2.2,1.92,2.0,1.8,2.323157894736842
e706fd5e-d600-4b23-9f7c-71671abde883,hurricane-harvey_00000156,building_crops/hurricane-harvey_00000156_e706fd5e.png,61,82,10171.085730312905,2.2015352000000004,"POLYGON ((11.53786679460459 871.0882099776695, 25.9893310627142 871.6169220850394, 25.9893310627142 868.6208868099435, 35.32991162624846 869.1495989173134, 34.97743688800188 872.3218715615325, 53.4823606459471 873.3792957762722, 52.76720289053212 914.9092285429448, 47.63781522943196 931.7629308579882, 17.22787409576668 928.0990825286309, 21.25810725805966 890.3614447362511, 11.36571676879506 891.4605992350583, 11.53786679460459 871.0882099776695))","POLYGON ((-95.64061741545645 29.77977460856217, -95.64054760230802 29.77977377618396, -95.64054793355888 29.779786391495, -95.6405027897466 29.77978506614948, -95.64050414035044 29.77977167476543, -95.64041470340489 29.77976900703091, -95.64041356391736 29.77959406926125, -95.64043645923118 29.77952260920014, -95.64058364742797 29.77953510349531, -95.64056836663347 29.77969439289015, -95.64061599390594 29.77968881058658, -95.64061741545645 29.77977460856217))",-95.6405045438987,29.779659070483284,482014505001,commercial,False,0,0.9020979020979021,406.8,3.365979381443299,3.365979381443299,2.5,2.2,1.92,2.0,1.8,2.6429896907216497
3b705d1b-c548-411b-ac62-efca0c392f07,hurricane-harvey_00000180,building_crops/hurricane-harvey_00000180_3b705d1b.png,53,71,6165.101236684626,2.2015352000000004,"POLYGON ((60.67973295428526 651.4562054564442, 64.96041725103264 649.2468200129616, 72.41709312278613 649.3849066031793, 74.90265174670395 664.1601717564686, 93.32871971479301 665.4508260061448, 94.79425904653593 697.3263064715532, 73.54393873626367 696.227151972746, 73.91032356919939 701.3565396338462, 62.5523937481918 700.6237699679748, 60.67973295428526 651.4562054564442))","POLYGON ((-95.65341411738319 29.71141985678643, -95.65339371427922 29.71142957379228, -95.65335773168381 29.71142971353916, -95.65334410561054 29.71136774019168, -95.65325508448124 29.71136408772505, -95.6532444840647 29.71123001237364, -95.65334710662167 29.71123258536629, -95.65334477107818 29.71121102265081, -95.65339963715049 29.71121300961018, -95.65341411738319 29.71141985678643))",-95.65333746314445,29.71130990325985,482014543031,commercial,False,0,0.9100775193798449,246.6,3.5811209439528024,3.5811209439528024,2.5,2.2,1.92,2.0,1.8,2.750560471976401
9fbe3f63-913b-4d67-b0b7-554b3658bdad,hurricane-harvey_00000180,building_crops/hurricane-harvey_00000180_9fbe3f63.png,54,52,4851.660294833981,2.2015352000000004,"POLYGON ((247.391977685248 272.6700813809512, 247.0255928523123 292.4548623594806, 276.7027643201062 293.5540168582877, 277.4355339859777 260.9457667270079, 242.2625900241478 261.3121515599437, 243.361744522955 271.9373117150798, 247.391977685248 272.6700813809512))","POLYGON ((-95.65255546497451 29.7130328556958, -95.65255504078571 29.71294951308714, -95.65241176886471 29.7129477543506, -95.65241184597475 29.71308512779321, -95.65258146508384 29.71308018421826, -95.65257498630325 29.71303555145683, -95.65255546497451 29.7130328556958))",-95.652487370465,29.713018075356064,482014543031,commercial,False,0,0.9100775193798449,194.1,3.5811209439528024,3.5811209439528024,2.5,2.2,1.92,2.0,1.8,2.750560471976401
f9d5193f-a330-417d-b492-55ce558b157c,hurricane-harvey_00000391,building_crops/hurricane-harvey_00000391_f9d5193f.png,55,44,2951.1771830249536,2.2015352000000004,"POLYGON ((744.754909348062 34.02209820512351, 746.2199396009183 55.50920858034969, 779.915635416614 57.21841054201541, 778.9389485813764 43.78896655749905, 763.3119592175756 43.78896655749905, 763.3119592175756 33.04541136988596, 744.754909348062 34.02209820512351))","POLYGON ((-95.60313798330024 29.76501438629799, -95.60312857254408 29.7649240523315, -95.60296577089791 29.7649200577903, -95.60297194711995 29.76497651073158, -95.60304736303505 29.7649750256765, -95.60304853325569 29.76502026227787, -95.60313798330024 29.76501438629799))",-95.60306138952653,29.76496304893023,482014507001,commercial,False,0,0.8839103869653768,118.0,3.5920398009950247,3.5920398009950247,2.5,2.2,1.92,2.0,1.8,2.7560199004975123
2e7127b5-0139-4d30-a669-bda01b6f390e,hurricane-harvey_00000351,building_crops/hurricane-harvey_00000351_2e7127b5.png,64,85,9068.104161488027,2.2015352000000004,"POLYGON ((905.8025892148352 70.91900886607435, 907.8120939400513 29.86769805094293, 912.9793918048931 20.68139073566877, 913.8406081157001 10.92093921318997, 929.6295738138275 8.337290280769116, 950.2987652731944 8.91143448797375, 950.011693169592 40.20229378062636, 927.9071411922137 41.63765429863795, 928.7683575030205 47.3790963706843, 919.2949780841441 47.95324057788894, 921.5915549129626 55.70418737515151, 923.6010596381789 55.70418737515151, 928.194213295816 72.35436938408593, 908.6733102508583 74.93801831650678, 905.8025892148352 70.91900886607435))","POLYGON ((-95.5826999259764 29.76957370954087, -95.58269466482676 29.76974675155268, -95.58267071880613 29.76978591912848, -95.58266761733185 29.76982709814299, -95.58259169407742 29.76983946590028, -95.5824918759785 29.76983899745839, -95.5824898794279 29.76970721566038, -95.58259640768541 29.76969908744477, -95.58259163060784 29.76967499347974, -95.58263728999023 29.7696716826149, -95.5826253682095 29.76963926269594, -95.58261566972533 29.76963945219405, -95.58259170207943 29.76956977731334, -95.5826856365879 29.76955705763597, -95.5826999259764 29.76957370954087))",-95.58260780113187,29.769722421984735,482014507002,commercial,False,0,1.0,362.7,3.4884233737596473,3.4884233737596473,2.5,2.2,1.92,2.0,1.8,2.7042116868798236
a5ebbf9f-dbd8-41c2-9a7c-f1a342906263,hurricane-harvey_00000098,building_crops/hurricane-harvey_00000098_a5ebbf9f.png,64,47,5111.014475234753,2.2015352000000004,"POLYGON ((73.47771194034534 816.8267472156822, 114.3538120166845 816.9708119615206, 114.9528125362507 802.295299232149, 111.9578099384197 801.3967984527997, 108.6633070808057 793.3102914386561, 101.7748011057945 790.0157885810421, 76.61677928401464 790.6147891006083, 76.61677928401464 796.3052940364871, 70.62677408835276 797.2037948158364, 71.82477512748513 815.4733106626052, 73.47771194034534 816.8267472156822))","POLYGON ((-95.66490490244097 29.86310197494727, -95.6647074980291 29.86310535582713, -95.66470624780762 29.86316718303092, -95.66472081106043 29.86317067265589, -95.66473762499596 29.86320438715894, -95.66477125791552 29.86321758169242, -95.66489267762262 29.86321260645638, -95.66489204075945 29.86318865530196, -95.66492086560683 29.86318428922453, -95.66491303584793 29.8631075102774, -95.66490490244097 29.86310197494727))",-95.66481421724346,29.863156114694217,482015414043,commercial,False,0,0.9108433734939759,204.4,4.429447852760736,4.429447852760736,2.5,2.2,1.92,2.0,1.8,3.174723926380368
5b8d0e3f-c209-4f4c-8a0b-3651172d4ecd,hurricane-harvey_00000206,building_crops/hurricane-harvey_00000206_5b8d0e3f.png,59,70,7181.291818050223,2.2015352000000004,"POLYGON ((748.8185802507096 430.8193547052931, 763.5494846600848 430.3637597235598, 763.8532146479068 440.9943092973357, 768.5610294591505 440.5387143156025, 769.0166244408838 433.8566545835148, 777.8247940877267 434.160384571337, 777.6729290938156 439.7793893460471, 785.721773771103 440.3868493216914, 786.4810987406585 480.9348026959509, 769.0166244408838 481.2385326837731, 768.7128944530616 467.1150882500422, 747.2999303115987 466.3557632804868, 746.3887403481322 444.3353391633796, 748.5148502628874 442.5129592364466, 748.8185802507096 430.8193547052931))","POLYGON ((-95.64091840145703 29.73848343002831, -95.6408473774112 29.73848676758498, -95.64084473844534 29.73844203485832, -95.64082207426729 29.73844440677441, -95.64082061372373 29.7384725867729, -95.64077808213875 29.7384721564171, -95.6407781945929 29.73844848187777, -95.64073929311442 29.73844669944383, -95.64073115357449 29.73827603756482, -95.64081538327102 29.73827307619143, -95.64081840779093 29.73833251643168, -95.64092180570603 29.73833365079581, -95.64092863297093 29.7384262842657, -95.64091857600442 29.73843416258263, -95.64091840145703 29.73848343002831))",-95.64082486990628,29.738385056586875,482014516063,commercial,False,0,0.9409190371991247,287.3,3.316688567674113,3.316688567674113,2.5,2.2,1.92,2.0,1.8,2.6183442838370565
76b22a41-1f5e-4dc6-8156-7a1ec06a72fa,hurricane-harvey_00000452,building_crops/hurricane-harvey_00000452_76b22a41.png,49,75,6440.393391615514,2.2015352000000004,"POLYGON ((815.5815292924345 793.2750119762254, 816.338121119095 798.0037108928535, 823.1474475590396 798.9494506761791, 824.2823352990304 801.9758179828211, 828.6969994566266 801.9758179828211, 829.1169994566267 806.5631791272328, 828.5491871833563 825.4902549029096, 829.79 831.98, 827.2470526061159 840.0784668325729, 808.3322569396031 840.6459107025682, 807.7648130696077 846.3203494025221, 800.1988948030025 846.131201445857, 799.8205988896723 844.618017792536, 799.61 844.6, 800.1096837804088 841.9528658492258, 800.6778952631174 818.656195058173, 799.7270732257375 803.6332068675715, 799.09 802.72, 799.5039529758985 802.7324098094817, 799.6931009325639 793.6533078895555, 805.9349835025129 791.0052364962437, 815.5815292924345 793.2750119762254))","POLYGON ((-95.58173074547237 29.7147829676341, -95.58172658610228 29.71476312778384, -95.58169363811533 29.71475978640259, -95.58168783750388 29.71474715013166, -95.58166654257022 29.71474756559278, -95.58166402206359 29.71472828919195, -95.58166472049602 29.71464853982676, -95.58165803556541 29.71462133033365, -95.58166942883088 29.71458699093826, -95.58176060645394 29.71458282153553, -95.58176273184102 29.71455887486728, -95.58179924774225 29.71455895926136, -95.58180123566048 29.71456529519584, -95.58180225346308 29.7145653512429, -95.58180012855112 29.71457654451338, -95.58179989940275 29.71467469289168, -95.5818061055664 29.71473786045033, -95.58180927706188 29.71474164571757, -95.58180727894693 29.71474163242259, -95.5818073454245 29.71477987944565, -95.58177752206407 29.71479161708169, -95.58173074547237 29.7147829676341))",-95.58173826480119,29.714676297904838,482014524011,commercial,False,0,0.9487179487179487,257.6,2.58675799086758,2.58675799086758,2.5,2.2,1.92,2.0,1.8,2.25337899543379
4a22a709-d3e4-4839-aa90-c0f7c532c4d9,hurricane-harvey_00000381,building_crops/hurricane-harvey_00000381_4a22a709.png,53,70,7742.659419555405,2.2015352000000004,"POLYGON ((268.2224776428519 613.685083239594, 268.1036894670591 604.4196055277573, 265.2527732480324 604.7759700551356, 264.0648914901047 563.3188967034565, 296.9692161847039 563.4376848792493, 296.8504280089111 614.1602359427651, 268.2224776428519 613.685083239594))","POLYGON ((-95.58921915891061 29.71107934493276, -95.58922073356172 29.71111834750604, -95.58923444637036 29.71111657792366, -95.58924465802211 29.71129102748569, -95.58908593157385 29.71129363256224, -95.58908102126588 29.71108004587491, -95.58921915891061 29.71107934493276))",-95.5891598579759,29.711188257576172,482014525012,commercial,False,0,0.9586894586894587,309.7,1.0,1.0,2.5,2.2,1.92,2.0,1.8,1.46
7a913a6d-4116-4026-b50b-459356df8afc,hurricane-harvey_00000452,building_crops/hurricane-harvey_00000452_7a913a6d.png,60,54,5957.3380880412105,2.2015352000000004,"POLYGON ((416.2120405186415 631.252770840752, 425.5487900416553 631.5491755875142, 428.5128375092787 632.8829969479448, 427.6236232689916 660.4486383968426, 424.51 661.67, 424.5059983266991 661.5325175473802, 410.5901892002563 661.8317822597769, 409.2573856392534 663.9050322435589, 394.4934662145076 664.0497765516446, 393.9009713214434 660.0504360234613, 390.0392374245491 660.0504360234613, 388.48 659.27, 388.4981966963625 659.2630194097932, 387.4607800826943 634.9578301752812, 388.053589576219 632.1419850810389, 389.683815683412 631.400973214133, 389.71 631.3, 400.7962740260493 632.3929328397737, 410.5101652404594 631.6457104386652, 412.7394731908547 630.308125668428, 416.01 629.87, 416.2120405186415 631.252770840752))","POLYGON ((-95.58367465673754 29.71542759171141, -95.583629587018 29.71542722301211, -95.58361514541178 29.71542188588192, -95.58361646056372 29.7153057321284, -95.5836313479731 29.71530029612268, -95.58363138210947 29.71530087463996, -95.5836984755127 29.7152983038958, -95.58370468086007 29.71528944858114, -95.58377588195266 29.71528744855455, -95.58377917149879 29.71530423267721, -95.58379779934471 29.71530386894883, -95.58380540484818 29.71530700825024, -95.58380531782599 29.71530703935715, -95.58381294458295 29.71540928292406, -95.58381038887974 29.71542119537176, -95.58380260510533 29.7154244690818, -95.58380248969506 29.71542489671358, -95.58374889484313 29.71542133891816, -95.58370211851212 29.71542540014135, -95.58369150930687 29.7154312422451, -95.58367578051755 29.71543339508313, -95.58367465673754 29.71542759171141))",-95.58371250631622,29.715361107391757,482014524012,commercial,False,0,0.9377289377289377,238.3,2.8,2.8,2.5,2.2,1.92,2.0,1.8,2.36
6057e5b9-de4f-4519-adfb-d7d3a266c68b,hurricane-harvey_00000111,building_crops/hurricane-harvey_00000111_6057e5b9.png,148,100,42918.324466249804,2.2015352000000004,"POLYGON ((739.3448803705475 550.7611808545394, 733.934089916536 539.621318155104, 733.3857101861034 478.0701775864541, 739.2034715659589 477.304682668052, 797.9193883220822 475.3266765267382, 837.3224549818214 477.7639796190932, 838.5411065279989 487.5131919885132, 858.0395312668388 489.544277898809, 857.6333140847796 526.5100414661931, 862.1017030874305 526.9162586482523, 861.6954859053714 534.6343851073765, 838.1348893459397 535.8530366535539, 838.1348893459397 542.3525115665005, 851.133839171833 541.5400772023822, 850.7276219897739 555.3514613923938, 825.5421567021056 556.1638957565123, 823.917287973869 548.0395521153289, 761.3598419367573 548.4457692973881, 762.1722763008756 555.3514613923938, 743.0800687440949 554.9452442103347, 739.3448803705475 550.7611808545394))","POLYGON ((-95.67034662584075 29.81667709094218, -95.67037398898732 29.81672345024069, -95.6703835257194 29.81698246416428, -95.67035553080983 29.81698625399802, -95.67007234794941 29.81700031041576, -95.66988188824023 29.81699389749396, -95.66987491506956 29.81695298218159, -95.66978057467743 29.81694633626742, -95.66977839844162 29.81679070843009, -95.66975678543277 29.81678943473609, -95.6697578823759 29.81675690964558, -95.66987146574776 29.81674948106726, -95.66987073835554 29.81672212490266, -95.6698080873638 29.81672681301175, -95.66980850237842 29.81666864151578, -95.66992997384028 29.81666276408205, -95.66993872583525 29.81669680070734, -95.67024062567721 29.81668898529955, -95.67023593135225 29.81665999868162, -95.67032812891574 29.81665984489707, -95.67034662584075 29.81667709094218))",-95.67008762413109,29.816836630296777,482015417013,commercial,False,0,1.0,1716.7,4.067669172932331,4.067669172932331,2.5,2.2,1.92,2.0,1.8,2.9938345864661655
361cec2e-d66e-4c14-8f5a-29f95fc328af,hurricane-harvey_00000080,building_crops/hurricane-harvey_00000080_361cec2e.png,66,123,17424.979069361132,2.2015352000000004,"POLYGON ((839.2597843898219 698.0646218795728, 810.7725202559243 698.8863698834351, 794.2002282061112 597.1688626227991, 814.2783418269603 594.9379611093715, 816.9554236430735 609.661911097994, 829.8946524209539 607.4310095845664, 829.8946524209539 609.661911097994, 840.1567993827211 607.8771898872519, 841.4953402907778 608.3233701899375, 839.5627314018969 697.8721861057634, 839.2597843898219 698.0646218795728))","POLYGON ((-95.6249995621741 29.62386402503594, -95.62513681582611 29.6238578439653, -95.62522782932284 29.62428473459407, -95.62513127163905 29.62429604887538, -95.62511675592401 29.6242342815799, -95.62505461655284 29.62424491425978, -95.62505437279334 29.62423551685415, -95.62500509151845 29.62424401445839, -95.62499858933926 29.62424226276014, -95.62499812262475 29.62386486456897, -95.6249995621741 29.62386402503594))",-95.62509535048162,29.624078364363985,,commercial,False,0,,697.0,,,,,,,,
190a323e-f823-49d0-82b2-e01feae54647,hurricane-harvey_00000508,building_crops/hurricane-harvey_00000508_190a323e.png,52,69,7499.419388586858,2.2015352000000004,"POLYGON ((601.1686013872772 849.8787235578744, 576.3426216571071 849.5604417664621, 576.979185239932 799.5902005147095, 608.8073643811757 800.2267640975343, 609.1256461725881 841.6033969811511, 601.4868831786896 841.6033969811511, 601.1686013872772 849.8787235578744))","POLYGON ((-95.61890607483784 29.86210617469728, -95.61902598991873 29.86210513449973, -95.61902841188042 29.86231551532951, -95.61887464914214 29.86231588714257, -95.61886856180976 29.86214176747191, -95.61890544800268 29.86214103524266, -95.61890607483784 29.86210617469728))",-95.61895176947267,29.862213855139874,482015407003,commercial,False,0,1.0,300.0,1.6143250688705235,1.6143250688705235,2.5,2.2,1.92,2.0,1.8,1.7671625344352617
d7e64f82-33d0-4965-8f0f-18025026c83d,hurricane-harvey_00000351,building_crops/hurricane-harvey_00000351_d7e64f82.png,76,86,10320.432000376028,2.2015352000000004,"POLYGON ((159.7221690553229 705.4627194870287, 132.2433065851432 691.1737110025352, 154.5927813942227 638.7806798927262, 189.3993405231168 654.9016125418982, 185.7354921937596 661.4965395347413, 189.0329556901811 662.2293092006128, 184.2699528620167 672.4880845228132, 176.5758713703663 671.7553148569417, 168.1490202128446 692.2728655013425, 175.8431017044949 694.8375593318925, 169.9809443775232 705.4627194870287, 163.0196325517444 702.5316408235428, 159.7221690553229 705.4627194870287))","POLYGON ((-95.58623204928293 29.76683147098204, -95.58636621313903 29.76688904203106, -95.58626402149072 29.7671117603771, -95.58609429442238 29.76704716756294, -95.58611126304298 29.76701905278613, -95.58609526963146 29.76701627870814, -95.58611714643318 29.76697263301816, -95.58615435864009 29.76697499195719, -95.58619280746207 29.76688780434457, -95.58615539702772 29.76687773184948, -95.58618253881777 29.76683243965393, -95.5862164524277 29.76684412404634, -95.58623204928293 29.76683147098204))",-95.58623249594464,29.766968683063247,482014507003,commercial,False,0,0.8509687034277198,412.8,2.5201401050788093,2.5201401050788093,2.5,2.2,1.92,2.0,1.8,2.2200700525394046
026ae295-eb5a-4e9f-81e1-70fd4615ea48,hurricane-harvey_00000381,building_crops/hurricane-harvey_00000381_026ae295.png,65,44,4877.792981510846,2.2015352000000004,"POLYGON ((1013.339208807962 147.2490263303395, 980.7805762484936 146.3846378553094, 979.4839935359485 140.6220480217752, 979.0517992984334 122.7580195378192, 1024 123.1902137753343, 1024 141.342371750967, 1014.923921012184 141.1983070051286, 1013.339208807962 147.2490263303395))","POLYGON ((-95.58567545731036 29.71311362480463, -95.58583260006466 29.71311419570604, -95.58583947646925 29.71313833786376, -95.58584349009847 29.71321351666864, -95.5856266316196 29.71321593333294, -95.58562467177042 29.7131395005595, -95.5856684666038 29.71313925175451, -95.58567545731036 29.71311362480463))",-95.58573725118396,29.71316683000657,482014524012,commercial,False,0,0.9377289377289377,195.1,2.8,2.8,2.5,2.2,1.92,2.0,1.8,2.36
47540912-21a1-4d08-873b-98c2f86b03f4,hurricane-harvey_00000463,building_crops/hurricane-harvey_00000463_47540912.png,53,50,3029.0379219595156,2.2015352000000004,"POLYGON ((640.2083450622594 316.2826495737059, 664.3984099148232 325.5097877133436, 656.6675644464781 347.2060314470864, 630.4824426988574 337.7295111955666, 640.2083450622594 316.2826495737059))","POLYGON ((-95.59855866089337 29.75960155693928, -95.59844092229945 29.75956499962161, -95.59847587097097 29.7594729121687, -95.59860326423973 29.75951033026879, -95.59855866089337 29.75960155693928))",-95.59852012166344,29.759536958213435,482014512001,commercial,False,0,0.7973640856672158,121.2,2.773755656108597,2.773755656108597,2.5,2.2,1.92,2.0,1.8,2.3468778280542986
83c8c78f-7c66-4d03-b12c-6d6ca8231258,hurricane-harvey_00000024,building_crops/hurricane-harvey_00000024_83c8c78f.png,96,62,9351.378192084894,1.9022960000000002,"POLYGON ((327.0586968913171 604.3904830345656, 345.6469627163886 604.1490769848893, 345.6469627163886 605.5975132829468, 400.4137623152662 605.5975132829468, 399.8985765382819 618.150627866112, 399.7219178438692 623.7029670086658, 400.583025856552 640.9274283063227, 386.7752250199976 641.3057242196529, 386.5860770633325 640.1708364796622, 334.3273625397064 639.9674844969741, 334.1847867885584 643.0328631466564, 333.8996352862624 643.8883176535444, 327.9857142066442 643.5440795742957, 327.8947308054193 635.5375402665047, 326.6209631882707 634.0818058469064, 326.8939133919454 604.8761340537146, 327.0586968913171 604.3904830345656))","POLYGON ((-95.38494005803297 29.77198300316458, -95.3848503629796 29.77198563840986, -95.38485021840216 29.77197953926044, -95.38458587791581 29.77198430815868, -95.38458711167497 29.77193140399524, -95.38458741019416 29.77190800853578, -95.38458153484476 29.77183555385829, -95.38464814249667 29.77183275863344, -95.38464916871742 29.77183752100765, -95.38490142346068 29.77183382670052, -95.38490180564439 29.77182090643209, -95.38490309658056 29.77181727940891, -95.38493167535212 29.77181821394044, -95.38493291370226 29.77185192035999, -95.38493920704167 29.7718579393156, -95.38494080490835 29.77198094381053, -95.38494005803297 29.77198300316458))",-95.38476401705488,29.77190817709103,482015102023,large_multi_family,True,40,1.0,72.0,3.7289719626168223,3.7289719626168223,2.5,2.2,1.92,2.0,1.8,2.824485981308411
c1f8e66d-134c-417e-8f46-c39f7449de4b,hurricane-harvey_00000381,building_crops/hurricane-harvey_00000381_c1f8e66d.png,71,46,6396.818442275764,2.2015352000000004,"POLYGON ((617.6620725631376 469.8066836219858, 565.8021344954778 467.337162761621, 565.3082303234049 494.2549401395967, 614.6986475306999 494.2549401395967, 616.4273121329552 491.785419279232, 617.6620725631376 469.8066836219858))","POLYGON ((-95.58754918817296 29.71171813598828, -95.58779960212978 29.71172364293108, -95.58779907596414 29.71161025459661, -95.58756084085648 29.71161491305185, -95.58755276943727 29.71162547441761, -95.58754918817296 29.71171813598828))",-95.58767740745981,29.711667018883446,482014524012,commercial,False,0,0.9377289377289377,255.9,2.8,2.8,2.5,2.2,1.92,2.0,1.8,2.36
19d95906-a371-4163-895d-055de0d5dfb8,hurricane-harvey_00000076,building_crops/hurricane-harvey_00000076_19d95906.png,55,56,1755.421402011586,1.9022960000000002,"POLYGON ((357.4630714742224 862.3712173244852, 367.9371201732707 852.6453149610834, 389.6333639070135 875.8378513661188, 376.9148762010263 886.5612821770491, 357.4630714742224 862.3712173244852))","POLYGON ((-95.35593233372992 30.02490157552337, -95.35588267690285 30.02494338837599, -95.35577550416006 30.02484772184863, -95.35583590984723 30.02480151922659, -95.35593233372992 30.02490157552337))",-95.35585520977703,30.024872398338434,482012408021,small_multi_family,True,19,0.9578783151326054,36.4,3.220108695652174,3.220108695652174,2.5,2.2,1.92,2.0,1.8,2.570054347826087
e92d54b5-cfd6-44a3-8134-fe9e2160d4be,hurricane-harvey_00000477,building_crops/hurricane-harvey_00000477_e92d54b5.png,89,81,10690.59294660514,2.2015352000000004,"POLYGON ((946.1460389240704 78.31092224074618, 979.0496306708627 105.9336906207695, 978.6434134888036 109.589645259302, 953.0517310190761 140.0559339137394, 944.9273873778928 140.0559339137394, 940.0527811931828 132.3378074546152, 946.5522561061294 122.1823779031361, 938.4279124649462 114.8704686260711, 932.3346547340587 129.0880699981419, 927.8662657314079 131.9315902725561, 918.523270544047 130.7129387263786, 909.5864925387455 126.2445497237278, 917.3046189978695 109.1834280772428, 921.7730080005203 107.152342166947, 923.3978767287571 109.9958624413611, 926.6476141852304 107.152342166947, 925.4289626390529 101.8715188001778, 944.1149530137745 78.71713942280535, 946.1460389240704 78.31092224074618))","POLYGON ((-95.59194442680773 29.75210620438352, -95.59178265864148 29.75199300751156, -95.59178422252502 29.75197757523119, -95.5919044107094 29.75184687245312, -95.59194361406013 29.75184610397754, -95.59196797273077 29.75187814102824, -95.5919377108994 29.75192151652945, -95.59197770690965 29.75195153575477, -95.59200556820741 29.75189109438571, -95.59202682180738 29.75187869870959, -95.59207203778021 29.75188294620418, -95.59211564588648 29.75190091553611, -95.59208025223451 29.75197348362791, -95.5920589105496 29.75198245845658, -95.59205076161483 29.75197063916154, -95.59203538850966 29.75198291956573, -95.5920418414913 29.75200503985766, -95.59195418363547 29.75210430183277, -95.59194442680773 29.75210620438352))",-95.5919421343418,29.751969147455775,482014512002,commercial,False,0,0.9096385542168675,427.6,2.497584541062802,2.497584541062802,2.5,2.2,1.92,2.0,1.8,2.2087922705314007
3ede66a5-0e55-484e-aa25-b79549c77bef,hurricane-harvey_00000356,building_crops/hurricane-harvey_00000356_3ede66a5.png,65,169,28333.71603847345,2.2015352000000004,"POLYGON ((138.0774255655262 185.8140231117163, 168.7485889726543 183.5540426501384, 176.4970934123498 197.1139254196056, 176.1742390606958 208.4138277274949, 174.5599673024259 210.3509538374188, 173.591404247464 221.0051474420001, 177.1428021156578 221.973710496962, 176.1742390606958 237.4707193763531, 174.8828216540799 238.439282431315, 175.5285303573879 242.6363890028168, 177.7885108189658 243.2820977061247, 178.7570738739277 257.1648348272459, 177.1428021156578 256.519126123938, 176.8199477640038 262.6533588053636, 179.0799282255817 263.2990675086715, 178.7570738739277 278.1503676847546, 175.5285303573879 278.7960763880625, 175.2056760057339 280.4103481463325, 176.1742390606958 283.9617460145262, 177.7885108189658 320.76714210308, 169.7171520276162 333.0356074659313, 140.660260378758 330.4527726526994, 138.0774255655262 318.8300159931561, 135.1717364006404 307.5301136852668, 137.1088625105643 290.4188330476059, 134.2031733456784 289.4502699926439, 137.7545712138722 278.7960763880625, 137.7545712138722 245.8649325193566, 137.7545712138722 235.2107389147752, 134.5260276973324 235.8564476180832, 133.5574646423705 202.6024493977232, 136.1402994556023 201.3110319911073, 138.0774255655262 185.8140231117163))","POLYGON ((-95.5760670378578 29.75196360149933, -95.57591927811974 29.75197600090475, -95.57588042702027 29.75191963298859, -95.57588076761074 29.75187202237489, -95.57588834856007 29.75186371400962, -95.57589187456358 29.75181876156854, -95.57587463303058 29.75181501710637, -95.57587763732776 29.75174967312292, -95.5758837646864 29.75174547341624, -95.575880196685 29.75172786144548, -95.57586922164865 29.75172535501947, -95.57586305230994 29.75166699031216, -95.57587091149152 29.75166955743789, -95.57587180858403 29.75164369780122, -95.57586083355716 29.75164119137393, -95.57586079158237 29.7515786269598, -95.57587630124826 29.75157560459479, -95.57587768526807 29.75156877706452, -95.5758726289151 29.75155391431442, -95.57586087435715 29.75139909033163, -95.57589850069296 29.75134667302509, -95.5760389916598 29.75135481699327, -95.57605270718727 29.7514035138815, -95.57606794586731 29.75145082097969, -95.57606044183807 29.75152305319665, -95.5760745674819 29.75152685834063, -95.57605857818153 29.75157205359539, -95.57606212606058 29.75171071606472, -95.57606327390911 29.75175557745115, -95.57607878359391 29.7517525550612, -95.57608704009235 29.75189248590413, -95.57607471580869 29.75189816646417, -95.5760670378578 29.75196360149933))",-95.57597030132536,29.751661213459347,482014511003,unknown_nonres,False,0,0.9426605504587156,283.3,2.8,2.8,1.5714285714285714,2.2,1.92,2.0,1.8,2.36
6b75feb2-570b-4519-bc1f-42cb4fa40ffa,hurricane-harvey_00000381,building_crops/hurricane-harvey_00000381_6b75feb2.png,48,68,6370.421097612241,2.2015352000000004,"POLYGON ((225.0548067920719 219.5502758969976, 198.0851310093972 219.2074410353535, 199.9256238626596 267.6460407570503, 227.2469042949983 268.0024052844286, 225.0548067920719 219.5502758969976))","POLYGON ((-95.58946999173337 29.7127348383616, -95.58960011852476 29.7127337362598, -95.58958600310106 29.71252995158162, -95.58945417912739 29.71253102987155, -95.58946999173337 29.7127348383616))",-95.58952755495886,29.712632169329765,482014525012,commercial,False,0,0.9586894586894587,254.8,1.0,1.0,2.5,2.2,1.92,2.0,1.8,1.46
48f4d27c-f624-4dfd-8a32-99e3b3e6de03,hurricane-harvey_00000452,building_crops/hurricane-harvey_00000452_48f4d27c.png,51,74,6910.571872633557,2.2015352000000004,"POLYGON ((787.1575280180749 960.0214913955874, 789.9780134560467 960.0214913955874, 789.9780134560467 955.8362549392422, 796.4378349430144 955.6542881367923, 797.0747187515888 957.5649395625152, 800.75 957.41, 801.4529900532376 966.1018107398681, 799.7646987126657 973.5785295338312, 800.47 1000.89, 800.1035147070085 1001.036160099294, 774.1902446438858 1001.603603969289, 772.8662089472299 1000.657864185963, 772.7483373517432 1000.657864185963, 772.9122356637388 1000.378477468783, 772.4781140926767 1000.130407999605, 772.2188287513513 1000.584157346924, 772.5674700936902 989.0789930497435, 771.0534002196207 979.4267976025462, 770.864816680695 966.9802840334643, 771.8115139947939 960.3534028347802, 771.4227132832159 954.7157925168983, 770.19 953.93, 769.8078365953832 948.0385232522293, 785.2578237746634 947.0728990535243, 786.4648540230447 947.0728990535243, 787.1575280180749 960.0214913955874))","POLYGON ((-95.58184987587651 29.7140781759415, -95.58183627084517 29.71407844138715, -95.58183672207095 29.71409606409321, -95.58180558177264 29.71409743824918, -95.58180230367641 29.71408945303902, -95.58178459211184 29.71409045132744, -95.58178026405875 29.71405391902106, -95.58178760170586 29.71402227803601, -95.5817812551074 29.71390734444795, -95.58178300714323 29.71390669452378, -95.58190794226469 29.71390186642024, -95.58191443090246 29.71390572401881, -95.58191499947264 29.71390571292525, -95.58191423900853 29.71390690475963, -95.58191635980079 29.71390790844399, -95.58191756157846 29.71390597344637, -95.58191712030273 29.71395445086243, -95.58192546430438 29.7139949507022, -95.58192771591229 29.71404734127941, -95.58192386387037 29.71407533407659, -95.58192634714092 29.71409903567506, -95.58193237804012 29.71410222837953, -95.58193485666914 29.71412699955338, -95.58186043543164 29.71413251957582, -95.58185461313852 29.71413263317444, -95.58184987587651 29.7140781759415))",-95.58185746432544,29.714010847103875,482014524011,commercial,False,0,0.9487179487179487,276.4,2.58675799086758,2.58675799086758,2.5,2.2,1.92,2.0,1.8,2.25337899543379
b4b7255d-cd9b-441e-b9f9-9daef3ac13fc,hurricane-harvey_00000391,building_crops/hurricane-harvey_00000391_b4b7255d.png,65,55,7155.484188947947,2.2015352000000004,"POLYGON ((784.38 371.3, 745.3290808828136 370.636652600833, 743.8996421741725 336.151443754867, 789.26 335.84, 784.38 371.3))","POLYGON ((-95.60291001775526 29.76359801602088, -95.60309854732185 29.76359709819747, -95.60310920182147 29.76374216511858, -95.6028903291426 29.7637477869598, -95.60291001775526 29.76359801602088))",-95.60300148236307,29.763673096523995,482014507001,commercial,False,0,0.8839103869653768,286.2,3.5920398009950247,3.5920398009950247,2.5,2.2,1.92,2.0,1.8,2.7560199004975123
c9f76a09-2688-4b24-b4f0-75423342653d,hurricane-harvey_00000220,building_crops/hurricane-harvey_00000220_c9f76a09.png,59,68,8700.493316616361,2.2015352000000004,"POLYGON ((626.3756699946724 845.3935468824133, 628.5250415058691 887.9901822861298, 625.5940803542372 889.1625667467825, 625.5940803542372 892.2889253085232, 599.606224809768 893.2659123590671, 597.8476481187889 890.5303486175441, 588.91 890.76, 588.5232112684654 867.2781836629287, 588.7162760551654 856.2734908210316, 591.8376021427438 854.1275791358214, 592.4 844.24, 626.3756699946724 845.3935468824133))","POLYGON ((-95.6268665252032 29.74564476218025, -95.62685147523787 29.74546560498477, -95.62686548903999 29.74546038745054, -95.6268651456472 29.7454472231779, -95.62699043579431 29.74544061834848, -95.62699922181986 29.74545196851802, -95.62704232282898 29.74545014479247, -95.62704676855068 29.7455489834464, -95.62704704578913 29.7455953398091, -95.62703222036085 29.74560467487694, -95.62703059276299 29.74564636277187, -95.6268665252032 29.74564476218025))",-95.62695059273652,29.745543707839612,482014516051,large_multi_family,True,40,0.7732035928143712,55.7,2.8,2.8,2.5,2.2,1.92,2.0,1.8,2.36
89c1c954-0b53-49a6-a9e8-2f8c5ebf4c51,hurricane-harvey_00000356,building_crops/hurricane-harvey_00000356_89c1c954.png,60,47,5702.747671307955,2.2015352000000004,"POLYGON ((0 127.4360717543174, 18.37376336131193 128.953860749192, 19.38562269122834 131.4835090739831, 24.6978841732895 131.4835090739831, 24.4449193408104 128.7008959167129, 50.24733225367891 128.4479310842338, 50.75326191863712 145.1436100278546, 47.71768392888788 145.3965748603337, 46.95878943145057 152.9855198347068, 18.85119560886271 152.2278423423887, 18.85119560886271 155.0232146824842, 7.669706248480685 154.0914239024524, 7.669706248480685 149.4324700022932, 0 148.9665746122773, 0 127.4360717543174))","POLYGON ((-95.57673961918958 29.75219642964231, -95.57665079317013 29.75219176649835, -95.57664563784779 29.75218121011589, -95.5766200035726 29.75218170964137, -95.57662152411265 29.75219340253862, -95.57649704201123 29.7521968938902, -95.57649280158039 29.75212664134972, -95.57650742247242 29.75212529076856, -95.57651026674702 29.7520932648152, -95.57664598125041 29.75209381218472, -95.57664568001353 29.75208204177589, -95.57669973655995 29.75208491380835, -95.57670023863209 29.75210453115555, -95.57673729891516 29.75210577166584, -95.57673961918958 29.75219642964231))",-95.57661744728856,29.752143674155505,482014511001,institutional,False,0,0.8672875436554133,342.2,3.3506493506493507,3.3506493506493507,2.5,2.2,1.92,2.0,1.8,2.635324675324675
78172420-97fb-486f-bb3d-fbebcb140ce2,hurricane-harvey_00000391,building_crops/hurricane-harvey_00000391_78172420.png,76,71,11091.637124999454,2.2015352000000004,"POLYGON ((895.6792849718458 135.016925119506, 906.4758532039527 133.4424255856571, 918.1721354554019 135.6917106340127, 920.1964919989219 136.3664961485194, 928.2939181730021 136.5914246533549, 930.5432032213578 133.6673540904927, 931.2179887358644 133.8922825953282, 931.8927742503711 126.6945704405903, 950.3369116468871 125.794856421248, 950.1119831420515 154.8106335450353, 946.9629840743536 155.0355620498709, 945.1635560356691 173.2547709415513, 924.4701335907976 177.3034840285914, 923.7953480762909 175.2791274850713, 895.0044994573392 175.0541989802358, 893.8798569331614 170.5556288835245, 893.8798569331614 155.2604905547065, 897.2537845056949 153.6859910208575, 897.2537845056949 145.8134933516129, 895.6792849718458 140.640137740395, 895.6792849718458 135.016925119506))","POLYGON ((-95.60239862330978 29.76460348052384, -95.6023466906433 29.76461113583533, -95.60228999958613 29.764602776241, -95.60228015658681 29.76460012732232, -95.60224105400512 29.76459994952203, -95.60223051737366 29.76461247525137, -95.60222723637389 29.76461159227708, -95.60222476360299 29.76464196294917, -95.60213585031924 29.76464750346706, -95.60213377649563 29.76452530874447, -95.60214894902965 29.76452406251417, -95.60215564927235 29.76444717806886, -95.6022550744992 29.76442816473849, -95.60225855142829 29.76443662435405, -95.60239752000524 29.76443483615963, -95.60240343737384 29.76445367091175, -95.60240510292059 29.76451807235723, -95.60238899185083 29.76452502246712, -95.60238984911457 29.76455817027005, -95.6023980109752 29.76457980352209, -95.60239862330978 29.76460348052384))",-95.6022651379129,29.764529765386165,482014507001,commercial,False,0,0.8839103869653768,443.7,3.5920398009950247,3.5920398009950247,2.5,2.2,1.92,2.0,1.8,2.7560199004975123
919d9d10-f6ba-453f-a157-2d398dc1c565,hurricane-harvey_00000431,building_crops/hurricane-harvey_00000431_919d9d10.png,58,49,4988.775602923011,2.2015352000000004,"POLYGON ((612.2368538516475 244.7894795631875, 649.2417219781561 245.8886340619947, 647.5628088550582 271.7906764429181, 611.4484438070195 274.1559065768023, 610.7713145199046 249.1860975584162, 612.2368538516475 244.7894795631875))","POLYGON ((-95.55389790191948 29.74783127104356, -95.55371922235818 29.74783009117644, -95.55372455775719 29.7477208675712, -95.55389857014964 29.74770754275607, -95.5539045041571 29.7478126213894, -95.55389790191948 29.74783127104356))",-95.55381360743041,29.747772871493765,482014310021,commercial,False,0,0.9722222222222222,199.6,4.247126436781609,4.247126436781609,2.5,2.2,1.92,2.0,1.8,3.0835632183908044
76bc7419-3401-496a-a9e0-a08c2e667430,hurricane-harvey_00000477,building_crops/hurricane-harvey_00000477_76bc7419.png,81,81,9097.908673949307,2.2015352000000004,"POLYGON ((238.1483559402488 639.6535132893046, 235.6021016089493 633.6061592524682, 231.7827201120001 634.879286418118, 224.462238909514 619.2834786389085, 256.2904180507578 606.8704887738234, 259.1549541734698 608.1436159394732, 273.159352995617 643.1546129948414, 244.83227355991 655.8858846513389, 243.3144211707643 656.1673881587932, 241.9948935132578 653.0485046046866, 240.7953229155245 651.4890628276335, 240.5554087959778 650.1695351701269, 239.8356664373379 649.4497928114869, 238.396181720058 649.3298357517136, 237.1966111223247 650.5294063494468, 237.4365252418714 651.7289769471801, 238.7560528993779 652.80859048514, 239.8356664373379 654.6079463817399, 240.9152799752978 658.686486414033, 221.0492003943304 668.0680439413255, 211.7062052069696 651.0069222948406, 213.3310739352062 648.9758363845447, 236.8916704946379 638.8204068330656, 238.1483559402488 639.6535132893046))","POLYGON ((-95.59529988714677 29.74967559272868, -95.59531282992289 29.74970081466733, -95.59533112141482 29.74969509229576, -95.5953681376309 29.74976006694096, -95.59521590412976 29.74981534759806, -95.59520194369117 29.74981025822896, -95.59513056858874 29.74966416658842, -95.5952658735312 29.74960787744868, -95.59527316706895 29.74960654839754, -95.59527987267683 29.74961955585279, -95.59528583021017 29.74962600845761, -95.59528713107704 29.74963154176073, -95.59529068216334 29.7496345041558, -95.59529764112624 29.74963487292137, -95.59530329922129 29.74962970838369, -95.59530201137271 29.74962468017389, -95.5952955270863 29.74962025930296, -95.59529012234314 29.74961278515175, -95.59528447023916 29.74959571423096, -95.59537931174334 29.7495543306388, -95.59542624620266 29.7496252835933, -95.59541862617411 29.74963398960733, -95.59530604145061 29.74967898160406, -95.59529988714677 29.74967559272868))",-95.59527298022648,29.749687901975733,482014513021,commercial,False,0,0.9543080939947781,363.9,2.8707386363636362,2.8707386363636362,2.5,2.2,1.92,2.0,1.8,2.3953693181818183
fa2320f4-2eb4-4bc4-b030-70ae1a519f62,hurricane-harvey_00000220,building_crops/hurricane-harvey_00000220_fa2320f4.png,177,112,47708.26790056958,2.2015352000000004,"POLYGON ((620.6230664002437 94.56544891837885, 635.497741812136 93.8457065597389, 635.9775700512293 87.84785357107259, 642.3352942192157 87.3680253319793, 642.3352942192157 81.61008646285964, 646.4138342515088 81.25021528353966, 646.2938771917354 77.65150349033989, 651.9318590010818 77.17167525124658, 652.0518160608551 81.37017234331299, 655.5305707942815 81.37017234331299, 655.6505278540549 85.80858355492606, 661.5284237829478 86.04849767447271, 661.2885096634012 91.68647948381903, 668.4859332498007 91.92639360336568, 669.9254179670806 112.9188790636977, 666.3267061738809 113.2787502430177, 666.8065344129742 118.556860873044, 662.4642057728511 119.7610562989512, 663.9604984441437 133.7264545643488, 666.7037016748468 137.2178041306983, 669.696287017432 138.7140968019909, 669.4469049055499 156.4202267456201, 665.9555553392005 156.170844633738, 665.9555553392005 161.15848687138, 659.721002542148 164.8992185496115, 653.2370676332133 166.3955112209041, 652.9876855213313 170.1362428991357, 643.5111652698114 170.1362428991357, 638.5235230321694 157.9165194169127, 635.2815555777021 155.1733161862096, 621.3161573123043 152.4301129555064, 619.5704825291297 145.4474138228076, 613.8346939558413 145.6967959346897, 613.3359297320771 149.6869097248033, 604.1087915924394 150.4350560604497, 602.8618810330289 152.9288771792707, 594.8816534528016 152.4301129555064, 594.8816534528016 145.9461780465718, 591.8890681102164 146.9437064941002, 588.6471006557491 149.9362918366855, 587.6495722082207 152.6794950673886, 581.4150194111681 152.6794950673886, 580.916255187404 148.1906170535107, 571.4397349358841 148.4399991653928, 571.4397349358841 143.7017390396329, 565.2051821388316 143.7017390396329, 565.4545642507137 150.6844381723317, 555.2298976635475 150.4350560604497, 554.4817513279012 148.938763389157, 546.750905859556 149.6869097248033, 547.7484343070845 156.4202267456201, 544.0077026288529 157.4177551931485, 542.5114099575603 166.8942754446683, 532.2867433703942 166.3955112209041, 531.2892149228658 162.6547795426726, 522.8102231188743 161.15848687138, 517.8225808812323 154.4251698505633, 512.8349386435902 144.9486495990434, 513.5830849792366 134.4746008999952, 516.5756703218218 134.4746008999952, 516.825052433704 129.4869586623531, 520.5657841119354 129.237576550471, 520.4383497402565 113.3303771874485, 517.116593768407 105.9052756033144, 514.381030026884 92.61825171591661, 519.2659652796037 91.44586725526386, 519.2659652796037 87.34252164297925, 525.7140798131938 81.8713941599331, 531.4787614240673 81.90979522636299, 531.6318604077477 79.91950843851771, 539.4399085754484 79.7664094548373, 539.5930075591289 85.43107185101233, 550.0037384493965 85.89036880205356, 550.4630354004377 91.8612291655894, 565.3136368174371 94.1577139207955, 565.619834784798 98.75068343120769, 570.9782992136121 98.75068343120769, 572.6623880340966 94.1577139207955, 581.3890301038798 94.77010985551712, 582.3076240059622 93.69841696975428, 587.3598904674157 93.54531798607387, 588.1253853858177 95.22940680655834, 593.7900477819927 93.23912001871307, 596.3927305045596 94.1577139207955, 596.8520274556008 92.93292205135225, 603.8945807048996 92.62672408399143, 604.0476796885799 95.53560477391916, 613.9991136278063 95.22940680655834, 614.1522126114868 99.82237631697053, 620.276171958703 99.66927733329014, 620.6230664002437 94.56544891837885))","POLYGON ((-95.62697676044073 29.74880574916748, -95.62690506333767 29.74881020573529, -95.62690340686832 29.7488355070981, -95.62687278104453 29.74883813698318, -95.62687341357349 29.74886238213493, -95.62685377253136 29.74886428842524, -95.62685474669996 29.74887943014623, -95.62682759390412 29.74888199102746, -95.62682655385223 29.7488643237693, -95.62680976747856 29.74886465723652, -95.62680870107548 29.74884597976326, -95.62678031154255 29.74884553298776, -95.6267808498941 29.74882176994414, -95.62674609312485 29.74882144964631, -95.62673684107189 29.74873319383561, -95.62675416673329 29.74873133355828, -95.62675127158599 29.74870915482738, -95.62677209273636 29.74870366804269, -95.62676333846952 29.74864500688046, -95.626749717937 29.74863056868319, -95.62673511319375 29.74862455504474, -95.62673437160339 29.7485499753172, -95.6267512460944 29.74855069073746, -95.62675069821744 29.74852968909726, -95.62678037140078 29.74851334025233, -95.62681149448747 29.74850641823399, -95.62681228693432 29.74849064309951, -95.62685801473896 29.74848973470165, -95.62688342436819 29.74854071060442, -95.62689936944734 29.74855195073035, -95.62696705918385 29.74856216288649, -95.6269762498264 29.74859139783181, -95.62700389980957 29.74858979789617, -95.62700586819335 29.74857294877392, -95.62705031047317 29.74856891396885, -95.62705605332266 29.74855829361513, -95.62709461576097 29.74855962874047, -95.62709532809518 29.74858693086506, -95.62710965887473 29.74858244364575, -95.62712497383467 29.74856953186355, -95.62712948591444 29.74855788533331, -95.62715957000907 29.74855728763157, -95.62716246990354 29.74857614128499, -95.62720817033545 29.74857418268213, -95.62720869091007 29.74859413423286, -95.62723877501362 29.74859353651246, -95.62723680447867 29.74856415813679, -95.62728616979167 29.74856422794371, -95.62728994427981 29.74857045670489, -95.62732716635722 29.74856656526364, -95.62732161310741 29.74853830870128, -95.6273395539581 29.74853374972901, -95.6273457329371 29.74849370317241, -95.62739512561284 29.74849482302221, -95.62740035007258 29.74851047860294, -95.62744142881898 29.74851596613292, -95.62746623591346 29.74854384011397, -95.62749134443956 29.74858326498461, -95.62748888521567 29.74862744013613, -95.62747444484413 29.74862772707037, -95.62747378950955 29.74864875260917, -95.62745576644237 29.7486501613563, -95.62745812919815 29.7487171301009, -95.62747497381375 29.74874807672295, -95.62748963393513 29.74880376253403, -95.62746619102766 29.74880916750922, -95.62746664189513 29.74882644559993, -95.62743612835838 29.74885010130757, -95.62740830727742 29.74885049232978, -95.62740778719865 29.74885888757448, -95.62737012710505 29.74886028086136, -95.6273687659424 29.74883644316045, -95.6273184796009 29.74883550733638, -95.6273156072833 29.74881040967331, -95.62724369498432 29.74880216358842, -95.6272417128361 29.74878285317516, -95.6272158561458 29.74878336690697, -95.62720823437354 29.74880286813456, -95.6271660576155 29.74880112613468, -95.62716174278076 29.74880572681404, -95.62713738042864 29.74880685583452, -95.62713350159378 29.74879983797279, -95.62710638603 29.74880876160617, -95.62709372614269 29.74880514316668, -95.62709164441269 29.74881034447106, -95.62705769495967 29.74881230894059, -95.62705663662469 29.74880007509519, -95.62700865067961 29.74880231841608, -95.62700740733895 29.74878299331973, -95.62697787364915 29.74878422504818, -95.62697676044073 29.74880574916748))",-95.6271082814161,29.748682597955312,482014516051,large_multi_family,True,40,0.7732035928143712,55.7,2.8,2.8,2.5,2.2,1.92,2.0,1.8,2.36
cbfbecfe-9aa0-4082-993f-183f9e8dd2c8,hurricane-harvey_00000508,building_crops/hurricane-harvey_00000508_cbfbecfe.png,56,46,3520.907191014588,2.2015352000000004,"POLYGON ((114.6433191988935 812.3299841929978, 115.5981645731308 792.5965131254267, 127.374590855391 792.2782313340142, 127.0563090639786 797.0524582052009, 138.1961717634139 797.0524582052009, 138.5144535548264 802.4632486592122, 151.2457252113239 802.7815304506247, 150.2908798370866 819.6504653954839, 123.8734911498542 819.013901812659, 123.8734911498542 816.1493656899471, 122.282082192792 816.1493656899471, 121.9638004013796 812.3299841929978, 114.6433191988935 812.3299841929978))","POLYGON ((-95.62125954622375 29.86221755531329, -95.62125710762588 29.86230070300554, -95.62120027646225 29.86230317248733, -95.62120128787153 29.86228304773687, -95.62114749552926 29.86228411650781, -95.6211453630346 29.86226137360038, -95.62108385104955 29.86226125540987, -95.62108660508699 29.86219016424135, -95.62121423973517 29.86219030898639, -95.6212145550445 29.86220236551474, -95.62122223965832 29.86220221283099, -95.6212241969953 29.86221825766516, -95.62125954622375 29.86221755531329))",-95.62117611103668,29.8622400541602,482015407003,commercial,False,0,1.0,140.8,1.6143250688705235,1.6143250688705235,2.5,2.2,1.92,2.0,1.8,1.7671625344352617
3628f93f-24e6-41e9-b251-b89983249969,hurricane-harvey_00000507,building_crops/hurricane-harvey_00000507_3628f93f.png,94,70,9103.552238908096,2.2015352000000004,"POLYGON ((457.3063337370169 187.0493028371392, 443.3047828557943 217.2250590466708, 473.7219451150021 237.2617611697998, 488.4477141452535 229.5367675801597, 486.7578717975197 221.0875558414909, 478.5500661085272 217.9492771956996, 493.2758351387786 210.2242836060595, 500.7594226787425 217.9492771956996, 511.1398828148213 216.500840897642, 518.3820643051089 206.8445989105919, 512.8297251625551 198.8781992712756, 502.6906710761525 195.2571085261318, 497.1383319335987 194.0500782777505, 492.0688048903973 204.4305384138294, 486.033653648491 204.1891323641532, 464.9641989417682 186.93531265079, 457.3063337370169 187.0493028371392))","POLYGON ((-95.5994470613379 29.84803352540828, -95.59951137163613 29.84790518473958, -95.5993623253962 29.84782374354781, -95.59929206910164 29.84785765829172, -95.59930114973875 29.84789306012331, -95.59934112108824 29.84790548849892, -95.59927086473047 29.84793940323503, -95.5992338896947 29.84790760059056, -95.59918392867402 29.84791468416903, -95.59915001525687 29.84795601576378, -95.59917769214364 29.84798901815777, -95.59922704066742 29.84800329505811, -95.59925398021672 29.84800784740537, -95.59927732456572 29.84796367418607, -95.59930648988306 29.84796411631858, -95.5994100999648 29.84803473348929, -95.5994470613379 29.84803352540828))",-95.59935318441008,29.847935261260552,482015401013,commercial,False,0,1.0,364.1,2.4176372712146423,2.4176372712146423,2.5,2.2,1.92,2.0,1.8,2.1688186356073214
ec969c20-c711-49b0-b313-852c5e963f15,hurricane-harvey_00000477,building_crops/hurricane-harvey_00000477_ec969c20.png,88,91,11425.186319946697,2.2015352000000004,"POLYGON ((937.2386806060133 801.3196829960665, 931.551640057185 804.1632032704807, 910.4283465901084 784.6647785316408, 934.8013775136583 757.4482273336766, 939.6759836983683 759.0730960619134, 966.4863177142732 785.0709957137, 979.0790503581073 800.5072486319482, 975.0168785375157 805.3818548166582, 954.2998022524982 829.3486685581489, 946.175458611315 826.911365465794, 939.2697665163091 818.7870218246106, 946.5816757933741 809.8502438193091, 937.2386806060133 802.538334542244, 937.2386806060133 801.3196829960665))","POLYGON ((-95.59190903762848 29.74906104191943, -95.59193617101049 29.7490485310274, -95.5920402103765 29.74912863371023, -95.59192555346296 29.74924553775785, -95.59190185594348 29.74923915708787, -95.59176967051563 29.7491322252859, -95.59170723398218 29.7490684199163, -95.59172630681185 29.7490475105869, -95.59182367498154 29.74894463591548, -95.59186314137244 29.74895413010799, -95.59189734383372 29.74898768555927, -95.59186303043202 29.74902600656191, -95.5919089055421 29.74905591063151, -95.59190903762848 29.74906104191943))",-95.59186892312539,29.74909969567286,482014513021,commercial,False,0,0.9543080939947781,457.0,2.8707386363636362,2.8707386363636362,2.5,2.2,1.92,2.0,1.8,2.3953693181818183
aa09c728-a839-4148-b8f6-971fbd8e05e6,hurricane-harvey_00000177,building_crops/hurricane-harvey_00000177_aa09c728.png,45,41,1951.9023011861739,2.2015352000000004,"POLYGON ((827.2881777837779 29.8741749156745, 834.0749069484966 31.43163926805795, 833.0125077159577 37.02393796798053, 823.59 49.62, 811.3924692499508 49.53074669846036, 808.6518382296736 43.0429042261492, 813.5589009228652 27.33139334874396, 827.2881777837779 29.8741749156745))","POLYGON ((-95.6413759155239 29.77036141922473, -95.64134298806823 29.77035551584354, -95.64134749734768 29.77033186604039, -95.64139158127898 29.77027791934297, -95.64145046090054 29.77027711866543, -95.64146440547907 29.77030417249073, -95.64144245922728 29.77037080180881, -95.6413759155239 29.77036141922473))",-95.64140841167351,29.77032384702986,482014505002,small_multi_family,True,21,0.7311089303238469,30.7,2.680440771349862,2.680440771349862,2.5,2.2,1.92,2.0,1.8,2.300220385674931
b52dddcf-aa19-47b9-994d-d2b325f9f721,hurricane-harvey_00000159,building_crops/hurricane-harvey_00000159_b52dddcf.png,77,42,4556.794592257982,2.2015352000000004,"POLYGON ((633.9092412971415 967.7610115255304, 634.9251477794113 951.2257563761443, 653.2152950837144 951.3968326016734, 653.2152950837144 958.3837854006237, 665.1666617134977 957.2805823271051, 666.6085002811061 951.1675586486455, 669.6504626884612 947.0968988056297, 688.0790703975756 947.2970738949082, 691.4596682990207 958.7515197584631, 691.8274026568602 964.6352694838948, 683.5533796054718 967.3932771676909, 650.732686673489 968.0197349325982, 637.9126295671188 970.4451511419115, 637.219653507315 968.504818174461, 633.9092412971415 967.7610115255304))","POLYGON ((-95.63265998055188 29.77952610615041, -95.63265689964193 29.77959582876251, -95.63256859702894 29.77959686717901, -95.63256782686896 29.77956744724741, -95.63251026105686 29.77957324170099, -95.63250397533454 29.77959912042481, -95.63248974093253 29.7796165532353, -95.6324007667558 29.77961748232794, -95.63238318660193 29.77956957618446, -95.6323807630953 29.77954483685932, -95.63242039653761 29.7795324281686, -95.63257874788124 29.77952663447503, -95.63264036094496 29.7795151890234, -95.63264391971728 29.7795232925379, -95.63265998055188 29.77952610615041))",-95.63251803231104,29.779564916324798,482014505001,commercial,False,0,0.9020979020979021,182.3,3.365979381443299,3.365979381443299,2.5,2.2,1.92,2.0,1.8,2.6429896907216497
1b6b950d-bd8e-44c3-99bc-1bed50981b57,hurricane-harvey_00000180,building_crops/hurricane-harvey_00000180_1b6b950d.png,40,41,1192.5694206445803,2.2015352000000004,"POLYGON ((826.624712524943 543.0211729165158, 820.2412395811805 549.9456181436481, 819.4838783844629 556.3290910874106, 830.303324051857 564.7682587079781, 840.0408251525117 553.7324241272361, 826.624712524943 543.0211729165158))","POLYGON ((-95.6497315707328 29.71195047117545, -95.64976159553011 29.71192069799811, -95.64976454239667 29.71189374608448, -95.64971142064967 29.71185925644753, -95.64966567245234 29.7119066653026, -95.6497315707328 29.71195047117545))",-95.64972015076926,29.711904843883293,482014543032,small_multi_family,True,13,1.0,26.0,2.737201365187713,2.737201365187713,2.5,2.2,1.92,2.0,1.8,2.3286006825938568
e410d3de-41f0-497b-b97f-b82316f69478,hurricane-harvey_00000025,building_crops/hurricane-harvey_00000025_e410d3de.png,93,85,8863.096984472728,1.9022960000000002,"POLYGON ((490.5014565649803 616.6016401250715, 493.7806091709505 634.3090641973105, 527.8837962730403 629.7182505489523, 530.8350336184134 644.474437275818, 523.2929826246819 646.1140135788031, 527.5558810124433 668.7401665599973, 561.3311528539359 663.8214376510421, 550.8378645148314 607.7479280889521, 551.1657797754284 606.108351785967, 489.5177107831892 613.9783180402954, 490.5014565649803 616.6016401250715))","POLYGON ((-95.41822885770954 29.74975821958198, -95.41821124366432 29.74968394718537, -95.41804714399316 29.74970628713795, -95.41803141084407 29.74964441273557, -95.41806763897836 29.74963684341196, -95.41804478070202 29.74954194618365, -95.41788229670544 29.74956563776164, -95.41793860122212 29.74980082421422, -95.41793718465196 29.74980775701276, -95.41823387002204 29.74976917896093, -95.41822885770954 29.74975821958198))",-95.41802700213496,29.749689025829717,482014111001,commercial,False,0,0.794314381270903,354.5,2.7263157894736842,2.7263157894736842,2.5,2.2,1.92,2.0,1.8,2.323157894736842
3d729faf-9f32-411a-93bb-afe78df116f7,hurricane-harvey_00000025,building_crops/hurricane-harvey_00000025_3d729faf.png,37,33,439.4794463202576,1.9022960000000002,"POLYGON ((303.5871846743555 289.5459629951857, 314.1487196799394 289.2944978760052, 314.1487196799394 291.8929707742044, 317.7530530548609 291.8929707742044, 317.9206964676479 295.5811258555194, 314.9869367438747 295.664947561913, 310.9634948369855 299.2692809368345, 303.0842544359943 299.6883894688021, 302.8327893168137 289.3783195823987, 303.5871846743555 289.5459629951857))","POLYGON ((-95.41916389272076 29.75111887573561, -95.41911295311517 29.75112086693082, -95.41911269024327 29.75110992538962, -95.41909529741167 29.7511102435633, -95.41909411533729 29.75109472843235, -95.41910826381137 29.75109411650126, -95.41912731443136 29.75107858435238, -95.41916529355746 29.75107612403379, -95.41916755004088 29.75111951504525, -95.41916389272076 29.75111887573561))",-95.41913622716133,29.75109981978356,482014112002,single_family_detached,True,1,1.0,2.5,2.4647302904564317,2.4647302904564317,2.5,2.2,1.92,2.0,1.8,2.192365145228216
8ca1ffbb-c45d-4dc8-b2c6-3522b42da7d7,hurricane-harvey_00000206,building_crops/hurricane-harvey_00000206_8ca1ffbb.png,59,43,4145.159502617194,2.2015352000000004,"POLYGON ((913.9690626469477 438.5737518940523, 878.5373222650052 438.5737518940523, 879.1535264455606 461.6814086648844, 915.2014710080587 461.3733065746066, 918.2824919108364 461.9895107551621, 913.9690626469477 438.5737518940523))","POLYGON ((-95.64012071980599 29.73846668715146, -95.64029167254391 29.73846327450849, -95.64028614912266 29.73836603455193, -95.64011225746249 29.73837080385006, -95.64009732401587 29.73836850594073, -95.64012071980599 29.73846668715146))",-95.64019911157186,29.738415962701694,482014516063,commercial,False,0,0.9409190371991247,165.8,3.316688567674113,3.316688567674113,2.5,2.2,1.92,2.0,1.8,2.6183442838370565
62df6e4b-9553-47ee-bb8a-40ce1a76db6c,hurricane-harvey_00000431,building_crops/hurricane-harvey_00000431_62df6e4b.png,61,61,4767.935132499415,2.2015352000000004,"POLYGON ((857.8252797637283 467.5607857686992, 875.3326487934503 466.3085970111104, 879.6620549878079 480.4685524814785, 885.1578274818438 478.6366283167998, 891.0199848088155 492.1928671354217, 895.0502179711085 491.8264823024861, 899.0804511334014 503.1844121234936, 878.196515656065 508.6801846175295, 874.6912927853745 496.5894851306505, 861.8376448188926 500.400735206814, 857.8252797637283 467.5607857686992))","POLYGON ((-95.55268906730811 29.74691611618219, -95.5526047221162 29.7469230195342, -95.55258231994097 29.74686379861387, -95.55255599656095 29.74687202428154, -95.55252626283912 29.74681548821371, -95.55250685475357 29.74681740633936, -95.55248619532975 29.74676995618977, -95.55258638049875 29.74674486971679, -95.5526045848295 29.74679545426513, -95.55266620105326 29.74677820879293, -95.55268906730811 29.74691611618219))",-95.55260039816112,29.746832458432774,482014310011,commercial,False,0,1.0,190.7,2.9195402298850577,2.9195402298850577,2.5,2.2,1.92,2.0,1.8,2.419770114942529
e46d4ef1-9c3b-48ff-aa55-8a85bb08e545,hurricane-harvey_00000019,building_crops/hurricane-harvey_00000019_e46d4ef1.png,122,122,17881.93665620388,1.9022960000000002,"POLYGON ((416.5157891178903 447.4210989775819, 402.7301432316677 417.8526723065432, 415.785596471635 409.4339522386456, 415.785596471635 393.9320586441204, 425.3526049539419 389.2078813219316, 427.5555527193301 383.3103908108346, 467.9205355238929 366.0860645946956, 462.8842613236028 356.7437088403707, 479.0975077031957 347.682240276337, 483.534612921782 357.7297639024183, 492.7209202370562 354.6031804506028, 499.5358615212692 369.8866062304571, 500.7893145360132 376.1509455911149, 497.3270919224471 381.2360850547902, 502.7368147561442 394.652197682359, 486.7153672821032 403.3961158884592, 484.5677668710271 399.8440153217057, 477.2491775894913 402.6057471260588, 486.639065724292 419.7284843130483, 474.180924751012 426.3448798862096, 464.5452112894668 410.20050958803, 449.2175997753069 417.1048390989129, 455.0535737496677 434.3689291183673, 424.7829273400828 448.3495219028702, 416.5157891178903 447.4210989775819))","POLYGON ((-95.4385769383193 29.75872460591244, -95.43864648181338 29.7588478824345, -95.4385843371512 29.75888449311205, -95.4385859184996 29.75894976681682, -95.43854023155902 29.75897051039738, -95.43853020207574 29.75899553899014, -95.43833716392665 29.75907165788689, -95.43836242114332 29.75911054745644, -95.4382851027367 29.75915014546438, -95.43826266511103 29.75910823331014, -95.43821865228485 29.75912221592826, -95.43818420559019 29.75905846859203, -95.43817751769708 29.75903220292665, -95.43819370719129 29.7590104828506, -95.43816623236798 29.75895447313487, -95.43824265748005 29.75891622937754, -95.43825338375416 29.75893099505911, -95.43828842040092 29.7589187149323, -95.43824135987045 29.75884745199038, -95.43830080595093 29.75881848366247, -95.43834895302645 29.75888560510115, -95.43842221731644 29.75885516893967, -95.43839229290232 29.75878299455965, -95.43853694782165 29.75872143242834, -95.4385769383193 29.75872460591244))",-95.43840163812881,29.758928920203363,482014112001,commercial,False,0,0.8810483870967742,715.3,3.481060606060606,3.481060606060606,2.5,2.2,1.643076923076923,1.5384615384615385,1.8,2.5620687645687648
ac76b3f9-7958-490a-9117-86cbbdce2247,hurricane-harvey_00000317,building_crops/hurricane-harvey_00000317_ac76b3f9.png,16,37,497.17889912661514,2.2015352000000004,"POLYGON ((0 494.6281087047187, 6.042379519452689 493.5944266982648, 6.113667395026694 477.4120789429656, 0 477.0522097124394, 0 494.6281087047187))","POLYGON ((-95.59178199201395 29.49526608547163, -95.5917529875345 29.49527101059324, -95.59175438184953 29.49533923331745, -95.59178387950737 29.49534017595512, -95.59178199201395 29.49526608547163))",-95.59176851373985,29.495304185026043,,single_family_detached,True,1,,2.6,,,,,,,,
2fdb3a5a-1088-4afd-88cd-7d84c4c659e4,hurricane-harvey_00000381,building_crops/hurricane-harvey_00000381_2fdb3a5a.png,69,38,5601.406963888867,2.2015352000000004,"POLYGON ((922.3365743366403 2.495324914872799, 924.2094160325389 23.52877780727271, 937.4633726496677 24.24910153646449, 938.7599553622128 28.13884967410009, 972.3270411425497 28.4269791657768, 970.8863936841661 3.503778135741288, 922.3365743366403 2.495324914872799))","POLYGON ((-95.58613004833164 29.71371455707026, -95.58611874304866 29.71362616870161, -95.5860547333306 29.71362438506377, -95.5860480590761 29.71360812884186, -95.58588611340898 29.71361007973588, -95.5858957537683 29.7137148873223, -95.58613004833164 29.71371455707026))",-95.58600369087567,29.713664093056305,482014524012,commercial,False,0,0.9377289377289377,224.1,2.8,2.8,2.5,2.2,1.92,2.0,1.8,2.36
c3d04b96-7e7e-405d-9a8a-4497d39d2baa,hurricane-harvey_00000025,building_crops/hurricane-harvey_00000025_c3d04b96.png,51,95,6999.948595877511,1.9022960000000002,"POLYGON ((2.626060602811543 923.070354587259, 13.94419534466306 921.7644159631991, 11.76763097123008 899.5634593541827, 32.44499251884343 896.9515821060631, 39.84531138851558 958.3306974368733, 28.30952020932076 959.4189796235897, 29.61545883338055 968.5605499920083, 13.72653890731976 970.0841450534114, 13.07356959528987 962.9014826210826, 8.7204408484239 963.3367954957691, 0 923.7233238992889, 2.626060602811543 923.070354587259))","POLYGON ((-95.42055206451202 29.74842468397462, -95.4204975821612 29.74843118257989, -95.42051033194889 29.74852447314936, -95.42041081964899 29.74853729730687, -95.42036889820122 29.74827949838827, -95.42042445278909 29.74827389711572, -95.42041722593271 29.74823551952837, -95.42049374198116 29.74822770078164, -95.42049761977106 29.74825788754969, -95.42051858126484 29.7482556700901, -95.42056467021474 29.74842170254385, -95.42055206451202 29.74842468397462))",-95.42046032847261,29.74837759038061,482014112002,commercial,False,0,1.0,280.0,2.4647302904564317,2.4647302904564317,2.5,2.2,1.92,2.0,1.8,2.192365145228216
ef747d2b-2e44-472e-9e49-c86955e161ef,hurricane-harvey_00000317,building_crops/hurricane-harvey_00000317_ef747d2b.png,65,66,7177.334980031465,2.2015352000000004,"POLYGON ((33.45057950954576 448.5970674489967, 53.90250703614729 446.225829474898, 56.57014975700836 466.233149881356, 76.28106541670404 465.1957332676878, 79.24511288432744 489.9455296223433, 36.71103172393151 493.6505889568725, 34.7844008699763 460.4532573194903, 33.45057950954576 448.5970674489967))","POLYGON ((-95.59162575186164 29.49546327004472, -95.59152745771942 29.49547518721744, -95.59151245513588 29.49539109776097, -95.59141758842786 29.49539732256718, -95.59140064848552 29.49529326921478, -95.59160520316036 29.49527365504395, -95.59161805159384 29.49541341606098, -95.59162575186164 29.49546327004472))",-95.59152676208583,29.495361913609678,,commercial,False,0,,287.1,,,,,,,,
5c4d9ba2-4085-4f22-92b4-d615c452d9d6,hurricane-harvey_00000356,building_crops/hurricane-harvey_00000356_5c4d9ba2.png,53,45,1692.0349143700523,2.2015352000000004,"POLYGON ((301.7688209696801 853.3734176635729, 295.4262748754821 863.481850501201, 325.3551642574789 879.7346248675834, 329.71566469724 872.2028513807232, 301.7688209696801 853.3734176635729))","POLYGON ((-95.57520525298361 29.7491681075264, -95.57523476942102 29.74912494809433, -95.57508860184353 29.74905932522698, -95.57506837195852 29.74909144888588, -95.57520525298361 29.7491681075264))",-95.57515296442745,29.749112780859935,482014511003,institutional,False,0,0.9426605504587156,101.5,2.8,2.8,1.5714285714285714,2.2,1.92,2.0,1.8,2.36
6b3f5f47-9466-4c04-b06f-c0f31863b63d,hurricane-harvey_00000088,building_crops/hurricane-harvey_00000088_6b3f5f47.png,52,59,4704.820536005521,2.2015352000000004,"POLYGON ((791.9659350408793 222.908349675549, 805.2855466210748 218.009182197776, 817.2272673481465 223.6738445939511, 820.2892470217546 231.175694794291, 823.5043256790432 235.4624663373424, 824.7291175484863 247.4041870644141, 817.8396632828681 247.7103850317749, 817.6865642991877 250.9254636890634, 819.0644551523112 254.5998392973931, 816.3086734460641 257.0494230362797, 805.744843572116 251.3847606401046, 802.376665931147 251.537859623785, 796.0996076002504 257.2025220199601, 792.2721330082402 256.7432250689189, 791.9659350408793 222.908349675549))","POLYGON ((-95.65070018156413 29.83139064736569, -95.65063642619151 29.83141255927263, -95.65057814810473 29.83138987403404, -95.65056253248589 29.83135859526507, -95.65054653522235 29.83134086372043, -95.65053929500124 29.83129071928679, -95.65057251957187 29.83128876269329, -95.65057290122381 29.83127521546644, -95.65056584101444 29.83125988344089, -95.65057887212815 29.83124930593158, -95.65063049841015 29.83127212473806, -95.6506467411508 29.83127115385129, -95.65067641365408 29.83124670261718, -95.65069494171387 29.83124826480039, -95.65070018156413 29.83139064736569))",-95.65062820278581,29.83132937476843,482015417012,commercial,False,0,0.9,188.2,3.138888888888889,3.138888888888889,2.5,2.2,1.92,2.0,1.8,2.5294444444444446
6e842c93-f33d-4269-913e-9aa34f0c5d47,hurricane-harvey_00000180,building_crops/hurricane-harvey_00000180_6e842c93.png,49,71,5683.894426026683,2.2015352000000004,"POLYGON ((793.0630744577082 799.2494894104589, 801.3462308065028 799.2494894104589, 801.3462308065028 796.253454135363, 818.2650182423386 796.253454135363, 821.9660029939276 812.114817356459, 810.6868113700372 814.582140524185, 812.44918506127 825.8613321480755, 821.0848161483112 825.3326200407056, 822.8471898395441 841.5464580000482, 815.2502910578471 848.031898998511, 797.0134929826821 845.6938479632335, 793.0630744577082 799.2494894104589))","POLYGON ((-95.64986510580128 29.71086833404611, -95.6498251520817 29.71086913408523, -95.64982548357003 29.71088174943286, -95.64974387595741 29.71088338351874, -95.64972426942121 29.71081695382813, -95.64977840147723 29.71080547534307, -95.64976865276577 29.710758152483, -95.6497270574256 29.71076121277097, -95.64971676278925 29.71069311168309, -95.64975268875286 29.71066506983835, -95.64984091227299 29.71067315324367, -95.64986510580128 29.71086833404611))",-95.64979350433487,29.71077454299088,482014543032,commercial,False,0,1.0,227.4,2.737201365187713,2.737201365187713,2.5,2.2,1.92,2.0,1.8,2.3286006825938568
f94bc65f-5133-4059-ab88-cdb8e27fc052,hurricane-harvey_00000391,building_crops/hurricane-harvey_00000391_f94bc65f.png,36,37,1310.3614233816397,2.2015352000000004,"POLYGON ((392.1120097840897 58.60696285235558, 406.5634740521994 57.90201337586242, 408.8545598508022 61.60299812745149, 407.7971356360624 64.24655866430082, 409.9119840655419 64.95150814079398, 409.0307972199254 74.115851335205, 393.521908737076 75.87822502643787, 392.1120097840897 58.60696285235558))","POLYGON ((-95.60483715873774 29.7648773451203, -95.60476749291446 29.76488168764696, -95.60475603276586 29.76486632224556, -95.60476084775439 29.76485509078103, -95.60475056467861 29.7648523236497, -95.6047538184235 29.7648136527025, -95.6048284720631 29.76480475726441, -95.60483715873774 29.7648773451203))",-95.60479450960617,29.764844231623577,482014507001,small_multi_family,True,14,0.8839103869653768,24.7,3.5920398009950247,3.5920398009950247,2.5,2.2,1.92,2.0,1.8,2.7560199004975123
25201940-22f6-4ef6-9ef1-26c3d87de1b6,hurricane-harvey_00000508,building_crops/hurricane-harvey_00000508_25201940.png,55,70,6286.350537457875,2.2015352000000004,"POLYGON ((557.8273648823376 274.3947475733598, 539.6487391890038 272.4517234915518, 539.0256854418417 271.6323285178165, 543.3182472587702 230.204291635945, 543.9046842687778 229.3836816508727, 559.1357220379845 230.3928746948664, 559.9370556308123 231.1051936917767, 558.4639284651624 243.5214138063533, 573.5113513691177 244.6278743053363, 574.5624633535645 245.5159551280285, 571.7478217867199 280.063953072548, 571.1134819130724 280.4087682768628, 557.7811551200532 279.1306197392146, 557.2241346328461 278.4023077778797, 557.8273648823376 274.3947475733598))","POLYGON ((-95.61917866008976 29.86452417449035, -95.61926665715464 29.86453060958426, -95.61926975597352 29.86453399859775, -95.61925358464703 29.86470877657653, -95.61925084304693 29.86471228666725, -95.61917718226725 29.86470949937363, -95.619173234321 29.86470657812275, -95.61917898219082 29.86465417826902, -95.61910619741855 29.86465096394, -95.61910102397937 29.86464732686966, -95.61911081557248 29.86450164797603, -95.61911384082741 29.864500135868, -95.61917836229564 29.86450423725144, -95.61918113222181 29.86450724923895, -95.61917866008976 29.86452417449035))",-95.61918750845619,29.864601006183786,482015407004,commercial,False,0,0.8129496402877698,251.5,2.6149425287356323,2.6149425287356323,2.5,2.2,1.92,2.0,1.8,2.267471264367816
2e0f9ce4-68ce-4133-b9ea-11903ecd4729,hurricane-harvey_00000206,building_crops/hurricane-harvey_00000206_2e0f9ce4.png,56,62,6304.088456975729,2.2015352000000004,"POLYGON ((755.2890000534267 3.698298920993854, 792.4655317035697 4.663923119698866, 791.4999075048646 39.42639427307931, 777.7397626733182 42.08186081951809, 777.2569505739657 51.97950885624447, 764.9452420404768 52.22091490592072, 765.6694601895056 37.97795797502179, 776.532732424937 34.8396793292305, 776.0499203255845 27.1146857395904, 772.9116416797932 26.39046759056165, 773.3944537791457 30.97718253441045, 757.9444665998655 30.25296438538169, 755.2890000534267 30.01155833570544, 755.2890000534267 3.698298920993854))","POLYGON ((-95.64093433586186 29.7402825289801, -95.64075485502715 29.74028204479084, -95.64075567649587 29.74013557767212, -95.64082177500616 29.74012307063705, -95.64082301186471 29.74008134816695, -95.64088238824877 29.74007914551753, -95.64088046637005 29.7401391880046, -95.64082839835527 29.74015344894816, -95.64083158071072 29.7401859300059, -95.6408468026295 29.74018867711126, -95.64084396672988 29.74016941038087, -95.64091859173331 29.74017097130265, -95.6409314308151 29.74017173194252, -95.64093433586186 29.7402825289801))",-95.64083948107469,29.7402018958264,482014516063,commercial,False,0,0.9409190371991247,252.2,3.316688567674113,3.316688567674113,2.5,2.2,1.92,2.0,1.8,2.6183442838370565
f4aac781-94ca-4d60-a878-9ad044f575b8,hurricane-harvey_00000025,building_crops/hurricane-harvey_00000025_f4aac781.png,74,63,4327.693822245747,1.9022960000000002,"POLYGON ((261.745525890749 669.7992136263691, 284.1956491295534 669.7992136263691, 284.576159692923 650.7736854578908, 303.0309220163469 650.5834301762061, 303.4114325797165 658.574152006967, 311.0216438471078 659.1449178520213, 311.4021544104774 670.3699794714234, 304.74321955151 670.7504900347931, 304.9334748331948 691.868826301804, 296.3719871573795 692.0590815834887, 296.1817318756948 684.6391255977823, 260.2234836372708 684.829380879467, 259.2722072288469 684.829380879467, 259.0819519471621 670.1797241897387, 261.745525890749 669.7992136263691))","POLYGON ((-95.41932733063021 29.74951402747559, -95.41921899853612 29.74951600930982, -95.41921908705969 29.74959615481175, -95.41913005357308 29.74959858500353, -95.41912740910595 29.74956497158675, -95.4190906286026 29.74956323999284, -95.41908765697607 29.74951600754786, -95.41911975088954 29.74951381751842, -95.41911669654337 29.74942491008215, -95.41915799035112 29.74942335322322, -95.4191596590149 29.74945458007656, -95.41933315462832 29.74945060470477, -95.41933774496813 29.74945052072674, -95.41934014509472 29.74951219009873, -95.41932733063021 29.74951402747559))",-95.41919822975987,29.749508135136466,482014112002,commercial,False,0,1.0,173.1,2.4647302904564317,2.4647302904564317,2.5,2.2,1.92,2.0,1.8,2.192365145228216
1c6d8c01-cce7-4fd6-aa35-6678811d8ff0,hurricane-harvey_00000206,building_crops/hurricane-harvey_00000206_1c6d8c01.png,57,73,7601.257964510162,2.2015352000000004,"POLYGON ((846.1283396839983 366.9254888907892, 859.8884845155447 367.1668949404655, 859.8884845155447 376.0989187784868, 863.026763161336 377.3059490268681, 865.4408236580986 366.9254888907892, 882.8220592347888 368.615331238523, 882.09784108576 405.5504568389897, 871.2345688503286 403.8606144912559, 870.9931628006524 420.5176319189174, 852.6463030252571 419.3106016705361, 854.0947393233147 400.4809297957884, 844.6799033859407 398.0668692990259, 846.1283396839983 366.9254888907892))","POLYGON ((-95.64045594909412 29.73876184178924, -95.64038953166701 29.73876215074451, -95.64038854581234 29.73872454071597, -95.64037327083743 29.73871976056837, -95.64036276904744 29.73876370205003, -95.64027872049255 29.73875826081732, -95.6402781382806 29.73860266849535, -95.64033073848567 29.73860873755664, -95.64033006480186 29.7385385766783, -95.64041871887504 29.73854189190239, -95.64041380868015 29.73862131742786, -95.64045950034098 29.73863057541749, -95.64045594909412 29.73876184178924))",-95.6403670057147,29.73866400000939,482014516063,commercial,False,0,0.9409190371991247,304.1,3.316688567674113,3.316688567674113,2.5,2.2,1.92,2.0,1.8,2.6183442838370565
23132b34-376e-478a-91ff-fd1dae3c81a9,hurricane-harvey_00000206,building_crops/hurricane-harvey_00000206_23132b34.png,35,31,889.9834363014036,2.2015352000000004,"POLYGON ((752.4482101081456 747.3288904587929, 768.7050713549083 747.3288904587929, 768.2405896050008 759.8698977062954, 754.1900166702989 759.0570546439574, 752.4482101081456 747.3288904587929))","POLYGON ((-95.64086594970584 29.73715105492423, -95.64078751389339 29.73715262102507, -95.64078837060859 29.73709976992704, -95.64085625125142 29.73710183900673, -95.64086594970584 29.73715105492423))",-95.64082413739207,29.737126951793737,482014516063,small_multi_family,True,9,0.9409190371991247,16.9,3.316688567674113,3.316688567674113,2.5,2.2,1.92,2.0,1.8,2.6183442838370565
20e6ef2a-314b-43f8-9874-d1f18f9212b3,hurricane-harvey_00000431,building_crops/hurricane-harvey_00000431_20e6ef2a.png,39,58,3321.165910056089,2.2015352000000004,"POLYGON ((1023.855935254162 959.9523856523764, 1004.174023715365 958.9543731543273, 1007.224685490619 996.9703121998004, 1024 996.9346750224236, 1024 962.9718686150293, 1023.855935254162 959.9523856523764))","POLYGON ((-95.55183537598212 29.7448582345546, -95.55193045231583 29.74486060438183, -95.55191167595187 29.74470081232395, -95.55183073504475 29.74470252430496, -95.55183435867374 29.7448455336405, -95.55183537598212 29.7448582345546))",-95.55187724381608,29.744782680902734,482014310011,commercial,False,0,1.0,132.8,2.9195402298850577,2.9195402298850577,2.5,2.2,1.92,2.0,1.8,2.419770114942529
4cf12f9f-a138-43ae-bb65-63439cc36725,hurricane-harvey_00000243,building_crops/hurricane-harvey_00000243_4cf12f9f.png,47,79,7081.235951909101,2.2015352000000004,"POLYGON ((0 703.7953079112696, 19.21072179213798 712.0693309626579, 37.70209519685115 677.5287052144733, 28.43555058259158 662.3815822324125, 20.25098517672341 657.2697229550056, 13.26403237777326 652.0899721007862, 9.269962625125013 655.7041510237254, 0 680.2603090095425, 0 703.7953079112696))","POLYGON ((-95.6260143987872 29.96519148744474, -95.62592065243717 29.96515852637153, -95.62583512138734 29.96530563720267, -95.62588157612535 29.96536847513009, -95.62592169168859 29.96538919426618, -95.62595602764135 29.96541031447253, -95.6259749278313 29.96539472295971, -95.6260170040825 29.96529051020692, -95.6260143987872 29.96519148744474))",-95.62593741180551,29.965282389034872,482015523011,commercial,False,0,0.9533333333333334,283.2,2.9159935379644586,2.9159935379644586,2.5,2.2,1.92,2.0,1.8,2.4179967689822295
6ffdb794-3b38-42b5-aadf-23ff675b41fb,hurricane-harvey_00000177,building_crops/hurricane-harvey_00000177_6ffdb794.png,69,69,6230.206739466691,2.2015352000000004,"POLYGON ((748.6636044549543 143.7955681619099, 747.7539615033103 156.3789623263183, 751.3925333098862 162.4432486706115, 770.9498567702318 166.9914634288314, 775.043832728828 167.2551838364127, 774.7968806427915 170.7125130409234, 789.61400580498 174.169842245434, 797.5164725581471 155.4014837066619, 779.4889702774844 152.4380586742242, 779.4889702774844 146.7581606953853, 770.5986951801714 143.5477835769111, 773.5621202126091 130.4593230169779, 762.6962284270041 127.9898021566131, 753.8059533296911 125.0263771241754, 748.6636044549543 143.7955681619099))","POLYGON ((-95.64174279048927 29.76987414973513, -95.64174578941 29.76982107745893, -95.64172755789784 29.76979589373582, -95.6416326646894 29.76977862922834, -95.64161287660434 29.76977791369067, -95.64161368622713 29.76976333219362, -95.64154179148244 29.76975020374178, -95.64150572648461 29.76982999337141, -95.64159306106455 29.76984073250438, -95.64159368904782 29.76986464868697, -95.64163695154413 29.7698773089789, -95.64162409613942 29.76993270603214, -95.6416768117718 29.76994205623895, -95.64172004700545 29.76995367666692, -95.64174279048927 29.76987414973513))",-95.64164565276212,29.76984312578079,482014505002,commercial,False,0,0.7311089303238469,249.2,2.680440771349862,2.680440771349862,2.5,2.2,1.92,2.0,1.8,2.300220385674931
21fa4557-a9b3-41b6-a389-2548d42dbe03,hurricane-harvey_00000025,building_crops/hurricane-harvey_00000025_21fa4557.png,39,43,850.8176494490164,1.9022960000000002,"POLYGON ((583.123688564887 353.8622163743963, 594.1180029016583 351.3796292660931, 598.9058494676716 369.1123943254017, 586.3155862755625 372.4816196866703, 582.2370503119216 354.3941993261756, 583.123688564887 353.8622163743963))","POLYGON ((-95.41780847608482 29.75087272520061, -95.41775567373027 29.75088414877514, -95.41773077697019 29.75080990271742, -95.41779119093263 29.75079460492663, -95.41781270079338 29.75087040692087, -95.41780847608482 29.75087272520061))",-95.41777266419346,29.750839654753687,482014111001,small_multi_family,True,9,0.794314381270903,14.3,2.7263157894736842,2.7263157894736842,2.5,2.2,1.92,2.0,1.8,2.323157894736842
576416e9-abae-4cfb-aa07-cb31012efd3f,hurricane-harvey_00000176,building_crops/hurricane-harvey_00000176_576416e9.png,17,49,975.225348286967,2.2015352000000004,"POLYGON ((0 47.11514188406365, 7.545932027654668 48.09212893460761, 6.959739797328294 73.88458706896805, 3.442586415370053 73.88458706896805, 3.247189005261262 77.0109456307087, 0 77.0109456307087, 0 47.11514188406365))","POLYGON ((-95.62986411454577 29.74463423729051, -95.6298275966153 29.74463084754426, -95.62982758901609 29.744522186291, -95.62984455990595 29.74452184880041, -95.62984515896412 29.74450866580792, -95.62986082722558 29.74450835422005, -95.62986411454577 29.74463423729051))",-95.62984563203037,29.74457469647525,482014516061,small_multi_family,True,10,0.9516574585635359,19.0,3.3566666666666665,3.3566666666666665,2.5,2.2,1.92,2.0,1.8,2.638333333333333
b76f0650-6404-48c5-b5ba-b939841dc407,hurricane-harvey_00000220,building_crops/hurricane-harvey_00000220_b76f0650.png,78,65,11376.97779552475,2.2015352000000004,"POLYGON ((334.0515791581256 0, 335.0241017661274 14.36865667927604, 330.5299613336252 14.95484890960241, 331.702345794278 23.55233495438922, 331.5069483841692 24.92011682515076, 325.4496286707966 25.89710387569471, 325.8404234910142 28.82806502732658, 332.0931406144956 29.02346243743537, 332.0931406144956 34.49458992048152, 345.770959322111 33.71300028004636, 347.3341386029813 53.44813870103427, 322.5186675191648 55.0113179819046, 320.5646934180769 52.47115165049032, 299.4617731263274 52.66654906059911, 296.5972370036155 29.43197828749112, 290.8681647581917 28.15885112184136, 288.3219104268921 0, 334.0515791581256 0))","POLYGON ((-95.62836997405994 29.74917645962507, -95.62836370188356 29.74911605038229, -95.62838532349065 29.74911315102691, -95.62837872124973 29.74907706179154, -95.62837951377776 29.74907128369074, -95.6284086353858 29.74906658886727, -95.62840642747763 29.74905428486746, -95.62837623413711 29.74905406183836, -95.62837563276705 29.74903102440172, -95.62830971773694 29.74903562736261, -95.62830000561034 29.74895267796112, -95.62841957824999 29.74894371566827, -95.62842928615865 29.74895422420132, -95.62853109460791 29.74895137726304, -95.62854747116135 29.74904893696786, -95.62857525617181 29.74905374821492, -95.62859063826298 29.74917207324751, -95.62836997405994 29.74917645962507))",-95.62845403883743,29.749060501642745,482014516052,commercial,False,0,0.6700434153400868,455.1,3.0821917808219177,3.0821917808219177,2.5,2.2,1.92,2.0,1.8,2.5010958904109586
a3360c68-6f45-4c67-9c10-46ffc0c7a60f,hurricane-harvey_00000351,building_crops/hurricane-harvey_00000351_a3360c68.png,70,50,5642.047829086646,2.2015352000000004,"POLYGON ((733.726476201967 0, 732.1403398798574 3.990011203040361, 741.1284457051452 3.990011203040361, 741.4809204433917 21.78998548449253, 744.1662112643086 23.98128638148335, 744.391139769144 29.15464199270124, 745.2908537884863 33.65321208941244, 745.5157822933219 36.1274256426036, 745.5157822933219 39.50135321513701, 752.0387089335532 39.95121022480813, 753.163351457731 37.02713966194585, 783.5286996105316 35.67756863293248, 783.7536281153672 10.7105045961853, 770.032989320398 11.8351471203631, 754.0630654770732 10.93543310102086, 753.3882799625665 17.23343123641654, 751.3639234190465 16.55864572190986, 750.6891379045397 9.360933567171934, 749.7894238851975 5.537148984967409, 752.4885659432243 0, 733.726476201967 0))","POLYGON ((-95.58353808527959 29.76985609412791, -95.58354530903448 29.76983914398942, -95.58350192963248 29.76983999187728, -95.5834983038288 29.76976507579901, -95.58348510685082 29.76975610232582, -95.58348346190391 29.76973434039241, -95.58347863319811 29.76971548339372, -95.58347728009929 29.76970508658267, -95.58347691529265 29.7696908801793, -95.58344538501882 29.7696896013111, -95.58344027331216 29.76970201961641, -95.58329386676371 29.76971056649111, -95.58329548057489 29.76981571510664, -95.58336157905379 29.76980968540843, -95.58343875215195 29.76981196734237, -95.5834413279108 29.76978538506902, -95.58345117104305 29.76978803538922, -95.58345520601765 29.76981827872944, -95.58345996176432 29.76983429444802, -95.58344753356492 29.76985786401885, -95.58353808527959 29.76985609412791))",-95.58340526447783,29.769767333145776,482014507003,commercial,False,0,0.8509687034277198,225.7,2.5201401050788093,2.5201401050788093,2.5,2.2,1.92,2.0,1.8,2.2200700525394046
ff118eef-e31c-4f7a-ac3d-c7b35e6060f5,hurricane-harvey_00000356,building_crops/hurricane-harvey_00000356_ff118eef.png,34,37,901.3777397881864,2.2015352000000004,"POLYGON ((333.5098352773301 249.0436756931912, 344.0146772458455 249.6382893895223, 341.2398133296339 265.6928591904609, 337.4739265862038 266.287472886792, 329.5457439684564 265.6928591904609, 333.5098352773301 249.0436756931912))","POLYGON ((-95.57511717181221 29.75171573105037, -95.57506641691705 29.75171421451387, -95.57507807795109 29.75164635305931, -95.57509618609545 29.75164349543224, -95.5751345073569 29.75164525410511, -95.57511717181221 29.75171573105037))",-95.57509939634485,29.75167918729811,482014511003,unknown_nonres,False,0,0.9426605504587156,9.0,2.8,2.8,1.5714285714285714,2.2,1.92,2.0,1.8,2.36
44582918-dd50-49cf-96ed-51ce69bc5dc1,hurricane-harvey_00000489,building_crops/hurricane-harvey_00000489_44582918.png,66,65,5284.761450553745,2.2015352000000004,"POLYGON ((973.0561991732847 534.4931716861872, 968.5411264819351 551.751852935761, 952.6756380123367 548.3535691121285, 945.6415379225084 565.5009976050806, 933.3394975340499 560.3219046334024, 938.6517590161111 544.3851201872188, 926.5094470571141 539.578788370116, 931.3157788742171 526.9305467461608, 941.1814073409021 528.1953709085564, 943.7110556656932 519.0886369393086, 954.5885434622945 521.8712500965787, 953.323719299899 528.7013005735145, 966.7308554212915 532.495773060701, 973.0561991732847 534.4931716861872))","POLYGON ((-95.50394408250371 29.75447901958865, -95.50396406306395 29.75440593592089, -95.50404097983414 29.75441879519166, -95.50407312783383 29.75434594975784, -95.50413303523607 29.7543666330763, -95.5041090694234 29.75443422351155, -95.50416816705405 29.75445335182403, -95.504146298244 29.75450704897463, -95.5040985579288 29.75450262480242, -95.50408730458298 29.75454120167006, -95.50403452243268 29.7545304789999, -95.50403991067269 29.75450160414587, -95.5039748154363 29.75448685199384, -95.50394408250371 29.75447901958865))",-95.50406075577817,29.754450236012282,482014303001,commercial,False,0,0.9370932754880694,211.4,2.9027777777777777,2.9027777777777777,2.5,2.2,1.92,2.0,1.8,2.411388888888889
2973a768-3033-4329-8afb-94350a2340d7,hurricane-harvey_00000080,building_crops/hurricane-harvey_00000080_2973a768.png,43,45,2179.6594763912017,2.2015352000000004,"POLYGON ((131.2029937322121 257.5287929638951, 137.069650992316 256.5901278022785, 138.477648734741 250.2541379613663, 147.3949677700989 250.2541379613663, 147.629634060503 255.4167963502577, 151.1496284165653 255.6514626406618, 155.6082879342443 273.4861007113776, 134.9576543786786 276.7714287770358, 131.2029937322121 257.5287929638951))","POLYGON ((-95.62846145408152 29.62565208711199, -95.62843327189897 29.62565660193048, -95.62842717675757 29.6256834260461, -95.62838418371963 29.62568427847286, -95.62838248747833 29.62566255388723, -95.62836549087079 29.62566190186639, -95.6283420431043 29.62558720200711, -95.62844124638029 29.62557138897168, -95.62846145408152 29.62565208711199))",-95.62840366859646,29.625625034908925,,commercial,False,0,,87.2,,,,,,,,
b8b709c2-7b84-48f4-ada4-f140130543fc,hurricane-harvey_00000391,building_crops/hurricane-harvey_00000391_b8b709c2.png,58,69,7141.4008176596435,2.2015352000000004,"POLYGON ((678.5024873997318 154.667223898527, 679.6507758141411 156.6767286237432, 688.5500110258129 156.3896565201409, 689.4112273366197 157.8250170381525, 694.5785252014616 158.1120891417548, 696.5880299266778 168.7337569750405, 696.3009578230755 173.0398385290753, 696.8751020302801 179.3554248083263, 696.0138857194731 181.6520016371448, 695.1526694086662 202.608265200114, 680.511992124948 202.3211930965117, 679.6507758141411 191.9865973668282, 672.98 191.52, 660.25 188.6, 658.6945122511719 186.8192995019865, 658.4074401475696 186.5322273983842, 658.1203680439671 184.2356505695657, 658.1203680439671 182.8002900515541, 657.5462238367625 179.0683527047239, 658.4074401475696 167.5854685606313, 658.1203680439671 157.5379449345502, 658.6945122511719 158.3991612453571, 663.287665908809 158.6862333489594, 663.5747380124114 157.2508728309479, 669.0291079808553 157.2508728309479, 669.0291079808553 154.667223898527, 677.0671268817201 152.3706470697084, 678.5024873997318 154.667223898527))","POLYGON ((-95.60344457486295 29.7645001036925, -95.60343881433664 29.76449175165358, -95.60339589808332 29.76449380622043, -95.60339158550978 29.76448784437445, -95.60336661696515 29.76448712675259, -95.60335576208047 29.76444259436418, -95.60335667840751 29.76442443598105, -95.60335321962391 29.76439789827033, -95.60335712565866 29.76438814649874, -95.60335899903366 29.76429982663019, -95.60342968577862 29.76429964386877, -95.60343496779453 29.76434307665037, -95.60346721160246 29.764344407267, -95.60352896433112 29.76435549220424, -95.6035366650627 29.7643628421373, -95.60353808173869 29.76436402359119, -95.60353971733181 29.76437366622346, -95.60353987370122 29.76437970992232, -95.6035430510671 29.7643953689674, -95.60354014581675 29.76444380041583, -95.6035426258108 29.76448607902121, -95.60353976118108 29.76448250737402, -95.60351756344654 29.76448173520863, -95.60351633441144 29.76448780619327, -95.60349001173732 29.76448832462036, -95.60349029319825 29.76449920327855, -95.60345175206749 29.76450963718582, -95.60344457486295 29.7645001036925))",-95.60344213388714,29.764409036312774,482014507001,commercial,False,0,0.8839103869653768,285.7,3.5920398009950247,3.5920398009950247,2.5,2.2,1.92,2.0,1.8,2.7560199004975123
8e2a824d-06a2-4629-a02c-64b48523fd42,hurricane-harvey_00000006,building_crops/hurricane-harvey_00000006_8e2a824d.png,64,67,3562.417358247512,1.9022960000000002,"POLYGON ((18.60313140459611 511.0575748649246, 38.27451889776951 543.969319324657, 61.16142165425011 532.6204419247493, 40.73344233441619 498.9521056383564, 18.60313140459611 511.0575748649246))","POLYGON ((-95.4793282761741 29.77229688678638, -95.47922991556334 29.77216008408947, -95.47912062806371 29.77220994345585, -95.47922271884379 29.77234986357411, -95.4793282761741 29.77229688678638))",-95.47922506413579,29.7722541899025,482014316003,commercial,False,0,0.9106666666666666,142.5,5.454128440366972,5.454128440366972,1.4504504504504505,2.2,1.3575,1.0625,1.8,3.405814220183486
5030acaa-9267-4a67-a3b6-600aadef9ade,hurricane-harvey_00000277,building_crops/hurricane-harvey_00000277_5030acaa.png,44,54,3181.8090132273564,2.2015352000000004,"POLYGON ((553.1259047478459 351.1708014297042, 574.0123646511296 348.591683114961, 578.3576735453022 378.5260332748164, 558.079565372497 383.3541542683415, 553.1259047478459 351.1708014297042))","POLYGON ((-95.58902226935766 29.49160612416272, -95.58892190700237 29.49161895629394, -95.58889775901613 29.49149317664888, -95.58899494875907 29.49147092102438, -95.58902226935766 29.49160612416272))",-95.58895985725606,29.491547326211894,,commercial,False,0,,127.3,,,,,,,,
d849d490-5e04-4413-a542-0b8952d6c11e,hurricane-harvey_00000159,building_crops/hurricane-harvey_00000159_d849d490.png,84,74,8708.388900756725,2.2015352000000004,"POLYGON ((253.4349504502234 825.9697541852124, 275.0245317031665 804.779979992509, 281.4214446670015 809.9774717756248, 292.6160423537128 798.7828740889136, 318.2036942090528 821.5718765225758, 290.6170070525143 853.1566342815112, 275.8241458236459 838.3637730526427, 265.8289693176537 837.963965992403, 253.4349504502234 825.9697541852124))","POLYGON ((-95.6345121099849 29.78008654560476, -95.63441023740808 29.78017784667861, -95.63437878703127 29.78015657720571, -95.63432598700241 29.780204791371, -95.63419996511143 29.7801112960295, -95.63432963842148 29.77997564800519, -95.63440267323216 29.78003651271251, -95.63445096266939 29.78003723437259, -95.6345121099849 29.78008654560476))",-95.63435115441231,29.78009474984319,482014505001,commercial,False,0,0.9020979020979021,348.3,3.365979381443299,3.365979381443299,2.5,2.2,1.92,2.0,1.8,2.6429896907216497
6ff97518-8baf-4647-b01a-9734a0044428,hurricane-harvey_00000025,building_crops/hurricane-harvey_00000025_6ff97518.png,42,45,1194.5311964525579,1.9022960000000002,"POLYGON ((1005.154628523022 286.5894910103718, 1024 281.3075582049816, 1024 298.7539423197553, 1005.794862802463 303.7157579854248, 1004.19427710386 286.5894910103718, 1005.154628523022 286.5894910103718))","POLYGON ((-95.41577874874089 29.7511932141419, -95.41568834305359 29.75121711640882, -95.41568658060056 29.75114365371762, -95.41577392908341 29.75112115583374, -95.41578338296408 29.75119312948273, -95.41577874874089 29.7511932141419))",-95.4157330157509,29.7511690152312,482014111001,small_multi_family,True,13,0.794314381270903,20.7,2.7263157894736842,2.7263157894736842,2.5,2.2,1.92,2.0,1.8,2.323157894736842
7b13e34e-48c5-4d8f-82d2-5f369ccd1155,hurricane-harvey_00000452,building_crops/hurricane-harvey_00000452_7b13e34e.png,32,35,833.4409296663831,2.2015352000000004,"POLYGON ((223.1018035262468 798.4973267570148, 225.3763885568692 798.0424097508903, 225.8313055629937 797.2235591398662, 230.6534258279132 797.5874927447658, 231.6542432413871 799.0432271643641, 233.2919444634352 799.4071607692638, 234.0198116732344 800.1350279790629, 233.2919444634352 813.0546709529982, 221.5550857054236 812.1448369407492, 221.8280359090983 800.8628951888621, 223.1018035262468 798.4973267570148))","POLYGON ((-95.58458811216259 29.71470518828481, -95.58457718941824 29.71470731809216, -95.58457508342852 29.71471080886505, -95.58455178383856 29.7147097307723, -95.58454679911023 29.71470369544, -95.58453886010346 29.71470231732792, -95.58453527055542 29.71469932109113, -95.58453738714148 29.7146448521099, -95.58459410002192 29.71464757734476, -95.58459400107589 29.71469510763901, -95.58458811216259 29.71470518828481))",-95.58456492300175,29.714676714604963,482014524012,vacant,False,0,0.9377289377289377,0.0,2.8,2.8,2.5,2.2,1.92,2.0,1.8,2.36
fc419d1d-cb11-4c46-82fb-a9c9c457de4c,hurricane-harvey_00000159,building_crops/hurricane-harvey_00000159_fc419d1d.png,86,66,7237.018695420118,2.2015352000000004,"POLYGON ((285.1897112974719 790.0671435274667, 327.4797158844165 821.3930728511294, 352.8537186365832 795.3925515124894, 335.3111982153321 793.5129957530696, 333.744901749149 785.9947727153906, 317.768677794081 774.4041788656353, 307.4311211172724 785.0549948356806, 294.9007493878073 776.9102532115284, 285.1897112974719 790.0671435274667))","POLYGON ((-95.63436279433726 29.78024077601026, -95.63415521071633 29.78011294143515, -95.63403560144218 29.78022486293231, -95.6341204842522 29.78023108931335, -95.63412887379923 29.78026259551607, -95.63420726745468 29.78030986271031, -95.63425599074739 29.78026402074783, -95.63431737166492 29.78029711002319, -95.63436279433726 29.78024077601026))",-95.63420180518672,29.78021741665909,482014505001,commercial,False,0,0.9020979020979021,289.5,3.365979381443299,3.365979381443299,2.5,2.2,1.92,2.0,1.8,2.6429896907216497
b2532e6b-27c3-4051-98d9-f88bc8971e34,hurricane-harvey_00000098,building_crops/hurricane-harvey_00000098_b2532e6b.png,52,48,3920.8203376108513,2.2015352000000004,"POLYGON ((354.9657204144817 708.4938620123395, 378.9457732813401 707.6244944567035, 380.0750134877262 716.9418484668893, 382.4216763917678 735.9498179896258, 351.2110597680152 736.8884831512423, 350.0377283159945 719.0538450805266, 354.2617215432692 719.5231776613349, 354.9657204144817 708.4938620123395))","POLYGON ((-95.6635577308075 29.86358539677634, -95.66344202910362 29.86359139393438, -95.66343553382161 29.86355228753958, -95.66342207569464 29.8634725122972, -95.6635726856425 29.86346551851373, -95.66358034665477 29.86354046961489, -95.66355989662918 29.86353890604923, -95.6635577308075 29.86358539677634))",-95.66350101615507,29.863525532904735,482015414043,commercial,False,0,0.9108433734939759,156.8,4.429447852760736,4.429447852760736,2.5,2.2,1.92,2.0,1.8,3.174723926380368
b19f56a9-fd0a-43d2-b50f-338700cafa9a,hurricane-harvey_00000477,building_crops/hurricane-harvey_00000477_b19f56a9.png,70,69,6524.564768340293,2.2015352000000004,"POLYGON ((885.1554856094422 864.7787134869297, 900.9979557097497 848.9362433866222, 896.935783889158 842.4367684736756, 879.4684450606139 827.8129499195456, 851.4394594985314 856.6543698457464, 850.6270251344131 862.3414103945747, 869.3130155091347 876.9652289487046, 877.8435763323772 866.8097993972256, 887.186571519738 876.1527945845863, 892.4673948865072 870.8719712178172, 887.186571519738 865.9973650331073, 885.1554856094422 864.7787134869297))","POLYGON ((-95.59215347504278 29.74878891331294, -95.5920787480584 29.74885711854815, -95.59209905365653 29.74888410118651, -95.59218492356267 29.7489440244175, -95.59231704467359 29.74881993263002, -95.59232034839492 29.7487959097744, -95.59222859822883 29.74873610190158, -95.59218853681539 29.74877966953827, -95.59214244160131 29.7487412134167, -95.59211753262605 29.7487639484967, -95.59214354240738 29.74878397414343, -95.59215347504278 29.74878891331294))",-95.59219910688235,29.74883488675569,482014513021,commercial,False,0,0.9543080939947781,261.0,2.8707386363636362,2.8707386363636362,2.5,2.2,1.92,2.0,1.8,2.3953693181818183
49a8d79c-df13-4fd4-ba93-09244a84480d,hurricane-harvey_00000356,building_crops/hurricane-harvey_00000356_49a8d79c.png,66,122,18973.916817986577,2.2015352000000004,"POLYGON ((975.5799904004284 319.2190292796736, 990.4322455470653 319.8684032430401, 990.630450112509 316.3007210650537, 1006.090406217117 317.2917438922721, 1006.090406217117 320.8594260702585, 1015.207816227526 320.6612215048148, 1014.811407096639 324.4271082482449, 1021.153953190837 323.8324945519138, 1021.946771452612 340.4816780491836, 1015.207816227526 341.2744963109583, 1019.964725798175 410.4478896508053, 1018.973702970956 416.3940266141159, 1005.297587955342 416.988640310447, 1005.297587955342 418.5742768339965, 992.8107003323896 418.9706859648838, 990.8286546779527 413.8173672633479, 975.9633122696762 413.0245490015732, 975.3686985733451 393.7987061535355, 981.9094492329868 392.807683326317, 978.5399716204441 375.3656815672725, 979.92740357855 374.5728633054978, 979.6876405476444 338.8919291390591, 975.6300575966429 339.3978588040173, 975.5799904004284 319.2190292796736))","POLYGON ((-95.57201132477603 29.75148054716254, -95.57193958572422 29.75147920689145, -95.57193901304468 29.75149424790763, -95.57186430478606 29.7514915260562, -95.57186392104538 29.75147650364248, -95.57181994651667 29.75147819394298, -95.57182145432694 29.75146229974517, -95.57179091247853 29.75146539875723, -95.57178529602123 29.75139536856407, -95.57181772939171 29.75139139777111, -95.57178733503281 29.7511005762898, -95.57179147763287 29.75107544592039, -95.57185740718575 29.75107165862607, -95.57185723663764 29.7510649819973, -95.5719174489329 29.75106214086718, -95.57192756750402 29.75108365387952, -95.57199938485515 29.75108559694554, -95.57200432215579 29.75116649524868, -95.5719728666161 29.75117128205789, -95.57199100203621 29.75124440870596, -95.57198439231105 29.75124787724493, -95.57198938728723 29.7513980961829, -95.57200891261965 29.7513955850186, -95.57201132477603 29.75148054716254))",-95.57189647988749,29.751278866409752,482014508032,institutional,False,0,0.8950617283950617,1138.4,3.0344827586206895,3.0344827586206895,2.5,2.2,1.92,2.0,1.8,2.4772413793103447
8912cde1-08c5-4d12-8e3a-2155e346cc3d,hurricane-harvey_00000180,building_crops/hurricane-harvey_00000180_8912cde1.png,39,41,1145.3686206058,2.2015352000000004,"POLYGON ((1018.261820210503 118.3930006290085, 1005.056503444796 123.5602984938502, 1014.242810760071 140.7846247099893, 1024 135.6173268451476, 1018.261820210503 118.3930006290085))","POLYGON ((-95.64885416869315 29.71375695179879, -95.64891729468265 29.71373391884838, -95.64887107805899 29.71366227971743, -95.64882458458649 29.71368497970282, -95.64885416869315 29.71375695179879))",-95.64886791964805,29.713710892713173,482014543032,small_multi_family,True,12,1.0,24.0,2.737201365187713,2.737201365187713,2.5,2.2,1.92,2.0,1.8,2.3286006825938568
a5e564ce-6506-435d-bc9c-0b796239f318,hurricane-harvey_00000180,building_crops/hurricane-harvey_00000180_a5e564ce.png,75,80,8487.315079269041,2.2015352000000004,"POLYGON ((966.8481296530958 148.5343699744547, 972.7102869800675 144.8705216450974, 978.5724443070392 146.3360609768403, 997.6244556196971 137.5428249863828, 1022.905009092262 179.3106959410559, 993.594222457404 198.3627072537138, 966.8481296530958 148.5343699744547))","POLYGON ((-95.64909883498845 29.71362507143008, -95.64907096344952 29.7136410648172, -95.64904252447789 29.71363545998112, -95.64895159740611 29.71367432522873, -95.6488250333671 29.71350089507799, -95.6489643099445 29.71341784288645, -95.64909883498845 29.71362507143008))",-95.64896056919777,29.713551511567363,482014543032,commercial,False,0,1.0,339.5,2.737201365187713,2.737201365187713,2.5,2.2,1.92,2.0,1.8,2.3286006825938568
c4f59d43-1bf7-4d57-bd07-701f2e04dfbe,hurricane-harvey_00000508,building_crops/hurricane-harvey_00000508_c4f59d43.png,54,62,6436.198869573889,2.2015352000000004,"POLYGON ((726.7653290954049 846.2928566399048, 692.0726138314493 846.0974592297958, 692.5137800041653 803.2080184178074, 706.8364606177249 803.2080184178074, 706.8364606177249 810.8467814117058, 708.7461513661996 810.8467814117058, 709.064433157612 808.9370906632312, 721.7957048141095 808.6188088718187, 723.0688319797592 817.8489808227795, 726.8882134767084 818.4855444056043, 726.7653290954049 846.2928566399048))","POLYGON ((-95.61829998546048 29.86213330528081, -95.61846753179006 29.86213080278801, -95.61847011752805 29.86231136256868, -95.61840095577364 29.86231273526909, -95.61840011584734 29.8622805844548, -95.61839089428265 29.86228076747854, -95.6183895673358 29.8622888356861, -95.61832812522678 29.86229139544503, -95.61832096263669 29.86225266855442, -95.6183024495201 29.86225035535516, -95.61829998546048 29.86213330528081))",-95.61839029854475,29.86221394693217,482015407003,commercial,False,0,1.0,257.4,1.6143250688705235,1.6143250688705235,2.5,2.2,1.92,2.0,1.8,1.7671625344352617
3527e5bd-fe85-49a6-b4ce-cd4e401501a6,hurricane-harvey_00000477,building_crops/hurricane-harvey_00000477_3527e5bd.png,73,87,9597.430325304977,2.2015352000000004,"POLYGON ((997.5641788331266 419.9305883208709, 988.3340068821658 408.4724438300231, 953.0047280353853 440.3006229712669, 953.0047280353853 450.8039220878774, 976.2392988084932 475.94818360946, 1006.794350784087 445.3931316338659, 995.3362062932395 432.9801417687809, 1002.020123912901 425.0230969834699, 998.8373059987763 420.5671519036958, 997.5641788331266 419.9305883208709))","POLYGON ((-95.59165928470506 29.75067263485331, -95.59170506553066 29.75072000786723, -95.59187209221662 29.75058264980045, -95.59187095373927 29.7505384243272, -95.59175611335962 29.75043474877475, -95.5916119861026 29.75056629451115, -95.59166862111348 29.75061747733143, -95.59163723121358 29.75065161362066, -95.59165307241197 29.75067007492859, -95.59165928470506 29.75067263485331))",-95.59174383051376,29.750574985843432,482014513021,commercial,False,0,0.9543080939947781,383.9,2.8707386363636362,2.8707386363636362,2.5,2.2,1.92,2.0,1.8,2.3953693181818183
ee9fa4a0-ff2d-4939-8e43-dfcc7aca9aea,hurricane-harvey_00000507,building_crops/hurricane-harvey_00000507_ee9fa4a0.png,93,69,9362.249483060754,2.2015352000000004,"POLYGON ((643.1270655761267 763.087381932576, 668.4747007921333 755.3623883429359, 674.6703864182789 768.3869582125484, 682.2287074607189 767.4977439722614, 686.2988670330251 777.461747518979, 687.62680621843 781.5824440813525, 708.3066989887151 771.5365936712449, 715.790286528679 785.7795506021438, 707.8238868893626 793.7459502414602, 699.1332691010175 798.8154772846615, 691.6496815610536 787.9522050492301, 682.2348456236797 793.0217320924314, 681.2692214249747 795.435792589194, 673.5442278353346 797.8498530859565, 672.5786036366296 796.6428228375752, 667.7504826431045 797.8498530859565, 665.5778281960182 802.4365680298052, 654.9559620102632 805.3334406259203, 649.8864349670619 794.4701683904889, 646.0239381722417 783.6068961550576, 644.8169079238605 774.6748723170361, 641.9200353277455 772.9850299693024, 643.1270655761267 763.087381932576))","POLYGON ((-95.59848705987572 29.84562666223125, -95.59836552126119 29.84566158615834, -95.59833418764502 29.84560735494019, -95.59829779226521 29.84561181609805, -95.59827705466901 29.84557026468487, -95.59827019393667 29.84555304697695, -95.5981714446998 29.84559729547296, -95.59813376024768 29.84553805844701, -95.59817135420847 29.84550377080191, -95.59821276059678 29.84548160719248, -95.5982500765614 29.84552661916407, -95.59829497953432 29.84550438668925, -95.59829937843587 29.84549413416491, -95.5983364122153 29.84548323911618, -95.5983412059553 29.84548822769413, -95.59836438496764 29.84548268837466, -95.5983743746081 29.84546317644795, -95.59842534209021 29.84544997385458, -95.59845100281876 29.8454952152463, -95.59847083591221 29.8455405713748, -95.59847763757321 29.84557805134849, -95.59849180823286 29.84558488847667, -95.59848705987572 29.84562666223125))",-95.59834224700047,29.845554101747947,482015401013,commercial,False,0,1.0,374.5,2.4176372712146423,2.4176372712146423,2.5,2.2,1.92,2.0,1.8,2.1688186356073214
f46094f7-a3f0-4d94-a7c4-da50f7d576a5,hurricane-harvey_00000477,building_crops/hurricane-harvey_00000477_f46094f7.png,70,73,6755.837823807783,2.2015352000000004,"POLYGON ((931.9318139800461 178.4811282399169, 945.7107225112826 189.810453032267, 951.2222859237772 184.6050875871332, 954.2842655973853 185.2174835218548, 965.0011944550138 193.3317296569163, 938.3619712946231 229.6161887891727, 932.6973088984481 231.1471786259767, 921.8272810571392 219.5116558662658, 930.0946261758812 211.3974097312043, 915.703321709923 198.9963920530914, 914.9378267915209 195.475115428442, 929.4822302411595 178.1749302725561, 931.6256160126852 177.5625343378345, 931.9318139800461 178.4811282399169))","POLYGON ((-95.59200215771219 29.75168308060346, -95.59193444073742 29.75163668040742, -95.59190840945226 29.75165911958544, -95.59189356776632 29.75165683064129, -95.59184097465359 29.75162367826189, -95.59196558648541 29.75146837822968, -95.59199275478169 29.75146139598284, -95.59204646833419 29.75150936060034, -95.59200745468081 29.75154430867919, -95.59207824285643 29.75159516340847, -95.59208231840596 29.75160991777415, -95.59201401114953 29.75168413817783, -95.59200373482092 29.75168691949478, -95.59200215771219 29.75168308060346))",-95.5919695585897,29.751582915766548,482014512002,commercial,False,0,0.9096385542168675,270.2,2.497584541062802,2.497584541062802,2.5,2.2,1.92,2.0,1.8,2.2087922705314007
13b77d15-9fca-4126-bd07-d7698a21040e,hurricane-harvey_00000477,building_crops/hurricane-harvey_00000477_13b77d15.png,65,72,6952.559875505756,2.2015352000000004,"POLYGON ((275.7021591888935 421.5735532416958, 251.5120943363297 411.0995045426475, 248.2701268818624 411.3488866545296, 245.7763057630413 420.0772605704032, 247.521980546216 422.8204638011063, 235.3022570639931 453.993227786369, 262.7342893710243 464.7166585972993, 281.1885656502997 425.8130491436915, 277.6972160839503 421.8229353535779, 275.7021591888935 421.5735532416958))","POLYGON ((-95.59514234623626 29.75059740019817, -95.59526020844118 29.75063921146608, -95.59527582499229 29.75063785437454, -95.59528691120687 29.75060086636357, -95.5952781899904 29.75058948111933, -95.59533377096784 29.75045706728428, -95.59520023830748 29.75041451304788, -95.59511541232524 29.75058006888559, -95.59513269233237 29.75059653908346, -95.59514234623626 29.75059740019817))",-95.59522681526292,29.75052775705534,482014513021,commercial,False,0,0.9543080939947781,278.1,2.8707386363636362,2.8707386363636362,2.5,2.2,1.92,2.0,1.8,2.3953693181818183
8af6729d-4e25-490f-a46d-c64196223839,hurricane-harvey_00000159,building_crops/hurricane-harvey_00000159_8af6729d.png,51,75,4811.225638236828,2.2015352000000004,"POLYGON ((62.32176057794366 819.5624209976176, 71.93746217358252 789.9460600830498, 74.43754458844862 786.8690355724455, 78.66845329052971 769.1761446364699, 94.63051793929023 772.2531691470743, 91.16886536486024 795.7154810404331, 79.6300234500936 824.9472138911752, 62.32176057794366 819.5624209976176))","POLYGON ((-95.63543529395004 29.78009513083838, -95.63539214843229 29.78022076166022, -95.63538042041345 29.78023395870688, -95.6353619507568 29.78030886518456, -95.63528456438934 29.78029744531304, -95.63529868437702 29.78019831967083, -95.63535115517811 29.78007412329828, -95.63543529395004 29.78009513083838))",-95.63535432470037,29.780190618755128,482014505001,commercial,False,0,0.9020979020979021,192.4,3.365979381443299,3.365979381443299,2.5,2.2,1.92,2.0,1.8,2.6429896907216497
a48a3703-25bf-46fa-909d-890fbca9d43c,hurricane-harvey_00000156,building_crops/hurricane-harvey_00000156_a48a3703.png,38,58,3093.8650092870644,2.2015352000000004,"POLYGON ((482.5583374958243 503.3115693621351, 498.5959380860435 504.5452309459981, 497.3622765021805 542.7887400457518, 479.7385395898517 540.497654247149, 482.5583374958243 503.3115693621351))","POLYGON ((-95.63838450969091 29.7813686078969, -95.63830696133905 29.78136495895135, -95.63830869111578 29.78120380907111, -95.63839401229163 29.78121175762923, -95.63838450969091 29.7813686078969))",-95.63834842955305,29.781285985862212,482014505001,commercial,False,0,0.9020979020979021,123.8,3.365979381443299,3.365979381443299,2.5,2.2,1.92,2.0,1.8,2.6429896907216497
da23db1c-6037-4abb-bd54-0e81c8816755,hurricane-harvey_00000206,building_crops/hurricane-harvey_00000206_da23db1c.png,52,61,5317.759459629935,2.2015352000000004,"POLYGON ((680.9389889959532 186.9608488171082, 690.5952309830033 185.9952246184032, 694.9405398771758 184.5467883203457, 702.9069395164921 186.4780367177557, 713.5288057022472 186.9608488171082, 712.3217754538658 226.5514409640135, 698.8030366719958 225.8272228149847, 698.3202245726433 217.8608231756684, 682.3874252940107 216.1709808279346, 680.9389889959532 186.9608488171082))","POLYGON ((-95.64127283447942 29.73950370301058, -95.64122635076097 29.73950869940352, -95.64120554503164 29.73951521701827, -95.6411668947723 29.73950785272705, -95.64111559209209 29.73950684320401, -95.64111704482262 29.73934002310907, -95.64118235114948 29.73934176999839, -95.64118556022517 29.73937526753225, -95.64126262075908 29.73938084772047, -95.64127283447942 29.73950370301058))",-95.64118711234548,29.73943476985866,482014516063,commercial,False,0,0.9409190371991247,212.7,3.316688567674113,3.316688567674113,2.5,2.2,1.92,2.0,1.8,2.6183442838370565
2c813547-3830-4330-8842-eb5a413ccc96,hurricane-harvey_00000220,building_crops/hurricane-harvey_00000220_2c813547.png,97,89,17351.18382697873,2.2015352000000004,"POLYGON ((184.7082713663609 556.4101417091078, 193.9384433173216 533.4938527274123, 203.1686152682823 529.674471230463, 212.398787219243 532.8572891445874, 216.2181687161923 538.5863613900113, 220.9923955873789 542.724024678373, 227.0397496242152 544.6337154268476, 232.1322582868142 535.403543475887, 251.2291657715605 542.0874610955482, 249.0011932316734 555.773578126283, 260.7776195139336 563.4123411201815, 247.7280660660237 599.6964653411994, 232.1322582868142 594.6039566786004, 227.3580314156276 593.0125477215382, 225.1300588757406 598.4233381755497, 197.121261231446 582.8275303963402, 197.121261231446 578.3715853165661, 190.7556254031972 576.4618945680915, 188.8459346547226 569.7779769484303, 182.7985806178863 566.5951590343059, 184.7082713663609 556.4101417091078))","POLYGON ((-95.62902944367387 29.74681924174135, -95.62898742466247 29.74691662148411, -95.62894330622305 29.74693358932148, -95.6288984180195 29.74692107278195, -95.62887935858367 29.74689731559766, -95.6288558666869 29.74688035099715, -95.62882647649803 29.74687288990643, -95.62880291827489 29.74691224416086, -95.6287100353314 29.7468859318287, -95.62871928155552 29.74682808958124, -95.62866161720805 29.74679705441642, -95.6287205967069 29.74664302006093, -95.6287964106871 29.74666296724807, -95.62881962262388 29.74666921027572, -95.62882977844167 29.74664621318382, -95.62896664327987 29.74670919608468, -95.62896713312807 29.74672795886073, -95.62899805908263 29.74673538938899, -95.6290080086729 29.74676335035219, -95.62903753880005 29.74677617219657, -95.62902944367387 29.74681924174135))",-95.62884919253663,29.746788236868746,482014516061,commercial,False,0,0.9516574585635359,694.0,3.3566666666666665,3.3566666666666665,2.5,2.2,1.92,2.0,1.8,2.638333333333333
6ffe9d51-1f25-4fe5-ab5d-4f23ef6f6a77,hurricane-harvey_00000508,building_crops/hurricane-harvey_00000508_6ffe9d51.png,54,47,4381.167663761713,2.2015352000000004,"POLYGON ((978.3221715231734 1002.318212767397, 978.7283887052326 978.7576162079658, 986.4465151643568 978.3513990259067, 986.8527323464159 975.5078787514925, 1013.663066362321 975.9140959335517, 1013.256849180262 1002.318212767397, 1007.569808631433 1002.318212767397, 1007.569808631433 997.8498237647467, 1004.726288357019 997.4436065826875, 1004.726288357019 1003.130647131516, 978.3221715231734 1002.318212767397))","POLYGON ((-95.61706811524942 29.8615007114202, -95.61706874293866 29.8615999147194, -95.61703151830163 29.86160236375639, -95.61702986924988 29.86161437078302, -95.61690036287823 29.86161522908586, -95.6168994228819 29.86150405765851, -95.61692688443203 29.8615035129367, -95.61692737546552 29.86152231997807, -95.61694115088254 29.86152375734583, -95.6169405259276 29.86149982111163, -95.61706811524942 29.8615007114202))",-95.61698340198647,29.861557163523006,482015407003,commercial,False,0,1.0,175.2,1.6143250688705235,1.6143250688705235,2.5,2.2,1.92,2.0,1.8,1.7671625344352617
7a612493-845e-4ee5-b45b-cd400b84fbde,hurricane-harvey_00000508,building_crops/hurricane-harvey_00000508_7a612493.png,57,60,4789.822579251447,2.2015352000000004,"POLYGON ((215.5704231277579 894.1151763777168, 192.1285046108404 888.8781520281926, 202.8519354217708 855.9597132597553, 222.0543580366926 861.1967376092794, 219.5605369178716 871.4214041964456, 230.7827319525661 874.4139895390307, 225.7950897149241 896.1102332727736, 215.5704231277579 894.1151763777168))","POLYGON ((-95.62076318729686 29.86188301245033, -95.62087695995244 29.86190280582405, -95.62082880154375 29.86204238476418, -95.62073550043142 29.86202218468913, -95.62074641735167 29.86197891091724, -95.62069189825066 29.86196739191092, -95.62071359488944 29.86187559625506, -95.62076318729686 29.86188301245033))",-95.6207839258779,29.861952050276976,482015407003,commercial,False,0,1.0,191.6,1.6143250688705235,1.6143250688705235,2.5,2.2,1.92,2.0,1.8,1.7671625344352617
e9343fb5-2e5b-4025-9e74-217d97d14546,hurricane-harvey_00000180,building_crops/hurricane-harvey_00000180_e9343fb5.png,47,54,2389.293336723052,2.2015352000000004,"POLYGON ((932.5374859188482 214.1395084537262, 946.0981819234581 202.4492532773383, 960.5940983421792 224.894543216003, 944.6953513022916 237.0524085994463, 932.5374859188482 214.1395084537262))","POLYGON ((-95.64925707870698 29.71334551574271, -95.64919296044923 29.71339604924925, -95.64912055476556 29.71330293913486, -95.64919589911435 29.71325021092246, -95.64925707870698 29.71334551574271))",-95.64919070676018,29.713322918300026,482014543032,commercial,False,0,1.0,95.6,2.737201365187713,2.737201365187713,2.5,2.2,1.92,2.0,1.8,2.3286006825938568
c21f4410-c5b9-42b7-814c-ad7259b18ad6,hurricane-harvey_00000206,building_crops/hurricane-harvey_00000206_c21f4410.png,43,51,2201.254087657424,2.2015352000000004,"POLYGON ((1010.116383693319 67.2690402301317, 989.1209605034894 68.78222388345272, 992.7147716801269 81.07684106668609, 988.553516633494 95.83038168656613, 994.2279553334479 99.80248877653383, 998.2000624234156 87.50787159330046, 1012.575307129965 85.23809611331892, 1010.116383693319 67.2690402301317))","POLYGON ((-95.63969779535775 29.7400393982526, -95.63979892970181 29.74003100475467, -95.63978023308502 29.73997958195888, -95.63979868270447 29.73991705852944, -95.63977086566857 29.73990087966853, -95.6397530573107 29.73995303109927, -95.63968394836546 29.73996397280819, -95.63969779535775 29.7400393982526))",-95.63974566777071,29.739985554907935,482014516063,commercial,False,0,0.9409190371991247,88.1,3.316688567674113,3.316688567674113,2.5,2.2,1.92,2.0,1.8,2.6183442838370565
3abecbf2-1f65-48d5-a1d7-c10d64be9d0e,hurricane-harvey_00000477,building_crops/hurricane-harvey_00000477_3abecbf2.png,40,75,2886.3616568669518,2.2015352000000004,"POLYGON ((1024 858.4801695343599, 1021.306029568516 855.1688156189089, 1009.335688198175 866.8897748773676, 1019.061590561577 877.3638235764158, 1013.821577038628 882.4700990891231, 1003.443032794317 893.3423726454726, 1024 911.8197777450762, 1024 858.4801695343599))","POLYGON ((-95.59148419507649 29.74882856559334, -95.5914975530725 29.74884225372211, -95.59155404304634 29.74879176912225, -95.5915059778492 29.74874858652782, -95.59153070896551 29.74872659037048, -95.59157960998868 29.74867982979385, -95.59147841477194 29.74860397227488, -95.59148419507649 29.74882856559334))",-95.59151249264534,29.748719307687374,482014513021,commercial,False,0,0.9543080939947781,115.5,2.8707386363636362,2.8707386363636362,2.5,2.2,1.92,2.0,1.8,2.3953693181818183
530e2a70-95e8-4153-902b-5785cd8b619c,hurricane-harvey_00000391,building_crops/hurricane-harvey_00000391_530e2a70.png,56,49,4897.422451450335,2.2015352000000004,"POLYGON ((40.59894880488133 142.9957027948464, 39.38029725870383 172.2433399031064, 75.93984364402876 170.2122539928106, 75.12740927991042 142.5894856127873, 40.59894880488133 142.9957027948464))","POLYGON ((-95.60652435262404 29.76448858154123, -95.60652704387175 29.76436531638399, -95.60635083040593 29.76437734722793, -95.60635776369237 29.76449357750984, -95.60652435262404 29.76448858154123))",-95.60644076901102,29.764430599757794,482014506002,commercial,False,0,0.7993158494868872,195.9,3.241758241758242,3.241758241758242,2.5,2.2,1.92,2.0,1.8,2.580879120879121
23bd95e3-bf80-4b69-a476-898ba2c051b2,hurricane-harvey_00000431,building_crops/hurricane-harvey_00000431_23bd95e3.png,62,80,8371.03443451087,2.2015352000000004,"POLYGON ((950.0848281153552 383.7222807731661, 982.4745328116759 382.3727097441528, 986.0733888890448 429.3827672547848, 970.7782505602268 431.4071237983048, 968.0791085022 414.987342945309, 963.7240937109138 409.7394141116011, 964.0721961654071 416.8539892934315, 955.0935831457105 416.0818215075003, 953.8900855238339 421.1091037115814, 960.2251380066814 425.5171819223331, 955.2581837265731 443.3283345545895, 943.3369729702885 439.504549972385, 946.6018814831366 424.6661590387031, 944.2366869896307 395.1936345197797, 951.6593276492041 395.8684200342864, 950.8569959012864 388.9072731726447, 950.0848281153552 383.7222807731661))","POLYGON ((-95.55225283176833 29.7472777327485, -95.55209668413352 29.74728643181477, -95.5520743017289 29.74708881884251, -95.55214788995178 29.74707887041982, -95.55216266651519 29.74714775882805, -95.55218424101137 29.74716945103347, -95.55218180203728 29.74713952567866, -95.55222520933096 29.74714194093793, -95.55223048010397 29.74712066017753, -95.55219944088086 29.74710268878478, -95.55222150731984 29.74702722772732, -95.55227943926806 29.74704221856055, -95.55226526856363 29.74710500352775, -95.55227982682993 29.74722888499164, -95.55224393799809 29.74722673490001, -95.55224855243515 29.74725597190018, -95.55225283176833 29.7472777327485))",-95.55217993051237,29.747175107819515,482014310011,commercial,False,0,1.0,334.8,2.9195402298850577,2.9195402298850577,2.5,2.2,1.92,2.0,1.8,2.419770114942529
40bbbc98-c7b9-4b81-9e57-d30bc8bac744,hurricane-harvey_00000098,building_crops/hurricane-harvey_00000098_40bbbc98.png,47,65,4731.4299887878,2.2015352000000004,"POLYGON ((41.27813798025427 105.2626144032003, 53.92693286601276 105.9214058035002, 54.45396598625269 113.0363529267393, 65.12638667111142 114.2221774472792, 66.97100259195119 104.2085481627204, 65.68328046541232 71.3716339359791, 60.53239195925682 69.22543039174764, 50.65985565579211 68.79618968290136, 50.87447601021526 74.37631889790313, 39.28497687136539 75.87866137886516, 41.27813798025427 105.2626144032003))","POLYGON ((-95.6651400389485 29.86609378352524, -95.66507888311003 29.8660922447687, -95.66507554159325 29.86606234961903, -95.66502387085383 29.86605839974956, -95.66501608392632 29.8661007267372, -95.66502597807043 29.86623881055684, -95.6650510924217 29.86624734132113, -95.66509881585297 29.86624818477904, -95.66509715479678 29.86622471914658, -95.66515295336075 29.8662172651038, -95.6651400389485 29.86609378352524))",-95.66507822855208,29.866156905363024,482015413012,commercial,False,0,1.0,189.3,3.0,3.0,2.5,2.2,1.92,2.0,1.8,2.46
6892ecc7-2804-42fc-beb5-4b6efb10e2b8,hurricane-harvey_00000180,building_crops/hurricane-harvey_00000180_6892ecc7.png,67,50,5959.215845981762,2.2015352000000004,"POLYGON ((544.6473523908114 241.8509180998138, 588.1359977685685 242.1052376634264, 592.6289767257247 246.0895774933574, 592.5442035378537 270.6738019759101, 562.5344950315653 271.9453997939732, 562.2801754679526 262.196483188823, 544.8168987665532 261.7726172494686, 544.6473523908114 241.8509180998138))","POLYGON ((-95.65112503997624 29.71319135944206, -95.65091524015652 29.71319449114923, -95.65089312678228 29.71317814855129, -95.6508908142957 29.71307462416702, -95.65103542807817 29.71306636993953, -95.65103773404391 29.71310739488311, -95.65112201668808 29.71310749203179, -95.65112503997624 29.71319135944206))",-95.65099927238016,29.71313681145533,482014543032,commercial,False,0,1.0,238.4,2.737201365187713,2.737201365187713,2.5,2.2,1.92,2.0,1.8,2.3286006825938568
b6a5c56f-769d-47f5-8b71-be87fcf106aa,hurricane-harvey_00000025,building_crops/hurricane-harvey_00000025_b6a5c56f.png,44,42,1130.3586625851822,1.9022960000000002,"POLYGON ((679.7764711813394 558.4001213819431, 698.210304791262 553.8584522316723, 702.4848169326933 569.353558744361, 682.7151982785734 573.8952278946317, 679.7764711813394 558.4001213819431))","POLYGON ((-95.41732139930083 29.75001999091482, -95.4172329061363 29.75004074078581, -95.41721071327925 29.74997587156394, -95.41730565220361 29.74995500388563, -95.41732139930083 29.75001999091482))",-95.4172674145381,29.74999757694203,482014111001,small_multi_family,True,12,0.794314381270903,19.1,2.7263157894736842,2.7263157894736842,2.5,2.2,1.92,2.0,1.8,2.323157894736842
8b84f648-8bd1-48e2-8e23-248672caf5fa,hurricane-harvey_00000356,building_crops/hurricane-harvey_00000356_8b84f648.png,56,97,14843.401384856377,2.2015352000000004,"POLYGON ((887.8220823305434 0, 887.8220823305434 32.84997017764005, 891.1106251527717 32.34404051268184, 890.3219367163445 52.06817264578621, 887.3886033830112 52.40150597911954, 888.6743316071793 85.28519293529992, 924.1089414582067 87.63185583934147, 923.8742751678026 0, 887.8220823305434 0))","POLYGON ((-95.57246914239491 29.75281644187018, -95.57246560803601 29.75267812082884, -95.57244979350146 29.75268055987586, -95.57245147722637 29.7525974336241, -95.57246559624441 29.752595754675, -95.57245585398574 29.75245741236335, -95.57228461105588 29.75245085781773, -95.5722951711454 29.75281982642629, -95.57246914239491 29.75281644187018))",-95.5723751412846,29.752636307366412,482014508032,unknown_nonres,False,0,0.8950617283950617,148.4,3.0344827586206895,3.0344827586206895,2.5,2.2,1.92,2.0,1.8,2.4772413793103447
20fd84dc-2d48-4584-b9be-0bc5f4f50833,hurricane-harvey_00000470,building_crops/hurricane-harvey_00000470_20fd84dc.png,135,58,19505.925534171587,2.2015352000000004,"POLYGON ((12.87037609017703 927.1503160405146, 13.62696791683754 896.6974950174289, 46.34956441990485 896.1300511474334, 47.48445215989562 898.2106786707499, 55.05037042650078 898.7781225407452, 55.42866633983104 896.3191991040985, 80.77449253295832 895.562607277438, 82.47682414294448 900.2913061940662, 84.74659962292603 899.913010280736, 85.50319144958654 895.9409031907683, 102.7156555061133 895.562607277438, 102.5265075494481 900.6696021073965, 104.9854309860948 901.237045977392, 105.3637268994251 896.1300511474334, 123.7110786959426 896.1300511474334, 124.0893746092728 898.7781225407452, 128.2506296559057 899.5347143674057, 126.5482980459195 928.0960558238402, 116.9017522559979 929.9875353904915, 116.3343083860025 932.0681629138079, 105.3637268994251 933.9596424804593, 106.8769105527461 930.5549792604869, 98.3652525028153 929.9875353904915, 98.17610454615017 932.6356067838033, 42.7557532432674 933.581346567129, 44.0797889399233 928.2852037805054, 35.18983497666224 928.8526476505008, 34.62239110666685 933.9596424804593, 23.8409575767545 934.7162343071197, 24.97584531674528 929.230943563831, 14.57270770016319 928.6634996938357, 12.87037609017703 927.1503160405146))","POLYGON ((-95.62195924905167 29.78244890180196, -95.62195894061828 29.78257719603259, -95.62180105829276 29.7825827191354, -95.6217953520223 29.78257406732681, -95.62175877073706 29.78257240266827, -95.62175721473658 29.78258279220849, -95.6216349591602 29.78258840506958, -95.6216262232787 29.78256865787052, -95.62161530910949 29.78257046804516, -95.62161209325753 29.78258726508042, -95.62152905405884 29.78259050615956, -95.62152940641921 29.7825689850103, -95.6215174754557 29.78256683124555, -95.62151621011769 29.78258837050734, -95.62142765153392 29.78259012737954, -95.62142553490602 29.78257901387938, -95.62140536640504 29.78257622670115, -95.62141044803938 29.78245580595963, -95.62145680208023 29.7824469181722, -95.62145931261045 29.78243810333933, -95.62151205745286 29.78242908874972, -95.62150512740139 29.78244356900616, -95.62154627350962 29.7824451431756, -95.62154689579398 29.78243397534022, -95.62181429320269 29.78242468605962, -95.62180848382579 29.78244711230103, -95.62185133128409 29.78244387169481, -95.62185350952394 29.78242231431925, -95.6219054659351 29.78241809614108, -95.62190059031887 29.78244130067884, -95.62195086615667 29.78244269357192, -95.62195924905167 29.78244890180196))",-95.62168379585412,29.782508687571752,482014504021,large_multi_family,True,40,0.8544,61.5,2.8,2.8,2.5,2.2,1.92,2.0,1.8,2.36
549684de-9e48-47e6-8138-08e2c6299c5e,hurricane-harvey_00000381,building_crops/hurricane-harvey_00000381_549684de.png,52,63,5867.588814796601,2.2015352000000004,"POLYGON ((97.73453912046038 408.9785943219642, 66.84961341433844 408.8598061461714, 69.70052963336508 452.5738548379132, 85.26178066221883 452.4550666621204, 85.14299248642605 444.4962588840044, 99.1599972299737 444.73383523559, 97.73453912046038 408.9785943219642))","POLYGON ((-95.5900636413083 29.71192520179971, -95.59021262803314 29.71192278614738, -95.59019414880795 29.71173899043958, -95.59011910187758 29.71174095974717, -95.5901205355914 29.71177446034524, -95.59005289877388 29.71177478329794, -95.5900636413083 29.71192520179971))",-95.590134427834,29.711839772746977,482014525012,commercial,False,0,0.9586894586894587,234.7,1.0,1.0,2.5,2.2,1.92,2.0,1.8,1.46
ed5ad0e9-b5ef-4d9e-b91e-ca62e6b7b22c,hurricane-harvey_00000159,building_crops/hurricane-harvey_00000159_ed5ad0e9.png,51,84,4441.402255625743,2.2015352000000004,"POLYGON ((329.07 932.42, 311.12 992.14, 311.8324381757909 988.7737651868547, 297.17 985.35, 314.19 927.97, 329.07 932.42))","POLYGON ((-95.63413528886173 29.77964559446426, -95.63421534376869 29.77939240496678, -95.63421227623267 29.77940664768732, -95.63428342700027 29.77941965330534, -95.63420760312232 29.77966290033703, -95.63413528886173 29.77964559446426))",-95.63420931926653,29.779533866676456,482014505001,commercial,False,0,0.9020979020979021,177.7,3.365979381443299,3.365979381443299,2.5,2.2,1.92,2.0,1.8,2.6429896907216497
a2ae4dc6-8bb5-4e13-91c9-33dabf1ae4f2,hurricane-harvey_00000080,building_crops/hurricane-harvey_00000080_a2ae4dc6.png,65,72,6924.577624085717,2.2015352000000004,"POLYGON ((442.7970112935944 109.9702300547201, 450.8835183077379 141.4177573319449, 417.3394892120315 148.306263306956, 410.1514829772373 121.9502404460438, 404.1614777815754 99.78722122209497, 420.3344918098624 95.89371784491478, 426.0249967457412 113.2647329123342, 442.7970112935944 109.9702300547201))","POLYGON ((-95.62697530226157 29.6263034368674, -95.62693287567771 29.62617174075854, -95.62709384902551 29.62613951890701, -95.627131387021 29.62624985349189, -95.62716269058923 29.62634264003704, -95.62708514089613 29.62636058621475, -95.62705580542075 29.62628795673708, -95.62697530226157 29.6263034368674))",-95.62705139431654,29.62624182301215,,commercial,False,0,,277.0,,,,,,,,
0730f7e9-174c-43bf-804d-52036d69252e,hurricane-harvey_00000477,building_crops/hurricane-harvey_00000477_0730f7e9.png,94,77,8780.53003729364,2.2015352000000004,"POLYGON ((853.2345704129126 49.00078571659675, 872.9355754065598 21.00462072562451, 880.712287904052 21.52306822545733, 902.4870828970304 43.29786321843574, 888.4890004015443 63.51731571191569, 874.4909179060581 55.22215571459058, 865.1588629090675 59.88818321308595, 859.9743879107392 59.36973571325314, 849.0869904142501 77.51539820740182, 845.4578579154203 78.03384570723463, 828.8675379207701 71.8124757092408, 827.8306429211044 65.59110571124697, 838.7180404175937 50.03768071626239, 848.5685429144172 55.7406032144234, 852.7161229130797 49.51923321642957, 853.2345704129126 49.00078571659675))","POLYGON ((-95.5923959423322 29.75222082902707, -95.59230391171978 29.75234057418956, -95.59226632945273 29.75233912690877, -95.59215889583362 29.75224950133996, -95.59222425060354 29.75216304059403, -95.59229269672763 29.75219664414584, -95.59233722204645 29.75217611440265, -95.59236229558672 29.75217780690922, -95.5924128645913 29.75210037232105, -95.59243032049693 29.75209784598813, -95.59251105044069 29.75212247222782, -95.59251672846302 29.75214856997349, -95.59246587845824 29.75221508966062, -95.59241772719106 29.75219200874664, -95.59239838785531 29.75221859699051, -95.5923959423322 29.75222082902707))",-95.59233016113282,29.752218220078262,482014512002,commercial,False,0,0.9096385542168675,351.2,2.497584541062802,2.497584541062802,2.5,2.2,1.92,2.0,1.8,2.2087922705314007
c8f85528-cb81-42a4-9548-ad6c9001b52e,hurricane-harvey_00000499,building_crops/hurricane-harvey_00000499_c8f85528.png,67,52,6825.922025874951,2.2015352000000004,"POLYGON ((911.8875422669392 204.2193239010745, 950.2711041654634 204.2193239010745, 952.4437586125496 236.5677345576923, 934.3383048868307 237.0505466570449, 905.852391025033 236.8091406073686, 904.6453607766517 226.4286804712898, 907.783639422443 222.3247776267935, 910.680512018558 217.0138445339159, 910.9219180682343 214.8411900868296, 910.9219180682343 205.4263541494558, 911.8875422669392 204.2193239010745))","POLYGON ((-95.6172515561418 29.85623362722781, -95.61706621957975 29.85623730347957, -95.61705217464176 29.85610135995802, -95.617139544386 29.85609759381243, -95.61727711608873 29.85609588154153, -95.6172840848945 29.85613945636352, -95.61726938254773 29.85615702991189, -95.6172559784631 29.85617966061989, -95.61725505155768 29.85618882825097, -95.61725608606685 29.8562284544573, -95.6172515561418 29.85623362722781))",-95.61716359913613,29.856163823231572,482015407002,commercial,False,0,1.0,273.0,2.373177842565598,2.373177842565598,2.5,2.2,1.92,2.0,1.8,2.146588921282799
91d9d47a-f821-47d6-93a1-3e622cb0591d,hurricane-harvey_00000470,building_crops/hurricane-harvey_00000470_91d9d47a.png,76,75,9602.258882221233,2.2015352000000004,"POLYGON ((84.32162505463438 143.9065151739323, 83.08921669352334 118.3340416808781, 54.12762020741378 117.4097354100448, 54.12762020741378 135.8958608267105, 50.12229303380289 139.2849838197658, 48.88988467269184 139.2849838197658, 51.04659930463617 158.6954155072648, 60.90586619352453 159.3116196878204, 61.52207037408005 165.4736614933756, 88.63505431852303 163.3169468614312, 86.4783396865787 170.4032949378197, 86.4783396865787 173.4843158405974, 105.5806692837999 171.6357032989308, 102.4996483810223 143.2903109933767, 92.02417731157841 144.5227193544878, 84.32162505463438 143.9065151739323))","POLYGON ((-95.62170035953635 29.78575359679327, -95.62170911602998 29.78586115176802, -95.6218490132107 29.78586226971144, -95.62184698340438 29.78578443381156, -95.62186594470217 29.78576978026845, -95.62187189344918 29.78576966222849, -95.62185935184328 29.78568814110303, -95.6218116942453 29.78568649087823, -95.62180804328631 29.78566060459537, -95.62167740777267 29.78567228219739, -95.62168704003184 29.78564223854321, -95.62168670175413 29.78562926589118, -95.62159469924578 29.78563887893536, -95.62161268317008 29.78575793227139, -95.62166311221246 29.78575173995963, -95.62170035953635 29.78575359679327))",-95.62174326915462,29.785744608280755,482015432022,commercial,False,0,0.8835087719298246,384.1,4.410256410256411,4.410256410256411,2.5,2.2,1.92,2.0,1.8,3.1651282051282053
2798e304-91c0-416a-8e40-a96b35edc4af,hurricane-harvey_00000159,building_crops/hurricane-harvey_00000159_2798e304.png,70,87,8703.382166477628,2.2015352000000004,"POLYGON ((232.4431511459148 518.0547378388985, 258.799174006827 578.5537903150833, 274.0736872557648 568.6702817422413, 270.7791843981507 554.2942692726529, 283.0586950492576 548.9032645965572, 265.9871802416212 510.2677310845381, 249.5146659535511 521.0497404367295, 244.4231615372385 512.6637331628028, 232.4431511459148 518.0547378388985))","POLYGON ((-95.63464740363573 29.78138105955836, -95.63451351097942 29.78112885333549, -95.63444087250362 29.78117193960211, -95.63445836067638 29.78123215547518, -95.63439968316602 29.78125603697666, -95.63448634813372 29.78141707634889, -95.63456467029597 29.78137009145256, -95.63459017175872 29.78140491232303, -95.63464740363573 29.78138105955836))",-95.63451711345688,29.781287230528147,482014505001,commercial,False,0,0.9020979020979021,348.1,3.365979381443299,3.365979381443299,2.5,2.2,1.92,2.0,1.8,2.6429896907216497
177e5fa4-8f46-4f73-9df5-8ca27b93b3db,hurricane-harvey_00000025,building_crops/hurricane-harvey_00000025_177e5fa4.png,70,85,7028.033718177828,1.9022960000000002,"POLYGON ((774.1159842481675 558.2803978673662, 809.6478664238155 550.2656876021824, 821.9370888304305 605.8343454407897, 790.4125617873744 613.047584679455, 783.1993225487091 580.98874361872, 779.4591244249567 582.0573716540779, 774.1159842481675 558.2803978673662))","POLYGON ((-95.41686617714572 29.75002881570232, -95.41669552835451 29.75006569724996, -95.4166306112824 29.74983279430317, -95.416782003305 29.74979964106475, -95.41682005060211 29.74993399722937, -95.41683799087336 29.74992916764159, -95.41686617714572 29.75002881570232))",-95.4167441359952,29.749935180933655,482014111001,commercial,False,0,0.794314381270903,281.1,2.7263157894736842,2.7263157894736842,2.5,2.2,1.92,2.0,1.8,2.323157894736842
079b2147-33af-4bef-9759-4769bf93f989,hurricane-harvey_00000180,building_crops/hurricane-harvey_00000180_079b2147.png,61,65,6091.738680505594,2.2015352000000004,"POLYGON ((232.612750470469 765.12192752765, 259.7252281077128 764.0227730288428, 259.7252281077128 757.061461203064, 267.419309599363 755.9623067042569, 270.7167730957846 764.3891578617786, 270.7167730957846 784.9067085061793, 274.0142365922061 800.6612563224155, 243.6042954585408 801.3940259882869, 241.7723712938622 787.4714023367293, 245.0698347902837 786.7386326708579, 245.0698347902837 782.3420146756291, 236.642983632762 781.9756298426935, 232.612750470469 765.12192752765))","POLYGON ((-95.65257220830249 29.71095787423163, -95.65244155344367 29.71096512373892, -95.6524423244227 29.71099443553694, -95.65240533386284 29.71099980758379, -95.65238849532193 29.71096464367691, -95.6523862230148 29.71087825100445, -95.65236857297455 29.7108122325661, -95.65251517346265 29.71080620706008, -95.65252555170252 29.71086465353665, -95.6525097276137 29.71086805779957, -95.65251021455828 29.71088657051337, -95.65255090188612 29.71088729849672, -95.65257220830249 29.71095787423163))",-95.65245974942877,29.710895151566923,482014543031,commercial,False,0,0.9100775193798449,243.7,3.5811209439528024,3.5811209439528024,2.5,2.2,1.92,2.0,1.8,2.750560471976401
1f554515-fe43-48b5-8943-5232f1d00ba4,hurricane-harvey_00000159,building_crops/hurricane-harvey_00000159_1f554515.png,173,288,195230.0594225349,2.2015352000000004,"POLYGON ((739.5187574584239 3.932715578125593, 736.2074396835816 260.6464460229872, 736.5570336256985 278.4757370709508, 882.4750498276286 278.3850199326164, 880.7270801170439 262.3036985952375, 883.3504351176235 180.6151277025722, 890.691907902079 177.1191882814029, 889.9927200178453 156.8427396386208, 885.0984048282081 154.3955820438023, 887.2969823457208 5.590837030729126, 739.7683387723754 4.192461262261397, 739.5187574584239 3.932715578125593))","POLYGON ((-95.63225645471131 29.78359464822696, -95.63224414081499 29.78251338673176, -95.63224048805014 29.78243834664192, -95.63153615365549 29.78245275734221, -95.63154636322254 29.78252030288815, -95.63154270231281 29.78286452089949, -95.63150765020735 29.78287994697043, -95.63151325963828 29.78296525774169, -95.63153715424119 29.78297509149341, -95.63154294019435 29.78360187450152, -95.63225522133953 29.78359357851653, -95.63225645471131 29.78359464822696))",-95.63189463362478,29.783023571545417,482014505001,commercial,False,0,0.9020979020979021,7809.2,3.365979381443299,3.365979381443299,2.5,2.2,1.92,2.0,1.8,2.6429896907216497
13035104-16c3-4513-8058-9db90981afb6,hurricane-harvey_00000098,building_crops/hurricane-harvey_00000098_13035104.png,51,48,3878.0936988873887,2.2015352000000004,"POLYGON ((353.5290007311052 769.7963692361585, 379.5769589659663 769.0923703649461, 381.2196229987954 797.956324084657, 353.0596681502969 797.0176589230404, 352.5903355694886 784.3456792412161, 349.7743400846387 784.5803455316202, 349.5396737942345 774.7243613346458, 353.5290007311052 774.7243613346458, 353.5290007311052 769.7963692361585))","POLYGON ((-95.6635578112557 29.86332723612072, -95.66343210552368 29.86333273883926, -95.6634209445779 29.86321141138245, -95.66355703263788 29.86321261669437, -95.66356071652335 29.86326590695216, -95.66357428858585 29.86326464468917, -95.66357652428815 29.86330610537744, -95.66355726000403 29.86330649433638, -95.6635578112557 29.86332723612072))",-95.66349503203354,29.86327084383323,482015414043,commercial,False,0,0.9108433734939759,155.1,4.429447852760736,4.429447852760736,2.5,2.2,1.92,2.0,1.8,3.174723926380368
bc4cde7c-52e8-4022-b0cd-d891fecd8e2e,hurricane-harvey_00000381,building_crops/hurricane-harvey_00000381_bc4cde7c.png,65,50,6034.902370895415,2.2015352000000004,"POLYGON ((1024 328.761508239547, 1014.856667720141 328.2921756587386, 1014.387335139332 337.4441609845006, 978.4833927074969 336.505495822884, 978.718058997901 308.3455409743856, 990.9856910014336 309.3485153595593, 991.3051733417485 306.7474997930266, 1008.514611236651 306.2015352264318, 1008.674342369063 308.1987530206634, 1024 308.7294125616923, 1024 328.761508239547))","POLYGON ((-95.58560443697367 29.71235034009277, -95.58564859098209 29.7123514545728, -95.58564986673645 29.71231287433199, -95.58582315253074 29.71231344278795, -95.58582506110906 29.71243203721995, -95.58576577921852 29.71242897028202, -95.5857645190105 29.71243995241576, -95.58568156727317 29.71244387328464, -95.58568058116767 29.71243547871055, -95.58560659971005 29.71243468867758, -95.58560443697367 29.71235034009277))",-95.58571973871679,29.712377740776972,482014524012,commercial,False,0,0.9377289377289377,241.4,2.8,2.8,2.5,2.2,1.92,2.0,1.8,2.36
a5e7bb51-fd5b-4988-be80-65a5dc431f74,hurricane-harvey_00000180,building_crops/hurricane-harvey_00000180_a5e7bb51.png,62,63,5172.298128133388,2.2015352000000004,"POLYGON ((549.5741971757387 183.1353414430059, 542.0924338628505 199.9693088970044, 564.5377238015151 211.1919538663367, 572.0194871144033 200.4369191040599, 576.6955891849584 202.3073599322819, 585.5801831190131 183.1353414430059, 557.0559604886269 167.2365944031185, 549.5741971757387 183.1353414430059))","POLYGON ((-95.65110777507257 29.7134390677612, -95.65114200049715 29.71336746236259, -95.65103249090933 29.71332237654063, -95.65099759246438 29.71336838550522, -95.65097482973566 29.71336096156258, -95.65093409630796 29.71344254725921, -95.65107344606803 29.71350673524437, -95.65110777507257 29.7134390677612))",-95.65104094034434,29.713412045752964,482014543032,commercial,False,0,1.0,206.9,2.737201365187713,2.737201365187713,2.5,2.2,1.92,2.0,1.8,2.3286006825938568
944f4bb2-37d3-4558-8622-302296160688,hurricane-harvey_00000206,building_crops/hurricane-harvey_00000206_944f4bb2.png,76,63,6711.52819886317,2.2015352000000004,"POLYGON ((437.340521674238 76.59755059548849, 452.3076967541656 82.63270183739478, 447.7209818103169 100.0139374140849, 426.9600615381592 93.25456802314986, 425.2702191904254 97.5998769173224, 434.2022430284467 100.7381555631137, 431.3053704323317 120.0506395372138, 400.1639900240952 118.1193911398038, 400.1639900240952 111.8428338482213, 396.060087179599 112.3256459475738, 397.7499295273327 93.73738012250237, 401.1296142228002 93.25456802314986, 400.1639900240952 84.56395023480479, 433.2366188297417 88.90925912897733, 437.340521674238 76.59755059548849))","POLYGON ((-95.64246036142927 29.73994493050998, -95.64238747950924 29.73992096122754, -95.64240769001412 29.73984733211696, -95.64250860615951 29.73987379231002, -95.64251627947668 29.73985533266604, -95.64247283664034 29.73984297943441, -95.64248468041319 29.73976138133768, -95.64263514781138 29.73976651101686, -95.64263584119217 29.73979293963344, -95.64265558878121 29.73979051101059, -95.64264948894693 29.73986894328969, -95.64263323562633 29.73987130209176, -95.64263885474257 29.73990780246562, -95.64247880236786 29.73989269412867, -95.64246036142927 29.73994493050998))",-95.64253688805614,29.739845319736315,482014516063,commercial,False,0,0.9409190371991247,268.5,3.316688567674113,3.316688567674113,2.5,2.2,1.92,2.0,1.8,2.6183442838370565
f6ed5ebe-d296-4f97-b4ee-a8b4162c13b6,hurricane-harvey_00000508,building_crops/hurricane-harvey_00000508_f6ed5ebe.png,56,63,6300.627757414206,2.2015352000000004,"POLYGON ((732.7561964135022 1010.364527795802, 731.9437620493838 969.7428095898852, 746.973797785573 969.7428095898852, 746.5675806035138 976.6485016848909, 767.2846568885312 976.2422845028318, 768.5033084347087 1012.801830888157, 759.160313247348 1013.208048070216, 758.3478788832296 1008.333441885506, 732.7561964135022 1010.364527795802))","POLYGON ((-95.61825301733491 29.8614433174982, -95.61826140662109 29.86161421256154, -95.61818882966297 29.86161565290954, -95.61819003196376 29.86158654858397, -95.61809003813381 29.8615902435918, -95.61808013419773 29.86143648471992, -95.61812520486838 29.86143387968573, -95.61812966385774 29.86145431858527, -95.61825301733491 29.8614433174982))",-95.6181737295074,29.86152258195151,482015407003,commercial,False,0,1.0,252.0,1.6143250688705235,1.6143250688705235,2.5,2.2,1.92,2.0,1.8,1.7671625344352617
1c825554-130a-4fdb-ae27-29997afe46b5,hurricane-harvey_00000381,building_crops/hurricane-harvey_00000381_1c825554.png,76,118,12730.044524302548,2.2015352000000004,"POLYGON ((641.557971428093 920.2501301537559, 639.2360503728104 912.8973801453611, 607.1161424414013 842.0787879592422, 608.083609547769 835.8869984784886, 626.4654845687562 828.9212353126409, 629.3678858878594 822.3424589893402, 636.3336490537072 821.9554721467931, 638.8490635302634 834.7260379508474, 634.9791951047923 835.5000116359415, 637.3011161600749 842.8527616443364, 640.5905043217252 843.04625506561, 660.1333398703537 888.3237156436204, 658.0049122363447 892.0000906478178, 664.3901951383717 910.5754590900785, 641.557971428093 920.2501301537559))","POLYGON ((-95.58738526376312 29.70982372229554, -95.58739725767012 29.7098544633174, -95.5875598364997 29.71014962771392, -95.58755583891194 29.71017579051935, -95.58746792755021 29.71020685460164, -95.58745463869785 29.71023482935635, -95.58742108153686 29.71023711574412, -95.58740756898152 29.71018358035619, -95.58742615145285 29.71017995646125, -95.58741415749066 29.71014921544623, -95.587398270422 29.710148710915, -95.58729911566918 29.70995990551194, -95.58730898485669 29.70994422480577, -95.5872761793321 29.70986661222881, -95.58738526376312 29.70982372229554))",-95.58741565160162,29.710030577102984,482014524022,unknown_nonres,False,0,0.8663446054750402,127.3,3.3925,3.3925,2.5,2.2,1.92,2.0,1.8,2.65625
ebcd6ebf-3fd0-4904-80a4-af3d220f2f7f,hurricane-harvey_00000088,building_crops/hurricane-harvey_00000088_ebcd6ebf.png,54,50,4615.4163290607785,2.2015352000000004,"POLYGON ((519.5636988640806 162.0109272449697, 522.6740194429412 161.9933830653783, 522.7785069839384 160.39011815824, 537.8993210380671 160.0982576491234, 538.1551355300886 162.0422874479949, 540.597064601659 162.0059993495976, 540.52 186.77, 527.61 186.51, 527.1237901743405 184.3612070842668, 523.155090220265 184.1923262351571, 523.3408541691949 188.0327135422988, 505.9428926751597 187.9191482238899, 506.2099863607078 157.3362741903605, 519.3798929015775 157.3149109539742, 519.5636988640806 162.0109272449697))","POLYGON ((-95.65202196845271 29.8316205545985, -95.65200695540341 29.83162093009468, -95.65200662932996 29.83162768842234, -95.65193366640482 29.83163038332962, -95.65193221522968 29.83162222565383, -95.65192043090875 29.83162261521247, -95.65191804843128 29.83151837524783, -95.65198040001819 29.83151821756416, -95.65198298619852 29.83152721474964, -95.65200216377362 29.83152754067745, -95.65200083982391 29.83151139437834, -95.65208484062008 29.83151018503753, -95.65208695318572 29.83163893524435, -95.65202337813231 29.83164030245689, -95.65202196845271 29.8316205545985))",-95.65200603301523,29.831573746583405,482015417012,commercial,False,0,0.9,184.6,3.138888888888889,3.138888888888889,2.5,2.2,1.92,2.0,1.8,2.5294444444444446
dc226f6f-dd72-4027-ae23-f99055786eec,hurricane-harvey_00000180,building_crops/hurricane-harvey_00000180_dc226f6f.png,39,49,2591.3417562393693,2.2015352000000004,"POLYGON ((1024 47.40088937194142, 1010.797945516843 49.69746620075996, 1009.649657102433 46.53967306113446, 1004.769431341194 46.82674516473678, 1004.195287133989 76.39517183577556, 1021.419613350129 76.39517183577556, 1021.706685453731 70.65372976372919, 1024 66.34764820969443, 1024 47.40088937194142))","POLYGON ((-95.64883434257622 29.71405643107727, -95.64889777056986 29.71404548613314, -95.64890365881489 29.71405867171493, -95.64892716753991 29.71405699170244, -95.64892666618223 29.7139324330291, -95.6488435822338 29.7139340962152, -95.6488428325913 29.71395829932139, -95.64883224678044 29.71397665230093, -95.64883434257622 29.71405643107727))",-95.64888162832077,29.713994353713034,482014543032,commercial,False,0,1.0,103.7,2.737201365187713,2.737201365187713,2.5,2.2,1.92,2.0,1.8,2.3286006825938568
e04d0383-ebaf-46ad-b00f-3db55d57bee5,hurricane-harvey_00000452,building_crops/hurricane-harvey_00000452_e04d0383.png,50,73,6428.526544984329,2.2015352000000004,"POLYGON ((931.812706803031 949.3354668415071, 933.4383929277071 951.5417551535678, 933.9028746776149 958.9734631520878, 936.437855088115 959.472694557647, 944.75 959.15, 944.9883341753884 959.7317258526773, 945.56 997.11, 945.1253989238861 997.1724616731368, 945.1253989238861 1002.397881359596, 924.9204428029099 1001.933399609689, 924.2237201780484 997.6369434230443, 923.0625158032797 996.011257298368, 922.5980340533722 992.9921259239692, 917.2564939294359 994.3855711736919, 917.1959156112586 994.3855711736919, 914.9400801013408 973.4115938178517, 916.8597814046033 969.8121538742353, 917.3541762743132 963.3850205680069, 915.75 961.38, 917.0654112434678 961.4119923391022, 918.1104951807597 960.715269714241, 918.4588564931903 949.7999485914146, 922.5230718048809 948.9871055290765, 931.812706803031 949.3354668415071))","POLYGON ((-95.58115326165145 29.7141367836329, -95.58114518209872 29.71412764660426, -95.58114214057412 29.71409639771927, -95.58112985890047 29.71409453412328, -95.58108979878325 29.71409667495185, -95.58108858644212 29.71409424791089, -95.58108180022104 29.71393691351945, -95.58108388985012 29.71393660962335, -95.58108332664622 29.71391460702132, -95.58118083821965 29.71391466178247, -95.58118466205804 29.71393268725549, -95.5811904385213 29.71393942325211, -95.58119300443695 29.7139520921627, -95.58121861993578 29.71394572221789, -95.58121891214408 29.71394571651805, -95.58123205423631 29.714033819089, -95.58122318224693 29.71404915582525, -95.5812214902264 29.7140762649806, -95.58122944433086 29.71408455655318, -95.58122309579704 29.71408454561187, -95.58121812977457 29.71408757762456, -95.5812176259409 29.7141335713869, -95.5811981091869 29.71413737641744, -95.58115326165145 29.7141367836329))",-95.58115534797437,29.714020359507124,482014524011,commercial,False,0,0.9487179487179487,257.1,2.58675799086758,2.58675799086758,2.5,2.2,1.92,2.0,1.8,2.25337899543379
71ec544f-b324-409c-8ea8-8edc62dbd8d6,hurricane-harvey_00000025,building_crops/hurricane-harvey_00000025_71ec544f.png,70,60,4339.735233575513,1.9022960000000002,"POLYGON ((592.5164961464579 183.2278943505397, 604.9549833132577 181.1229988376928, 602.996075377168 174.8109621547371, 616.2731180551092 171.9814284692742, 617.7967131165124 177.8581522775433, 631.5090686691401 174.8109621547371, 635.2092281039762 192.4411335795443, 638.4740746641257 191.7881642675144, 639.9976697255288 201.1473910732762, 628.461878546334 203.7592683213958, 598.8606030676453 209.6359921296649, 591.8955970726598 183.5172196484691, 592.5164961464579 183.2278943505397))","POLYGON ((-95.41778040340813 29.75159205447521, -95.41772059354483 29.75160201510331, -95.41773068457564 29.7516284207617, -95.41766690144621 29.75164150662898, -95.41765895507228 29.75161689555898, -95.41759309331371 29.75163093629539, -95.41757345551824 29.75155702625934, -95.41755776681956 29.75156006378434, -95.41754946839744 29.7515207887114, -95.41760487096661 29.75150877302009, -95.417747119442 29.75148141598098, -95.41778337034091 29.75159078141428, -95.41778040340813 29.75159205447521))",-95.41767009479223,29.75155956996241,482014111001,commercial,False,0,0.794314381270903,173.6,2.7263157894736842,2.7263157894736842,2.5,2.2,1.92,2.0,1.8,2.323157894736842
64b7cfb9-dfc4-492f-97b3-1cebc1673fe2,hurricane-harvey_00000463,building_crops/hurricane-harvey_00000463_64b7cfb9.png,67,89,7653.090403193939,2.2015352000000004,"POLYGON ((91.54537910994786 527.4660953792032, 104.5443289358412 535.9966562024456, 119.9805818540895 515.6857970994873, 127.2924911311544 505.124150365949, 119.1834133106181 491.7661102264, 101.2945914793679 466.9397352523874, 79.3588636481729 488.0630287194641, 83.01481828670538 494.1562864503516, 91.95159629200704 500.6557613632982, 96.82620247671701 507.9676706403632, 100.8883742973087 514.0609283712507, 91.54537910994786 527.4660953792032))","POLYGON ((-95.60118339433406 29.75866028090044, -95.60111973694111 29.75862559639085, -95.60104745615797 29.75871258267246, -95.60101332020909 29.7587577476488, -95.601053905816 29.75881322300404, -95.60114293370654 29.75891605826991, -95.60124649074832 29.75882503398906, -95.60122818508219 29.75879972490657, -95.60118435147908 29.75877320680727, -95.60116003236654 29.75874288217799, -95.60113976645091 29.7587176116494, -95.60118339433406 29.75866028090044))",-95.60112536750125,29.758775658870583,482014512001,commercial,False,0,0.7973640856672158,306.1,2.773755656108597,2.773755656108597,2.5,2.2,1.92,2.0,1.8,2.3468778280542986
e646af8c-1a67-4212-a30f-07bea02fb46c,hurricane-harvey_00000477,building_crops/hurricane-harvey_00000477_e646af8c.png,44,47,2371.332990699807,2.2015352000000004,"POLYGON ((184.2468262106591 757.9763451173833, 202.1203822212624 751.8830873864958, 206.5887712239132 771.3815121253358, 205.3701196777357 776.2561183100458, 189.5276495774282 779.5058557665192, 186.6841293030141 778.6934214024008, 181.4033059362449 758.7887794815017, 183.8406090285999 757.5701279353242, 184.2468262106591 757.9763451173833))","POLYGON ((-95.59554713529607 29.74917227574651, -95.59546155179791 29.74919962495568, -95.5954378743146 29.74911794778229, -95.59544322557493 29.74909730727023, -95.59551931708536 29.74908212341767, -95.59553312602314 29.74908527494906, -95.59556076788311 29.74916858557686, -95.59554913949674 29.7491739476965, -95.59554713529607 29.74917227574651))",-95.59549621525018,29.749137838158084,482014513021,commercial,False,0,0.9543080939947781,94.9,2.8707386363636362,2.8707386363636362,2.5,2.2,1.92,2.0,1.8,2.3953693181818183
96744cee-ddd9-4ef4-ad4c-370233ee482b,hurricane-harvey_00000351,building_crops/hurricane-harvey_00000351_96744cee.png,51,46,3782.0145733740605,2.2015352000000004,"POLYGON ((805.0652812320042 26.9359625140226, 803.9406387078263 10.29125315619114, 814.9621354447688 10.29125315619114, 823.2844901236846 5.342826049808817, 830.2572737735869 8.04196810783554, 829.8074167639157 13.89010923356011, 835.6555578896404 14.78982325290235, 835.4306293848048 36.83281672678725, 812.2629933867421 36.15803121228057, 811.8131363770709 31.4345326107338, 805.0652812320042 26.9359625140226))","POLYGON ((-95.5831908696972 29.7697494056908, -95.58319809709347 29.76981938454995, -95.5831449039083 29.76982042411436, -95.5831052725994 29.76984204514138, -95.5830713279571 29.76983133767821, -95.58307286687214 29.76980667080873, -95.58304454465195 29.7698034340146, -95.58304324721699 29.76971059760054, -95.5831551342994 29.76971125374358, -95.58315781611412 29.76973110028242, -95.5831908696972 29.7697494056908))",-95.58311557394407,29.76977108933104,482014507003,commercial,False,0,0.8509687034277198,151.3,2.5201401050788093,2.5201401050788093,2.5,2.2,1.92,2.0,1.8,2.2200700525394046
ef069d74-defd-409f-960f-a24a06221dc5,hurricane-harvey_00000351,building_crops/hurricane-harvey_00000351_ef069d74.png,63,70,5619.840043109815,2.2015352000000004,"POLYGON ((228.2214096755255 145.2575293705135, 222.8895953996325 139.1640273409215, 222.8895953996325 136.1172763261254, 216.0344056163414 129.2620865428343, 205.3707770645552 129.2620865428343, 204.6090893108562 114.7900192225531, 228.2214096755255 114.7900192225531, 233.5532239514186 123.9302722669413, 246.5019157643018 125.4536477743393, 245.7402280106028 143.7341538631155, 238.1233504736127 147.5425926316106, 248.0252912716998 155.1594701686007, 248.7869790253988 160.4912844444938, 245.7402280106028 165.8230987203868, 228.2323697827416 164.3170358145983, 228.2214096755255 145.2575293705135))","POLYGON ((-95.58596208681195 29.7691967584752, -95.58598847908442 29.76922191254496, -95.58598880882879 29.76923474130017, -95.58602263578402 29.76926295870921, -95.5860741013835 29.76926195179709, -95.58607934384189 29.76932281645638, -95.58596538422829 29.76932504602925, -95.58593866219321 29.76928706320092, -95.58587600336298 29.76928187143613, -95.58587770109506 29.76920482698072, -95.58591405005271 29.76918807185633, -95.58586543627662 29.76915693489547, -95.58586118314332 29.76913455648824, -95.5858753105587 29.76911181849619, -95.58595997116744 29.76911650689032, -95.58596208681195 29.7691967584752))",-95.58595444695696,29.769231862128095,482014507003,commercial,False,0,0.8509687034277198,224.8,2.5201401050788093,2.5201401050788093,2.5,2.2,1.92,2.0,1.8,2.2200700525394046
74149411-d39d-48f4-8de6-da13b05283dc,hurricane-harvey_00000356,building_crops/hurricane-harvey_00000356_74149411.png,73,34,2809.6776575845092,2.2015352000000004,"POLYGON ((318.8502280417134 211.7501399903594, 371.4754873613121 209.4901595287815, 371.7983417129661 219.8214987817089, 317.5588106350975 224.0186053532106, 319.1730823933674 221.4357705399788, 322.0787715582532 220.1443531333629, 318.8502280417134 211.7501399903594))","POLYGON ((-95.57519192791929 29.75187138458536, -95.57493822899211 29.75188584607709, -95.57493555847883 29.75184237442743, -95.57519683830417 29.7518196046184, -95.57518932684091 29.75183063182101, -95.57517544457976 29.75183634264128, -95.57519192791929 29.75187138458536))",-95.57506452039152,29.75185483740798,482014511003,unknown_nonres,False,0,0.9426605504587156,28.1,2.8,2.8,1.5714285714285714,2.2,1.92,2.0,1.8,2.36
f7cfaff7-b0f5-4c4e-b022-f3a572559a99,hurricane-harvey_00000477,building_crops/hurricane-harvey_00000477_f7cfaff7.png,65,79,7710.300665750617,2.2015352000000004,"POLYGON ((600.8706517756139 145.7509274545924, 606.2814422296253 136.8390372950442, 605.6448786468004 131.1099650496203, 589.7307890761784 123.1529202643093, 572.2252905484944 156.8907901540278, 576.999517419681 157.8456355282651, 571.9070087570819 168.3489346448756, 570.6338815914322 170.8951889761751, 592.9136069903029 183.6264606326726, 597.6878338614895 176.3059794301865, 606.2814422296253 181.3984880927855, 616.1481777634109 161.3467352338019, 606.5997240210377 153.7079722399034, 606.2814422296253 149.5703089515417, 599.2792428185517 146.0692092460049, 600.8706517756139 145.7509274545924))","POLYGON ((-95.59360321235368 29.75178956980792, -95.59357806974445 29.75182760652453, -95.59358176285416 29.75185166922208, -95.59365941800479 29.75188366702793, -95.59374022950693 29.75173995271616, -95.59371708834936 29.7517363841285, -95.593740522417 29.7516916766983, -95.5937463895623 29.75168083488116, -95.59363749993622 29.75162933717998, -95.59361525643101 29.7516606128309, -95.59357323643772 29.75163998359162, -95.59352780041982 29.75172534778153, -95.59357470414807 29.75175660796862, -95.59357668879501 29.75177399997289, -95.59361085702771 29.75178807901656, -95.59360321235368 29.75178956980792))",-95.59364085937352,29.751744591148274,482014513021,commercial,False,0,0.9543080939947781,308.4,2.8707386363636362,2.8707386363636362,2.5,2.2,1.92,2.0,1.8,2.3953693181818183
3bb6d2e4-57e4-4684-a548-dca0c0c9d133,hurricane-harvey_00000206,building_crops/hurricane-harvey_00000206_3bb6d2e4.png,59,53,5628.882423712571,2.2015352000000004,"POLYGON ((709.6632566646149 1.525644473907576, 710.8702869129961 21.80375264671284, 715.6984079065212 23.73500104412286, 716.6640321052262 30.25296438538169, 714.4913776581399 30.7357764847342, 714.7327837078161 41.59904872016559, 749.7366609108728 43.04748501822311, 748.0468185631391 16.49281955383527, 730.4241769367726 15.285789305454, 731.1483950858013 20.83812844800782, 727.7687103903338 20.83812844800782, 728.4929285393625 2.008456573260082, 709.6632566646149 1.525644473907576))","POLYGON ((-95.6411547168104 29.74028728123245, -95.64114665403763 29.74020201267886, -95.6411231454774 29.74019434600069, -95.64111776676374 29.740166993909, -95.64112819635156 29.74016475159133, -95.64112583217052 29.74011903296223, -95.6409567812353 29.74011630671114, -95.64096786632443 29.74022795741972, -95.64105302757606 29.74023134190248, -95.64104892025689 29.74020803249307, -95.64106522699032 29.74020770685332, -95.641063811635 29.74028706257838, -95.6411547168104 29.74028728123245))",-95.64105978192651,29.740191855253947,482014516063,commercial,False,0,0.9409190371991247,225.2,3.316688567674113,3.316688567674113,2.5,2.2,1.92,2.0,1.8,2.6183442838370565
780cc219-ea52-4df1-be61-6783c12ea976,hurricane-harvey_00000463,building_crops/hurricane-harvey_00000463_780cc219.png,69,84,7332.892344323577,2.2015352000000004,"POLYGON ((698.7348944195853 344.7292975635851, 710.676615146657 350.3939599597601, 698.2755974685441 380.5544597448002, 660.6132474831641 366.9286501972441, 676.0762448348852 334.3185666733174, 678.9851255248128 334.1654676896371, 672.8611661775966 327.8884093587404, 680.6692143452973 315.6404906643079, 693.5295289744515 325.4388256198539, 681.7409072310602 343.5045056941419, 695.3667167786164 349.0160691066365, 698.7348944195853 344.7292975635851))","POLYGON ((-95.59827313342228 29.75948733064147, -95.59821488982084 29.75946461158801, -95.59827145572596 29.75933644165934, -95.59845468608252 29.75939024237355, -95.59838361029156 29.7595290170034, -95.59836958937122 29.75952993753964, -95.59839982448034 29.75955578687797, -95.59836347608602 29.75960809852662, -95.5983003501449 29.75956806140202, -95.5983552754487 29.75949087596659, -95.59828892146565 29.759468961314, -95.59827313342228 29.75948733064147))",-95.59833689752553,29.759448479474777,482014512001,commercial,False,0,0.7973640856672158,293.3,2.773755656108597,2.773755656108597,2.5,2.2,1.92,2.0,1.8,2.3468778280542986
21db6b79-a5bd-486d-bef7-16184781debb,hurricane-harvey_00000507,building_crops/hurricane-harvey_00000507_21db6b79.png,72,135,21789.942041337377,2.2015352000000004,"POLYGON ((32.49244021641364 666.68546950789, 26.26389805650625 646.9006885293607, 55.57468469136455 640.6721463694533, 62.16961168420766 666.3190846749543, 58.13937852191464 672.181242001926, 59.60491785365756 680.241708326512, 61.07045718540047 687.5694049852266, 61.07045718540047 695.6298713098126, 57.04022402310746 704.4231073002701, 56.307454357236 709.5524949613703, 56.67383919017173 712.8499584577918, 58.8721481877861 720.1776551165065, 54.47553019255736 731.1692001045783, 49.71252736439288 727.8717366081567, 37.98821271044957 737.7641270974214, 32.85882504934937 742.5271299255859, 36.15628854577093 747.2901327537503, 0 756.0833687442079, 0 727.505351775221, 8.67742607559128 713.5827281236633, 0.9833445839409778 705.5222617990772, 16.00512273430585 679.1425538277048, 25.53112839063479 683.9055566558693, 32.85882504934937 669.2501633384401, 32.49244021641364 666.68546950789))","POLYGON ((-95.60144578577689 29.84597433322934, -95.60147801782303 29.84605701399931, -95.60133718205135 29.84608601929963, -95.60130254121101 29.8459786997063, -95.6013213596553 29.84595364250797, -95.60131340394172 29.84591985571032, -95.60130552822795 29.84588915311812, -95.60130464829928 29.84585522684777, -95.60132314674657 29.84581783282465, -95.60132612467386 29.84579617364408, -95.60132399575947 29.84578232958329, -95.60131258217393 29.84575169672624, -95.60133260956128 29.84570501521563, -95.60135596576309 29.84571844085857, -95.60141149191503 29.84567568827706, -95.60143573709337 29.8456551527687, -95.60141929666194 29.845635419251, -95.60159290246416 29.8455949676511, -95.60159602253076 29.84571525167675, -95.6015556471183 29.84577467747484, -95.60159367491062 29.84580787144095, -95.60152402829436 29.84592033256678, -95.60147751575532 29.84590119185988, -95.60144373683846 29.84596357337808, -95.60144578577689 29.84597433322934))",-95.60144109851562,29.845828090153233,482015401013,commercial,False,0,1.0,871.6,2.4176372712146423,2.4176372712146423,2.5,2.2,1.92,2.0,1.8,2.1688186356073214
50612a5b-7324-4713-baf5-36c0ab9bd398,hurricane-harvey_00000088,building_crops/hurricane-harvey_00000088_50612a5b.png,64,64,7409.372192226787,2.2015352000000004,"POLYGON ((227.762301134631 50.70115449536076, 239.7326425049719 51.19991871912497, 239.4832603930898 57.1850894042954, 271.902934937763 57.1850894042954, 272.9004633852914 93.096113515318, 233.4980897079193 95.83931674602111, 233.7474718198015 91.84920295590749, 233.9968539316836 79.62947947368453, 240.7301709525003 79.62947947368453, 241.4783172881466 75.888747795453, 237.2388213861509 74.64183723604249, 234.4956181554478 68.15790232710786, 228.0116832465131 67.90852021522576, 227.762301134631 50.70115449536076))","POLYGON ((-95.65344302016837 29.8320607527649, -95.65338517792436 29.83205981501509, -95.65338571570213 29.83203459906825, -95.65322920998824 29.83203774483798, -95.6532203980121 29.83188669111863, -95.65341030705868 29.83187132158661, -95.65340954724657 29.83188814028434, -95.65340970334259 29.8319395976354, -95.65337719834314 29.83194025100683, -95.65337400299322 29.83195606844598, -95.65339460788078 29.83196090534603, -95.65340857228685 29.83198793021675, -95.6534399011667 29.83198835069219, -95.65344302016837 29.8320607527649))",-95.65332561637032,29.83196367156645,482015417012,commercial,False,0,0.9,296.4,3.138888888888889,3.138888888888889,2.5,2.2,1.92,2.0,1.8,2.5294444444444446
f1972150-9a03-48ed-8c41-290e3dcb3c72,hurricane-harvey_00000477,building_crops/hurricane-harvey_00000477_f1972150.png,42,42,1986.2519043439474,2.2015352000000004,"POLYGON ((271.7970194042226 1000.635538748748, 288.7550030122055 998.1417176299269, 290.9994420191443 1000.136774524984, 294.4907915854938 1018.840432916141, 294.2414094736117 1020.087343475552, 289.0043851240875 1021.334254034962, 287.5080924527949 1021.334254034962, 286.7599461171486 1018.092286580495, 274.0414584111614 1019.83796136367, 271.2982551804583 1002.131831420041, 271.7970194042226 1000.635538748748))","POLYGON ((-95.59509834814934 29.74815882229454, -95.59501679260741 29.74817092862321, -95.59500574618427 29.74816274072972, -95.59498687005227 29.74808431736776, -95.59498793807283 29.74807904348967, -95.5950130725899 29.74807329732868, -95.59502029253875 29.74807315564296, -95.59502425430948 29.74808673548613, -95.59508543444754 29.74807818077017, -95.59510059242803 29.7481524747481, -95.59509834814934 29.74815882229454))",-95.59504360362371,29.748122176034933,482014513021,small_multi_family,True,22,0.9543080939947781,42.0,2.8707386363636362,2.8707386363636362,2.5,2.2,1.92,2.0,1.8,2.3953693181818183
b67161f9-fea1-4d88-bea4-9c93226e4917,hurricane-harvey_00000024,building_crops/hurricane-harvey_00000024_b67161f9.png,87,49,5829.795921414098,1.9022960000000002,"POLYGON ((335.6853319653133 641.7858660393445, 384.1075543931705 641.321384289437, 386.0816018302774 642.2503477892519, 398.0420068903956 642.2503477892519, 398.6226090777799 642.2503477892519, 397.577525140488 666.9840009718265, 334.0289189540786 667.6491792418151, 334.1883859519958 660.266794252381, 335.3495903267646 659.1055898776123, 335.5818312017184 656.3186993781673, 335.8140720766721 646.7968235050636, 335.8140720766721 645.2872578178641, 335.8140720766721 642.1520060059885, 335.6853319653133 641.7858660393445))","POLYGON ((-95.38489468751403 29.77182628802242, -95.38466101684286 29.77183246040717, -95.38465139609187 29.77182872056743, -95.38459366741796 29.77182976199047, -95.38459086505506 29.77182981254435, -95.38459344077307 29.77172557179658, -95.38490010082415 29.77171723722008, -95.38490006802367 29.77174833723007, -95.38489457921177 29.77175332800912, -95.38489373644717 29.77176508341383, -95.38489356595022 29.77180519883833, -95.38489371663105 29.77181155539447, -95.38489402958372 29.77182475747259, -95.38489468751403 29.77182628802242))",-95.38474500897819,29.77177523978431,482015102023,large_multi_family,True,40,1.0,72.0,3.7289719626168223,3.7289719626168223,2.5,2.2,1.92,2.0,1.8,2.824485981308411
a206c1be-b775-4529-b909-c9c2cd1bce53,hurricane-harvey_00000452,building_crops/hurricane-harvey_00000452_a206c1be.png,30,32,605.0099888751818,2.2015352000000004,"POLYGON ((223.5567205323713 768.2908375503492, 232.3821104511863 768.472804352799, 233.2919444634352 769.6555885687227, 233.1099776609854 780.2096631108107, 232.0181768462867 780.8465469193849, 222.7378699213473 780.9375303206098, 223.5567205323713 768.2908375503492))","POLYGON ((-95.58458917802456 29.71483242082066, -95.5845465875763 29.7148324861009, -95.58454207117538 29.71482759150124, -95.58454180982542 29.71478313458987, -95.58454700757594 29.71478035001696, -95.58459176291255 29.71477909257337, -95.58458917802456 29.71483242082066))",-95.58456647361825,29.7148058234816,482014524012,vacant,False,0,0.9377289377289377,0.0,2.8,2.8,2.5,2.2,1.92,2.0,1.8,2.36
c0c4d430-d5c5-463c-9c61-b0e4f3ce9079,hurricane-harvey_00000452,building_crops/hurricane-harvey_00000452_c0c4d430.png,31,35,792.5233527202539,2.2015352000000004,"POLYGON ((223.0032886676989 830.9860494252503, 224.4555424801676 830.9301935093861, 224.9023898070811 829.0310923700039, 230.8231168886842 828.9752364541397, 231.2699642155976 829.6455074445099, 231.2699642155976 830.31577843488, 232.945641691523 830.8743375935219, 233.3924890184364 834.4491162088294, 232.945641691523 844.0563337374684, 232.2753707011528 844.5031810643819, 222.0537380980078 844.1680455691968, 221.7186026028228 832.3265914059906, 223.0032886676989 830.9860494252503))","POLYGON ((-95.58458508082977 29.71456837958376, -95.58457808167701 29.71456875159837, -95.58457613120683 29.71457679019376, -95.58454757764716 29.7145775831998, -95.58454534986491 29.71457480300605, -95.58454527752332 29.7145719807133, -95.58453713433683 29.71456978667355, -95.58453459307633 29.71455477654426, -95.58453571162583 29.71451428158228, -95.58453889655732 29.71451233690561, -95.58458823840077 29.71451278503302, -95.58459113303519 29.71456261396194, -95.58458508082977 29.71456837958376))",-95.58456218689156,29.71454347803113,482014524012,vacant,False,0,0.9377289377289377,0.0,2.8,2.8,2.5,2.2,1.92,2.0,1.8,2.36
14e470e8-30db-4ed3-a945-aa104b0259a2,hurricane-harvey_00000159,building_crops/hurricane-harvey_00000159_14e470e8.png,67,68,8961.7084173517,2.2015352000000004,"POLYGON ((654.7739498445422 720.0934458527, 668.2064911101098 719.86768885664, 668.6580051022297 724.7214642719292, 680.9617613874975 724.7214642719292, 681.0746398855275 718.0616328881604, 688.1859852614162 718.4002683822504, 688.7503777515661 728.2206977108585, 701.8442835230437 728.2206977108585, 702.5369568489917 686.1161574774279, 695.9900039632529 686.1161574774279, 695.199854477043 679.1176905995692, 679.3968647528459 679.2305690975992, 679.5097432508759 688.0350919439376, 654.2814637222178 687.6528452844125, 654.3912309555803 720.091601401209, 654.7739498445422 720.0934458527))","POLYGON ((-95.63258657039131 29.78057096513637, -95.63252175781449 29.78057320740253, -95.63251904336919 29.78055281305084, -95.6324596544409 29.78055399614946, -95.6324598436892 29.78058204952462, -95.63242548064046 29.78058130743145, -95.63242167390469 29.78054001086316, -95.63235847101149 29.78054126989265, -95.63235976848816 29.78071862590052, -95.63239136999093 29.78071799638584, -95.6323959553798 29.78074738882227, -95.63247222244458 29.78074539397208, -95.63247070707418 29.78070833166385, -95.63259252362569 29.78070751524901, -95.63258841793834 29.78057093610011, -95.63258657039131 29.78057096513637))",-95.63246675757193,29.780641472378793,482014505001,commercial,False,0,0.9020979020979021,358.5,3.365979381443299,3.365979381443299,2.5,2.2,1.92,2.0,1.8,2.6429896907216497
841e3b60-e516-4727-863e-fa845df3d242,hurricane-harvey_00000176,building_crops/hurricane-harvey_00000176_841e3b60.png,81,63,10372.971661596684,2.2015352000000004,"POLYGON ((580.9685414894931 521.8011340717964, 581.2868232809055 524.9839519859207, 606.7493665939005 525.938797360158, 605.7945212196632 541.85288693078, 598.4740400171771 542.4894505136049, 598.4740400171771 551.4013406731531, 606.4310848024882 553.9475950044526, 606.4310848024882 564.7691759124755, 599.68 565.15, 560.51 563.39, 559.9619432562721 548.5368045504412, 545.0026990598875 545.0357048449043, 544.684417268475 525.3022337773332, 545.0026990598875 524.6656701945083, 559.3253796734473 524.0291066116835, 561.2350704219218 521.1645704889714, 580.9685414894931 521.8011340717964))","POLYGON ((-95.62700869296316 29.74269117764439, -95.62700680764753 29.7426778061386, -95.62688384344686 29.74267622598784, -95.62688670288513 29.74260912440512, -95.62692195500775 29.7426057423846, -95.6269209762367 29.74256821674734, -95.62688230309126 29.74255825776277, -95.62688111460402 29.74251269091572, -95.62691364739013 29.74251044032358, -95.62710283956132 29.74251409690958, -95.62710711538757 29.74257658728837, -95.6271796797155 29.74258989563025, -95.6271833829532 29.74267295758645, -95.62718191713131 29.74267566849693, -95.62711287868687 29.74267972175949, -95.62710397886605 29.74269196661486, -95.62700869296316 29.74269117764439))",-95.62702442369059,29.742603793372314,482014516061,commercial,False,0,0.9516574585635359,414.9,3.3566666666666665,3.3566666666666665,2.5,2.2,1.92,2.0,1.8,2.638333333333333
351b468e-730f-4b50-ad0e-0e27a992eb4b,hurricane-harvey_00000477,building_crops/hurricane-harvey_00000477_351b468e.png,81,71,7548.78208762994,2.2015352000000004,"POLYGON ((900.4122100665796 148.3008158022793, 870.9851208644917 183.4636935776556, 887.1949581368283 198.4266202905817, 901.160356402226 182.2167830182451, 913.380079884449 191.942685381647, 932.3331203874886 169.74767742414, 931.5849740518423 166.5057099696727, 912.8813156606848 155.7822791587423, 900.4122100665796 147.0539052428688, 900.4122100665796 148.3008158022793))","POLYGON ((-95.59215752452626 29.75180717700785, -95.59229571023474 29.75165633551717, -95.59221586901583 29.75159486570779, -95.59215023760576 29.7516644403557, -95.59209021810369 29.75162464415973, -95.5920011679746 29.75171989185604, -95.59200512952748 29.75173347179891, -95.59209654487327 29.75177685490336, -95.59215765970357 29.75181242728075, -95.59215752452626 29.75180717700785))",-95.59214864177234,29.751701615693758,482014512002,commercial,False,0,0.9096385542168675,302.0,2.497584541062802,2.497584541062802,2.5,2.2,1.92,2.0,1.8,2.2087922705314007
f3811888-0d8f-407b-8973-0845517e08af,hurricane-harvey_00000039,building_crops/hurricane-harvey_00000039_f3811888.png,46,44,1768.5394720207153,2.2015352000000004,"POLYGON ((585.4413083417453 458.3041309651627, 601.3636026445075 465.959080149183, 590.6466737868791 483.8716612397906, 574.8774784677972 476.0636130720899, 585.4413083417453 458.3041309651627))","POLYGON ((-95.63809866213815 29.52218578855581, -95.63802108056893 29.52215504295581, -95.63807077486517 29.52207850654687, -95.63814763521992 29.52210991216495, -95.63809866213815 29.52218578855581))",-95.63808446212539,29.522132306115452,,small_multi_family,True,19,,34.6,,,,,,,,
b0b949d4-569a-4c95-844f-103b987123a4,hurricane-harvey_00000391,building_crops/hurricane-harvey_00000391_b0b949d4.png,47,41,2566.0806704231923,2.2015352000000004,"POLYGON ((335.7897849397186 173.4420960702861, 357.6436711320974 172.3760528413895, 358.7097143609939 151.5882098779072, 330.9925904096842 151.5882098779072, 335.7897849397186 173.4420960702861))","POLYGON ((-95.60509645145673 29.76438846694094, -95.60499110149729 29.76439503398571, -95.60498822271543 29.76448266412183, -95.6051219847951 29.7644800280952, -95.60509645145673 29.76438846694094))",-95.60505021547282,29.764438261750822,482014507001,commercial,False,0,0.8839103869653768,102.6,3.5920398009950247,3.5920398009950247,2.5,2.2,1.92,2.0,1.8,2.7560199004975123
9c942be1-7e87-4043-845b-2b93bc632187,hurricane-harvey_00000452,building_crops/hurricane-harvey_00000452_9c942be1.png,32,32,735.4225002716677,2.2015352000000004,"POLYGON ((131.7909980804747 841.079250372248, 133.7650455175816 839.8019255600024, 142.8224396407779 839.6858051225255, 143.9836440155466 839.9180459974792, 143.7514031405929 851.9945714950742, 141.8934761409629 852.8074145574124, 132.9522024552435 852.6912941199355, 132.1393593929054 850.8333671203055, 131.7909980804747 841.079250372248))","POLYGON ((-95.58502396843026 29.71451728614585, -95.585014584186 29.71452285055781, -95.58497090694817 29.71452419297647, -95.58496528062561 29.71452332450477, -95.58496509726278 29.71447245232346, -95.58497397151967 29.71446885463763, -95.58501711367842 29.71446850105176, -95.58502123511325 29.71447624757974, -95.58502396843026 29.71451728614585))",-95.58499355949645,29.71449637342913,482014524012,small_multi_family,True,8,0.9377289377289377,15.0,2.8,2.8,2.5,2.2,1.92,2.0,1.8,2.36
157890a4-ce56-4e54-b526-b88b43a1a750,hurricane-harvey_00000496,building_crops/hurricane-harvey_00000496_157890a4.png,55,60,4371.502240530766,2.2015352000000004,"POLYGON ((629.9862543414642 37.36172680803007, 615.5908300319884 36.01215577901671, 617.840115080344 21.39180296470527, 628.8616118172865 23.64108801306087, 629.9862543414642 15.31873333414513, 637.8587520107089 17.34308987766518, 639.2083230397222 13.96916230513177, 646.8558922041314 15.31873333414513, 645.0564641654469 31.73851418714106, 651.129533796007 33.08808521615442, 648.8802487476514 54.23136467069712, 626.1624697592598 50.18265158365703, 628.6366833124509 37.81158381770119, 629.9862543414642 37.36172680803007))","POLYGON ((-95.62357551103042 29.85681068272356, -95.62364516860758 29.85681498075136, -95.62363591828836 29.85687673216012, -95.62358245272902 29.85686832339188, -95.62357793904029 29.85690345924141, -95.62353970333484 29.85689569480864, -95.62353355849636 29.85691002487131, -95.62349648319346 29.85690507892778, -95.6235033632468 29.85683579712094, -95.62347389051303 29.8568307000006, -95.623482422467 29.85674149431884, -95.62359256212324 29.85675635373693, -95.62358197794063 29.85680865974863, -95.62357551103042 29.85681068272356))",-95.62354882121471,29.85682466996564,482015406011,commercial,False,0,0.9040697674418605,174.9,3.283203125,3.283203125,2.5,2.2,1.92,2.0,1.8,2.6016015625
327cc28d-8555-41d1-8f98-d487b18fba51,hurricane-harvey_00000508,building_crops/hurricane-harvey_00000508_327cc28d.png,61,47,3837.84284738047,2.2015352000000004,"POLYGON ((330.3163091613005 721.1391844027531, 319.4947282532777 724.3220023168775, 312.4925288422041 702.0422769180069, 330.634590952713 696.313204672583, 332.5442817011876 702.6788405008317, 348.7766530632219 698.8594590038825, 354.8240071000582 718.5929300714536, 349.7314984374592 719.8660572371033, 348.7766530632219 717.0015211143914, 346.8669623147472 717.9563664886288, 343.6841444006229 720.5026208199282, 335.727099615312 723.0488751512277, 330.3163091613005 721.1391844027531))","POLYGON ((-95.62022813533558 29.8626220564352, -95.6202800407436 29.86260762240238, -95.62031630481638 29.86270072388104, -95.62022933011114 29.86272657694822, -95.62021940808265 29.86269996779773, -95.62014144481596 29.86271759996275, -95.62011007184823 29.862635123777, -95.62013452265789 29.86262927692543, -95.6201394486355 29.86264124188973, -95.6201485651581 29.86263703989589, -95.62016365429781 29.86262601772563, -95.62020179738946 29.86261453767641, -95.62022813533558 29.8626220564352))",-95.62021640579279,29.86266678668957,482015407003,commercial,False,0,1.0,153.5,1.6143250688705235,1.6143250688705235,2.5,2.2,1.92,2.0,1.8,1.7671625344352617
a618ebb6-7e8c-4c59-b858-301e91f8f977,hurricane-harvey_00000391,building_crops/hurricane-harvey_00000391_a618ebb6.png,109,80,19700.892416697752,2.2015352000000004,"POLYGON ((356.6091028367866 371.0675351297933, 363.85 370.43, 363.7881218274405 391.3604809478395, 347.5960435742917 391.9520956378768, 347.5960435742917 388.6546321414551, 345.3977345766773 372.1673146593475, 320.4835659370479 370.7017753276047, 319.3844114382407 379.8613961509977, 313.5222541112691 383.1588596474192, 313.1558692783333 391.5857108049411, 274.3190769871462 390.4865563061338, 273.219922488339 371.8009298264118, 282.0131584787965 372.1673146593475, 283.1123129776037 368.5034663299902, 277.9829253165035 367.0379269982474, 277.2501556506321 359.343845506597, 282.745928144668 360.0766151724685, 282.745928144668 356.0463820101755, 278.7156949823749 356.0463820101755, 278.3493101494392 353.8480730125611, 278.3493101494392 353.1153033466896, 277.8841261443407 335.5288313657747, 325.3440406646438 333.2795463174191, 337.9400369354351 335.0789743561036, 337.9400369354351 339.1276874431437, 342.8884640418175 338.6778304334726, 343.5632495563241 332.3798322980768, 356.1592458271155 331.9299752884058, 356.6091028367866 371.0675351297933))","POLYGON ((-95.60497443701027 29.76355833032573, -95.60493956244534 29.76356170331267, -95.60493757973519 29.76347356807139, -95.60501565699764 29.7634695371856, -95.6050160164166 29.76348342140172, -95.60502842239653 29.76355263342093, -95.60514881612765 29.76355643476683, -95.60515312212674 29.76351776296882, -95.60518105302157 29.76350332122868, -95.60518190259323 29.76346780450223, -95.60536944578683 29.76346873881597, -95.60537678721289 29.76354731147352, -95.60533431176046 29.76354660513331, -95.60532940672508 29.76356213657888, -95.60535432054057 29.76356781947134, -95.605358695592 29.76360014627036, -95.60533209350194 29.76359758360742, -95.60533253284743 29.76361455320029, -95.60535198247017 29.76361416987436, -95.60535399026277 29.7636233911678, -95.6053540701445 29.76362647654826, -95.60535823225686 29.76370048143355, -95.605129438999 29.76371446609201, -95.60506845539032 29.76370808739636, -95.60506801407334 29.76369103998907, -95.60504418232205 29.76369340475265, -95.6050416123373 29.7637199871157, -95.60498087389566 29.76372307916182, -95.60497443701027 29.76355833032573))",-95.60516859176592,29.7635969827404,482014507001,commercial,False,0,0.8839103869653768,788.0,3.5920398009950247,3.5920398009950247,2.5,2.2,1.92,2.0,1.8,2.7560199004975123
99e8a9b1-7fdd-43e3-911b-0115dd1f7e49,hurricane-harvey_00000351,building_crops/hurricane-harvey_00000351_99e8a9b1.png,33,15,334.72827212344663,2.2015352000000004,"POLYGON ((816.4519100238792 0, 817.1010767639228 5.684213563945733, 820.8878827475108 5.576019107271791, 823.2844901236846 5.342826049808817, 830.6738011644256 4.949650909025319, 828.566947832185 0, 816.4519100238792 0))","POLYGON ((-95.5831388263953 29.76986389743072, -95.58313507878306 29.76984002446239, -95.58311681416744 29.76984083720195, -95.5831052725994 29.76984204514138, -95.58306965197207 29.76984439761081, -95.58308035541069 29.76986504011379, -95.5831388263953 29.76986389743072))",-95.58310662776596,29.769853026490857,482014507003,single_family_detached,True,1,0.8509687034277198,2.1,2.5201401050788093,2.5201401050788093,2.5,2.2,1.92,2.0,1.8,2.2200700525394046
a054877b-78e9-4e5f-abc7-9eaa400e5cf4,hurricane-harvey_00000463,building_crops/hurricane-harvey_00000463_a054877b.png,62,63,4386.7931197002845,2.2015352000000004,"POLYGON ((554.0663527038483 872.290439403217, 579.4680160179912 844.9348019879862, 596.6629881075648 857.0494414147313, 575.3646704057065 888.8992192624642, 554.0663527038483 872.290439403217))","POLYGON ((-95.59891391114269 29.7572522600171, -95.59879430547183 29.75736985318639, -95.59871001149241 29.75732047430522, -95.59880932734849 29.75718434741157, -95.59891391114269 29.7572522600171))",-95.59880893094707,29.75727894041719,482014512001,commercial,False,0,0.7973640856672158,175.5,2.773755656108597,2.773755656108597,2.5,2.2,1.92,2.0,1.8,2.3468778280542986
2943c3a1-20ab-463c-9e43-4018ca834a9f,hurricane-harvey_00000356,building_crops/hurricane-harvey_00000356_2943c3a1.png,50,163,18071.15002457838,2.2015352000000004,"POLYGON ((1024 593.6228952361606, 995.5683391091682 595.2711074617162, 998.6039832928295 646.381330379437, 993.0977029300116 649.1995965323993, 995.4327102457305 685.8240389027309, 999.3968015546043 685.6258343372872, 1003.363707741961 737.8027337527176, 1024 736.4642492466978, 1024 672.4451098514859, 1024 593.6228952361606))","POLYGON ((-95.57174816206506 29.75032966117591, -95.57188517953851 29.75032005270199, -95.57186503412572 29.75010512811963, -95.57189130106977 29.75009274448217, -95.57187609458171 29.74993874932182, -95.57185698756237 29.74993995593973, -95.57183223392214 29.74972062728492, -95.57173279966018 29.74972819992203, -95.57173968477915 29.7499977649455, -95.57174816206506 29.75032966117591))",-95.5718045302245,29.75003784997629,482014508032,institutional,False,0,0.8950617283950617,1084.3,3.0344827586206895,3.0344827586206895,2.5,2.2,1.92,2.0,1.8,2.4772413793103447
0e45cc3b-46d3-4f74-944a-0249f132b442,hurricane-harvey_00000431,building_crops/hurricane-harvey_00000431_0e45cc3b.png,130,36,8739.18542717325,2.2015352000000004,"POLYGON ((177.4496891663731 26.6291725536743, 66.86 26.81, 66.74507149516444 11.03478551450668, 176.5884728555662 9.69191844113753, 177.4496891663731 26.6291725536743))","POLYGON ((-95.55601922635185 29.74870935406611, -95.55655284678768 29.74869827677109, -95.5565550878675 29.74876469145722, -95.5560251924297 29.74878059222961, -95.55601922635185 29.74870935406611))",-95.55628492455172,29.748738271811014,482014310021,vacant,False,0,0.9722222222222222,0.0,4.247126436781609,4.247126436781609,2.5,2.2,1.92,2.0,1.8,3.0835632183908044
0555bdb4-7c90-4056-b500-c732f3792d64,hurricane-harvey_00000356,building_crops/hurricane-harvey_00000356_0555bdb4.png,43,35,1236.412349351741,2.2015352000000004,"POLYGON ((439.8531119779113 191.5918050384468, 461.8610524035933 187.5443677187812, 463.8847710634261 198.6748203478617, 443.900549297577 203.4811521649647, 439.8531119779113 191.5918050384468))","POLYGON ((-95.57461020102592 29.75196763540965, -95.57450443773497 29.75198674567149, -95.57449347385864 29.75194006899186, -95.57458938996064 29.75191795342041, -95.57461020102592 29.75196763540965))",-95.5745503045659,29.751953263599464,482014511003,unknown_nonres,False,0,0.9426605504587156,12.4,2.8,2.8,1.5714285714285714,2.2,1.92,2.0,1.8,2.36
00d7b980-9750-4154-bf77-d38f8dd489ae,hurricane-harvey_00000206,building_crops/hurricane-harvey_00000206_00d7b980.png,55,35,3208.3081703078647,2.2015352000000004,"POLYGON ((704.5937296214136 0, 674.4179734118819 0, 676.1078157596156 21.07953449768408, 688.4195242931046 21.07953449768408, 686.7296819453708 13.83735300739648, 693.7304573859822 11.90610460998646, 696.385923932421 25.66624944153288, 710.3874748136436 23.0107828950941, 704.5937296214136 0))","POLYGON ((-95.64117934537849 29.74029321676938, -95.64132494131081 29.74029030904963, -95.64131446036933 29.74020171248126, -95.64125505728322 29.74020289884233, -95.64126401030211 29.74023323059943, -95.6412304453037 29.74024203707863, -95.6412161135524 29.74018435323278, -95.64114885030091 29.74019688372526, -95.64117934537849 29.74029321676938))",-95.64123858252552,29.740245512364623,482014516063,commercial,False,0,0.9409190371991247,128.3,3.316688567674113,3.316688567674113,2.5,2.2,1.92,2.0,1.8,2.6183442838370565
e22bd8ef-a3db-4601-b325-f051b019c89f,hurricane-harvey_00000126,building_crops/hurricane-harvey_00000126_e22bd8ef.png,69,52,3114.901568222902,2.2015352000000004,"POLYGON ((248.1197646210837 624.4725002623992, 292.615940679443 602.3679482850207, 288.0227870218059 591.1721362445303, 242.6653946526396 611.8413277038973, 248.1197646210837 624.4725002623992))","POLYGON ((-95.64305390759299 29.81691578970826, -95.64284158202742 29.81701312815087, -95.64286499264585 29.81705980841083, -95.64308163423607 29.81696842825636, -95.64305390759299 29.81691578970826))",-95.64296284491537,29.81698829391297,482015432022,institutional,False,0,0.8835087719298246,186.9,4.410256410256411,4.410256410256411,2.5,2.2,1.92,2.0,1.8,3.1651282051282053
e433f727-60e7-4ca9-ba01-4af6f7f7c48d,hurricane-harvey_00000452,building_crops/hurricane-harvey_00000452_e433f727.png,78,76,12502.74465407801,2.2015352000000004,"POLYGON ((738.7397335985386 40.76931674908378, 744.9642332805478 82.85879078933627, 747.1872688812653 89.08329047134544, 750.1513163488887 91.89913556558768, 758.0060421380907 88.93508809796427, 758.0060421380907 91.45452844544417, 773.7154937164948 88.63868335120192, 774.0118984632572 87.30486199077139, 782.3112313726027 84.48901689652915, 790.3141595351859 89.82430233825129, 792.5371951359035 88.49048097782075, 795.2048378567646 87.45306436415255, 794.3156236164776 82.7105884159551, 797.1314687107198 80.78395756199987, 795.501242603527 76.48608873394592, 797.8724805776257 70.70619617208027, 794.6120283632399 52.47730424619626, 793.1300046294282 51.58809000590924, 792.6853975092847 49.66145915195402, 786.6091002006567 51.43988763252807, 784.8306717200827 38.24987640160387, 782.6076361193651 34.24841232031227, 772.3816723560643 37.65706690807919, 772.0852676093019 39.1390906418909, 769.7140296352032 36.91605504117334, 760.3772801121895 39.73190013541558, 760.3772801121895 40.76931674908378, 758.1542445114719 40.17650725555909, 753.2635661898933 42.10313810951431, 753.1153638165122 38.99088826850973, 751.1887329625569 38.39807877498504, 738.7397335985386 40.76931674908378))","POLYGON ((-95.58218255333905 29.71794429688386, -95.58214798833035 29.71776765752687, -95.58213659353368 29.71774165741488, -95.58212199182853 29.71773007981043, -95.58208442166858 29.71774329985886, -95.58208414997222 29.7177326913009, -95.58200867401291 29.71774602667683, -95.58200738804373 29.71775167087312, -95.58196765717014 29.71776430870769, -95.58192847712492 29.71774259682191, -95.58191789742305 29.71774842236542, -95.58190514105118 29.71775304169156, -95.58190994185884 29.71777292704603, -95.58189656646717 29.71778130451874, -95.5819048938445 29.71779924802606, -95.58189407866315 29.71782380850499, -95.58191177220378 29.71790025765663, -95.58191901712358 29.71790386235543, -95.58192136958952 29.71791193293331, -95.58195048884843 29.71790387259019, -95.5819604900404 29.7179592441143, -95.58197164509787 29.71797588374915, -95.58202060587193 29.71796056842196, -95.5820218758602 29.71795430019276, -95.58203355404679 29.71796343747745, -95.58207828931172 29.71795070196404, -95.58207817743606 29.7179463337344, -95.58208896491745 29.71794862060392, -95.58211234896059 29.71794004779889, -95.58211339949553 29.71795313853648, -95.58212275717119 29.71795545330501, -95.58218255333905 29.71794429688386))",-95.58203892712821,29.717849560283703,482014521012,commercial,False,0,0.9442148760330579,500.1,2.3513909224011713,2.3513909224011713,2.5,2.2,1.92,2.0,1.8,2.1356954612005854
92ec6caa-4eb0-4aae-848c-aa32f7ab31af,hurricane-harvey_00000381,building_crops/hurricane-harvey_00000381_92ec6caa.png,38,33,918.0192091198353,2.2015352000000004,"POLYGON ((763.5398779747134 1024, 762.4110929944135 1016.15912097606, 778.1012042205807 1010.289439078501, 781.71331615754 1024, 763.5398779747134 1024))","POLYGON ((-95.5867856880168 29.70939836782011, -95.58679197942052 29.70943127675183, -95.58671693352039 29.70945747129491, -95.5866980301369 29.70940008118438, -95.5867856880168 29.70939836782011))",-95.58674426856214,29.709422198979738,482014524022,small_multi_family,True,10,0.8663446054750402,17.3,3.3925,3.3925,2.5,2.2,1.92,2.0,1.8,2.65625
8f18039a-9582-43ad-b765-8fecf0c5214f,hurricane-harvey_00000206,building_crops/hurricane-harvey_00000206_8f18039a.png,55,69,6072.024450549458,2.2015352000000004,"POLYGON ((927.2695786739923 73.13262688675069, 952.4262569104544 71.61944323342965, 952.4262569104544 77.29388193338352, 963.3968383970318 78.99621354336968, 959.4247313070641 121.3653558363585, 940.6990835972165 115.6909171364047, 939.9424917705559 97.91100920988255, 927.8370225439877 97.72186125321741, 927.2695786739923 73.13262688675069))","POLYGON ((-95.64009687772707 29.74000672955556, -95.63997566571777 29.74001552405935, -95.63997503947883 29.73999163072498, -95.63992191941729 29.73998551931272, -95.63993640868854 29.73980673318596, -95.64002738454458 29.73982882302062, -95.64003299728111 29.73990361592974, -95.64009142603749 29.73990324643654, -95.64009687772707 29.74000672955556))",-95.64000190128401,29.739924203467357,482014516063,commercial,False,0,0.9409190371991247,242.9,3.316688567674113,3.316688567674113,2.5,2.2,1.92,2.0,1.8,2.6183442838370565
0e9fd9dc-b58b-4574-8053-207c3bd4d77e,hurricane-harvey_00000452,building_crops/hurricane-harvey_00000452_0e9fd9dc.png,67,84,11631.632374086352,2.2015352000000004,"POLYGON ((815.1577960058405 330.6039019988287, 819.1592600871321 357.2803292074395, 819.7520695806569 368.988316704552, 817.8254387267017 374.6200068930365, 820.9376885677062 388.2546252441042, 838.2773662533032 386.7726015102925, 839.1665804935902 384.1049587894314, 839.6111876137337 372.6933760390813, 848.3551276432228 373.1379831592247, 849.2443418835098 375.6574235067047, 863.1753649813398 373.8789950261306, 862.7307578611964 347.2025678175199, 860.5077222604788 324.6758070635819, 854.579627325232 323.3419857031514, 847.6141157763169 324.3794023168196, 847.7623181496981 328.3808663981112, 845.9838896691241 328.23266402473, 845.6874849223617 324.8240094369631, 829.6816285971953 326.1578307973937, 827.0139858763342 327.1952474110618, 826.5693787561906 329.1218782650171, 815.1577960058405 330.6039019988287))","POLYGON ((-95.58178267355731 29.71673108899072, -95.58176049508876 29.71661913964817, -95.5817563731411 29.71656989682793, -95.5817650595446 29.71654600224065, -95.5817485766825 29.71648888411227, -95.58166509394563 29.71649675637448, -95.58166109220194 29.71650807265847, -95.5816601778837 29.71655616505418, -95.5816179512092 29.71655511587426, -95.58161339021208 29.71654459099643, -95.58154638192808 29.71655339045645, -95.58155140266851 29.71666567458887, -95.58156455478357 29.71676031842049, -95.58159329440412 29.71676537681687, -95.58162678263601 29.71676035304202, -95.58162563631672 29.71674351809505, -95.58163423103795 29.71674397475435, -95.5816360283391 29.71675829962076, -95.58171309321712 29.71675117693172, -95.58172584947602 29.71674655763057, -95.58172778643078 29.71673840335536, -95.58178267355731 29.71673108899072))",-95.581663455193,29.71663761569066,482014521012,commercial,False,0,0.9442148760330579,465.3,2.3513909224011713,2.3513909224011713,2.5,2.2,1.92,2.0,1.8,2.1356954612005854
113b7519-8225-4057-87c8-1fdb874db90c,hurricane-harvey_00000431,building_crops/hurricane-harvey_00000431_113b7519.png,138,67,19676.485404421415,2.2015352000000004,"POLYGON ((217.6965486509006 351.4230470961484, 226.3087117589701 351.135974992546, 227.1699280697771 353.4325518213646, 244.9683984931208 354.2937681321716, 244.9683984931208 356.8774170645924, 248.1261916327462 356.8774170645924, 248.1261916327462 355.1549844429785, 265.3505178488853 356.8774170645924, 266.2117341596922 353.1454797177623, 286.0197093082521 358.5998496862063, 286.3067814118544 361.1834986186271, 295.4930887271286 362.3317870330364, 296.3543050379356 360.0352102042179, 333.0995342990322 371.8051664519129, 332.2383179882253 391.0389973932682, 303.795730981015 399.5075197855784, 214.8721904114532 385.781067214438, 215.4689926971549 351.166534643736, 217.6965486509006 351.4230470961484))","POLYGON ((-95.55579030689601 29.74734548261043, -95.55574878096468 29.74734749455162, -95.55574437987154 29.74733790455828, -95.55565840417773 29.74733593799693, -95.55565812807623 29.7473250588998, -95.55564289065413 29.74732535337523, -95.55564307472069 29.74733260610675, -95.5555597774387 29.74732695957402, -95.55555602057514 29.74734275413525, -95.55545985751796 29.74732163421122, -95.55545819621786 29.74731078188085, -95.55541374647052 29.74730680330922, -95.55540983620945 29.74731655392362, -95.55523127040735 29.74727041975668, -95.55523337099378 29.74718935059615, -95.55536971108575 29.74715103976532, -95.55580026351699 29.74720054623023, -95.5558010830231 29.74734635498044, -95.55579030689601 29.74734548261043))",-95.5555280037911,29.747247990741034,482014310012,commercial,False,0,0.878345498783455,787.1,3.037837837837838,3.037837837837838,2.5,2.2,1.92,2.0,1.8,2.478918918918919
bf8dad1d-ba74-47c6-9458-576007523376,hurricane-harvey_00000206,building_crops/hurricane-harvey_00000206_bf8dad1d.png,37,39,1501.489554139645,2.2015352000000004,"POLYGON ((774.0827023090712 280.4920182151893, 790.9168704522677 280.4920182151893, 791.295166365598 299.7851097950325, 776.3524777890528 300.1634057083627, 774.0827023090712 280.4920182151893))","POLYGON ((-95.64081310070175 29.73911884632135, -95.6407318779202 29.73912046810064, -95.64072792294886 29.73903926724583, -95.64079997775698 29.739036234809, -95.64081310070175 29.73911884632135))",-95.64076843461129,29.73907950100716,482014516063,small_multi_family,True,16,0.9409190371991247,30.1,3.316688567674113,3.316688567674113,2.5,2.2,1.92,2.0,1.8,2.6183442838370565
e7a429f5-e8cd-48d3-a0aa-30c3da92a9c2,hurricane-harvey_00000206,building_crops/hurricane-harvey_00000206_e7a429f5.png,63,63,5757.772196982562,2.2015352000000004,"POLYGON ((465.9009068241296 120.6335107466195, 479.0909180550537 119.1514870128078, 481.017548909009 115.4464276782786, 503.0997025428032 114.8536181847539, 504.1371191564714 132.9343077372566, 486.0564296039687 133.6753196041625, 487.242048591018 155.3128661178133, 478.9427156816726 158.2769135854367, 462.0476451162192 158.4251159588179, 460.4174190090263 140.9372358998398, 468.1239424248471 140.0480216595528, 465.9009068241296 120.6335107466195))","POLYGON ((-95.64231769599557 29.73976226205203, -95.64225421919036 29.73976977385074, -95.64224533262872 29.73978556041612, -95.6421388538591 29.73979018510072, -95.64213185140498 29.73971415294648, -95.64221900706558 29.73970928995301, -95.64221089663498 29.73961829527522, -95.64225061264871 29.7396050145966, -95.64233211319853 29.73960276195662, -95.64234191055235 29.7396762408116, -95.64230482559027 29.73968072789881, -95.64231769599557 29.73976226205203))",-95.64224517672005,29.739701657893995,482014516063,commercial,False,0,0.9409190371991247,230.3,3.316688567674113,3.316688567674113,2.5,2.2,1.92,2.0,1.8,2.6183442838370565
09ead4c6-e5cb-4304-870e-9e41f8ba1d61,hurricane-harvey_00000317,building_crops/hurricane-harvey_00000317_09ead4c6.png,44,59,4352.308241613167,2.2015352000000004,"POLYGON ((142.7359567215302 967.0272307368824, 145.0057322015117 1002.587046589927, 167.7034870013272 1001.263010893271, 167.7034870013272 964.5683073002357, 156.9220534714148 963.0551236469147, 147.4646556381584 965.3248991268962, 142.7359567215302 967.0272307368824))","POLYGON ((-95.59104349661412 29.49328811309873, -95.59102874242973 29.49313842518348, -95.59091951659046 29.49314613825381, -95.59092345562931 29.49330082343031, -95.59097556793616 29.49330618967271, -95.59102089433475 29.49329573331949, -95.59104349661412 29.49328811309873))",-95.59097880906829,29.493222670661172,,commercial,False,0,,174.1,,,,,,,,
3fdc4340-fbc1-404e-929f-414191869d57,hurricane-harvey_00000351,building_crops/hurricane-harvey_00000351_3fdc4340.png,74,79,8621.017129770367,2.2015352000000004,"POLYGON ((172.0833435029988 461.2646362916284, 158.5271046843769 450.6394761364923, 167.3203406748344 437.0832373178703, 162.9237226796056 433.7857738214488, 160.7254136819913 437.0832373178703, 147.1691748633693 427.9236164944771, 161.8245681807985 402.2766781889762, 169.152264839513 403.7422175207191, 189.6698154839138 418.3976108381482, 194.0664334791425 415.1001473417267, 198.4630514743713 418.3976108381482, 197.7302818084998 423.8933833321842, 202.8596694696 429.3891558262201, 176.1135766652918 461.9974059574999, 172.0833435029988 461.2646362916284))","POLYGON ((-95.58619882142709 29.76786086719646, -95.5862653966393 29.76790432578, -95.58622442587055 29.76796223647773, -95.58624600177485 29.76797570572761, -95.58625625438309 29.76796161373076, -95.58632267106272 29.76799890142915, -95.58625471688502 29.76810827522013, -95.58621919319985 29.76810279631287, -95.58611858488288 29.76804302519287, -95.5860977227317 29.76805732475244, -95.58607614682698 29.76804385547834, -95.58607908854206 29.76802064559611, -95.58605373823114 29.76799798923038, -95.58617929138032 29.76785816232987, -95.58619882142709 29.76786086719646))",-95.58619034639905,29.76799022785923,482014507003,commercial,False,0,0.8509687034277198,344.8,2.5201401050788093,2.5201401050788093,2.5,2.2,1.92,2.0,1.8,2.2200700525394046
ca60db9a-22ad-4af4-a5a7-cf20f00bece0,hurricane-harvey_00000177,building_crops/hurricane-harvey_00000177_ca60db9a.png,61,70,7748.135104067849,2.2015352000000004,"POLYGON ((965.6911217315469 541.7491845276786, 945.8305839539867 541.7491845276786, 946.437012588416 555.0906144851236, 930.0634394588243 554.4841858506943, 931.4279038862903 540.3847201002126, 925.6668318592118 539.3234699899613, 925.8184390178191 504.6054306688827, 937.3405830719762 505.2118593033121, 941.5855835129814 506.2731094135634, 941.2823691957668 509.0020382684953, 958.2623709597877 508.0923953168513, 967.6620147934422 516.5823961988618, 967.5104076348349 541.2943630518566, 965.6911217315469 541.7491845276786))","POLYGON ((-95.64065135807715 29.76821942767677, -95.64074721040713 29.76821751270225, -95.64074280913117 29.76816139474879, -95.64082189939946 29.76816236941813, -95.64081687243721 29.76822186925293, -95.64084479422121 29.76822578231547, -95.64084789970813 29.76837198330378, -95.64079222361923 29.76837054086358, -95.64077161877785 29.76836648160662, -95.64077278056911 29.76835496173719, -95.64069093090777 29.76836042920529, -95.64064462733654 29.76832558688501, -95.64064262797534 29.76822151819644, -95.64065135807715 29.76821942767677))",-95.64075321826535,29.76827673472637,482014516041,commercial,False,0,0.9735599622285175,309.9,2.253393665158371,2.253393665158371,2.5,2.2,1.92,2.0,1.8,2.0866968325791855
20abf33d-693b-4b49-95be-b88ddfa51f5f,hurricane-harvey_00000381,building_crops/hurricane-harvey_00000381_20abf33d.png,37,52,2342.719632537717,2.2015352000000004,"POLYGON ((1024 414.1160650391569, 1020.029015583496 413.9446476083348, 1019.571902434637 409.4877944069606, 1007.344125702662 408.9735421144943, 1006.829873410196 404.4024106259054, 1007.058429984625 381.7753097573902, 1024 382.2895620498564, 1024 414.1160650391569))","POLYGON ((-95.58559522189483 29.71199094003487, -95.5856143945826 29.71199128757401, -95.58561708065595 29.71201001084145, -95.58567611729158 29.71201102376915, -95.5856790913279 29.71203022283773, -95.5856804318178 29.71212551967811, -95.58559865793949 29.71212495100823, -95.58559522189483 29.71199094003487))",-95.58563698253549,29.712065189102265,482014524012,commercial,False,0,0.9377289377289377,93.7,2.8,2.8,2.5,2.2,1.92,2.0,1.8,2.36
a7991e35-2a10-46c0-8522-afaec86850de,hurricane-harvey_00000463,building_crops/hurricane-harvey_00000463_a7991e35.png,71,71,7941.541209165726,2.2015352000000004,"POLYGON ((605.1058207008783 474.3028945936943, 640.5180805881367 490.5127318660309, 654.7328609654164 490.0139676422667, 656.9772999723554 483.5300327333321, 649.4958366158924 468.0683417966418, 650.2439829515387 461.085642663943, 642.2637553713114 455.8486183144188, 645.7551049376608 448.86591918172, 625.8045359870927 438.3918704826717, 619.5699831900401 450.1128297411305, 618.3230726306297 444.3770411678422, 614.5823409523981 447.6190086223095, 605.1058207008783 474.3028945936943))","POLYGON ((-95.59871087790691 29.7589328674393, -95.59853822571633 29.75886797330765, -95.59846968325967 29.7588714216681, -95.59845955703655 29.75889893580191, -95.59849734134006 29.7589633291819, -95.59849449004761 29.75899280149156, -95.59853356981432 29.75901409557622, -95.59851748055473 29.75904382808061, -95.59861489540114 29.7590860377431, -95.59864370750567 29.75903609410976, -95.59865034832174 29.75906012693827, -95.59866804766385 29.75904612148466, -95.59871087790691 29.7589328674393))",-95.59858413877377,29.758966412958078,482014512001,commercial,False,0,0.7973640856672158,317.7,2.773755656108597,2.773755656108597,2.5,2.2,1.92,2.0,1.8,2.3468778280542986
3e4c2302-e508-433e-8417-904cf68e0039,hurricane-harvey_00000206,building_crops/hurricane-harvey_00000206_3e4c2302.png,56,68,6373.310753854446,2.2015352000000004,"POLYGON ((838.2989158301956 252.1292312999419, 853.8090482767361 252.6966751699374, 854.1873441900664 258.7494097832215, 874.4261755532352 259.6951495665471, 875.561063293226 301.1185520762104, 860.8075226733459 300.551108206215, 861.3749665433413 288.823934892977, 839.4338035701863 286.7433073696606, 838.2989158301956 252.1292312999419))","POLYGON ((-95.64050639604959 29.73924445957812, -95.64043149883236 29.73924356430298, -95.64042900551645 29.73921811452593, -95.64033125114432 29.73921608180024, -95.64032120345902 29.73904176980075, -95.64039245006954 29.73904273802604, -95.64039100660567 29.73909217223287, -95.6404970996623 29.73909881960454, -95.64050639604959 29.73924445957812))",-95.64041034462711,29.739149908280872,482014516063,commercial,False,0,0.9409190371991247,254.9,3.316688567674113,3.316688567674113,2.5,2.2,1.92,2.0,1.8,2.6183442838370565
87e3bee5-77e1-40e4-a18a-239403c1298e,hurricane-harvey_00000177,building_crops/hurricane-harvey_00000177_87e3bee5.png,53,53,4354.442002726047,2.2015352000000004,"POLYGON ((1024 641.0318988152176, 1024 664.227794082139, 1016.490446091869 664.0761869235317, 1016.490446091869 669.0792231575736, 992.0816935560885 669.8372589506102, 990.5656219700152 665.137437033783, 991.7784792388737 642.6995775598982, 998.6523618131652 641.9074272661634, 999.2068937063772 644.5325626386606, 1009.952825358857 643.5810334243505, 1009.442825358857 639.6055696887231, 1011.66242434829 639.6055696887231, 1013.495985543541 636.702431129576, 1019.18 635.72, 1024 641.0318988152176))","POLYGON ((-95.64035897257847 29.76780700208864, -95.6403564094001 29.76770933167304, -95.64039266911858 29.76770924606264, -95.64039211627026 29.76768817989498, -95.6405098351487 29.76768263479246, -95.64051767144942 29.76770227805213, -95.64051429746046 29.76779687354733, -95.64048120991428 29.76780087176391, -95.64047824350916 29.76778987163217, -95.64042648609328 29.76779491423785, -95.64042938678837 29.76781160446019, -95.64041867444388 29.76781181845139, -95.64041014602299 29.76782421940135, -95.64038282209297 29.76782890409052, -95.64035897257847 29.76780700208864))",-95.64043585919919,29.767748635642494,482014516042,commercial,False,0,0.8717948717948718,174.2,4.717073170731707,4.717073170731707,2.5,2.2,1.92,2.0,1.8,3.3185365853658535
71d63a31-b57b-4f5a-8fe8-dd81fc6f0375,hurricane-harvey_00000180,building_crops/hurricane-harvey_00000180_71d63a31.png,55,59,5928.108190476059,2.2015352000000004,"POLYGON ((239.0804177116065 530.7611245855136, 250.8047323655498 530.7611245855136, 263.994586351236 527.463661089092, 274.6197465063722 528.929200420835, 273.8869768405007 566.666838213215, 245.6753447044496 567.0332230461507, 244.9425750385782 552.0114448957859, 239.0804177116065 551.2786752299144, 239.0804177116065 530.7611245855136))","POLYGON ((-95.65256696913023 29.71194531577763, -95.65251041653886 29.7119464493728, -95.65244716008539 29.71196160917235, -95.65239574697134 29.71195646554397, -95.65239510190985 29.71179749391396, -95.65253114080872 29.71179322356473, -95.65253633914749 29.71185640447733, -95.65256469658009 29.71185892313048, -95.65256696913023 29.71194531577763))",-95.65247351034023,29.711878128008784,482014543031,commercial,False,0,0.9100775193798449,237.1,3.5811209439528024,3.5811209439528024,2.5,2.2,1.92,2.0,1.8,2.750560471976401
35e1a150-618e-4b54-9a93-51a0287cc47a,hurricane-harvey_00000499,building_crops/hurricane-harvey_00000499_35e1a150.png,64,71,7746.721719846024,2.2015352000000004,"POLYGON ((522.0055178532469 43.70007197147562, 525.6266085983907 50.21803531273443, 521.039893654542 54.32193815723072, 522.971142051952 66.63364669071957, 529.2476993435346 66.63364669071957, 532.6273840390021 78.22113707517968, 549.0429954169872 75.80707657841717, 552.664086162131 72.42739188294964, 552.9054922118072 64.70239829330956, 553.629710360836 58.90865310107951, 565.7000128446487 55.04615630625948, 560.6304858014473 35.49226628248305, 555.8023648079222 26.80164849413797, 550.9742438143973 27.28446059349048, 545.1804986221672 26.31883639478547, 539.8695655292896 29.45711504057675, 534.558632436412 30.90555133863426, 528.7648872441821 32.59539368636803, 526.833638846772 34.76804813345429, 521.039893654542 37.90632677924557, 521.039893654542 39.59616912697933, 522.0055178532469 43.70007197147562))","POLYGON ((-95.61915176604546 29.85687188107291, -95.61913356464987 29.85684479467508, -95.619155260607 29.85682708209957, -95.61914458162867 29.8567754484101, -95.61911427490567 29.85677605002033, -95.61909668173523 29.85672760332192, -95.61901768347381 29.85673933726893, -95.61900057044829 29.85675390910639, -95.61900025421784 29.85678644600621, -95.61899739434703 29.85681090074086, -95.61893953685649 29.85682831449545, -95.61896616543551 29.85691012907309, -95.61899043392505 29.85694624430266, -95.6190136937419 29.85694374943562, -95.61904177540659 29.85694725834186, -95.61906707451702 29.85693354058414, -95.61909255943702 29.85692693520672, -95.61912034909753 29.8569192674919, -95.61912943534593 29.85690993788612, -95.61915706572313 29.85689617383446, -95.61915687990206 29.85688906145002, -95.61915176604546 29.85687188107291))",-95.61905417414152,29.856843629296737,482015407002,commercial,False,0,1.0,309.9,2.373177842565598,2.373177842565598,2.5,2.2,1.92,2.0,1.8,2.146588921282799
6732fba9-ee19-49a7-ac4b-0ee7ca90d5b1,hurricane-harvey_00000206,building_crops/hurricane-harvey_00000206_6732fba9.png,32,36,2731.9691498339243,2.2015352000000004,"POLYGON ((22.2461599144703 0, 21.43372555035197 26.58739762561845, 0 25.36874607944095, 0.3104320832753427 0, 22.2461599144703 0))","POLYGON ((-95.64447161989553 29.74022742704616, -95.64447260058353 29.74011539763558, -95.64457615109501 29.74011846109909, -95.64457745791324 29.74022531071839, -95.64447161989553 29.74022742704616))",-95.64452404390893,29.740171847192467,482014544001,commercial,False,0,0.8258221680876979,109.3,2.8,2.8,2.5,2.2,1.92,2.0,1.8,2.36
5353164e-c0bd-4927-84a9-70b5334cf96b,hurricane-harvey_00000076,building_crops/hurricane-harvey_00000076_5353164e.png,73,68,4282.656059115168,1.9022960000000002,"POLYGON ((80.35445866981797 773.5544122821431, 94.54687244275628 766.3172211528963, 94.6408619379413 764.4374312491959, 120.9579205897474 750.5269859618127, 130.8268175841747 766.7871686288215, 118.7961622004919 772.9904753110329, 120.0180256378972 779.9456979547246, 116.0704668401263 782.2014458391651, 117.0373376546494 788.797297929871, 112.0496954170074 793.784940167513, 106.3139068437191 789.7948263773994, 94.8423296971424 797.0269076219804, 80.35445866981797 773.5544122821431))","POLYGON ((-95.35728053329572 30.025251127699, -95.35721265699195 30.02528279596355, -95.35721238985528 30.02529071026717, -95.3570865752109 30.02535149572239, -95.35703725667709 30.0252839623382, -95.35709478744619 30.02525682982016, -95.35708818935225 30.02522768286932, -95.35710704469382 30.02521785350455, -95.35710171484237 30.02519019593234, -95.35712532528449 30.02516878645778, -95.3571534455371 30.02518507148795, -95.35720817157919 30.02515366046055, -95.35728053329572 30.025251127699))",-95.35715713573197,30.025251362346154,482012408021,commercial,False,0,0.9578783151326054,171.3,3.220108695652174,3.220108695652174,2.5,2.2,1.92,2.0,1.8,2.570054347826087
969642ef-ccea-4987-b974-e689d7a1e601,hurricane-harvey_00000206,building_crops/hurricane-harvey_00000206_969642ef.png,92,66,14546.820641988885,2.2015352000000004,"POLYGON ((226.3265067396019 333.2183959866302, 182.2679078298821 335.9913147991301, 182.2679078298821 331.3697834449637, 170.2519263090494 331.6778855352414, 171.4843346701605 376.044586535239, 177.6463764757157 375.7364844449613, 177.9544785659934 378.2013011671834, 242.0397133437677 377.5850969866278, 243.2721217048788 351.0883172227404, 227.8670171909907 335.9913147991301, 226.3265067396019 333.2183959866302))","POLYGON ((-95.64345012668143 29.7388440349904, -95.64366239647802 29.73882811012896, -95.64366290720444 29.73884756993636, -95.64372084848792 29.73884511374449, -95.64370999925136 29.73865841845828, -95.64368030241555 29.73866031006916, -95.64367854348424 29.7386499612194, -95.64336941035168 29.7386587360799, -95.64336639199392 29.7387704245146, -95.64344238753485 29.73883250766335, -95.64345012668143 29.7388440349904))",-95.64354883544401,29.73874406938203,482014516063,commercial,False,0,0.9409190371991247,581.9,3.316688567674113,3.316688567674113,2.5,2.2,1.92,2.0,1.8,2.6183442838370565
29585398-a45e-4307-bdfd-ab0830df4ea3,hurricane-harvey_00000220,building_crops/hurricane-harvey_00000220_29585398.png,55,54,5625.3776712677345,2.2015352000000004,"POLYGON ((730.2777082101387 425.2008822592692, 764.4430575379865 424.4527359236229, 765.9393502092792 456.623028356414, 763.4455290904582 457.1217925801782, 730.2777082101387 459.116849475235, 730.2777082101387 425.2008822592692))","POLYGON ((-95.62641131925248 29.74742404135452, -95.62624654231979 29.74743046587903, -95.62623578926475 29.74729514861404, -95.62624776798611 29.74729280945935, -95.6264075943522 29.7472812301363, -95.62641131925248 29.74742404135452))",-95.62632585122134,29.747356833248688,482014516051,large_multi_family,True,40,0.7732035928143712,55.7,2.8,2.8,2.5,2.2,1.92,2.0,1.8,2.36
b47e59ed-b905-45c6-9b30-6a75e79566cc,hurricane-harvey_00000025,building_crops/hurricane-harvey_00000025_b47e59ed.png,85,62,5831.236365616731,1.9022960000000002,"POLYGON ((866.574123133514 117.7884154953249, 881.7015378561849 116.2167360436188, 880.5227782674054 109.1441785109415, 894.8643532642233 107.3760391277722, 894.2749734698335 101.2857812524112, 918.6360049712775 98.14242234899902, 919.4218446971306 103.8397603614335, 923.3510433263958 103.6433004299703, 923.547503257859 107.1795791963089, 928.6554614759037 106.5901994019191, 930.4236008590731 124.4680531650757, 911.366987507137 126.236192548245, 912.5457470959166 132.9158302179958, 883.8625971022808 137.8273285045773, 883.2732173078911 133.8981298753121, 871.092701557169 135.0768894640916, 868.9316423110731 135.4698093270181, 866.7705830649774 118.1813353582514, 866.574123133514 117.7884154953249))","POLYGON ((-95.4164645337477 29.75189177786362, -95.41639169401284 29.75189972977113, -95.41639809692153 29.75192940671591, -95.41632906913905 29.75193811654304, -95.41633252866812 29.75196370922676, -95.41621529007519 29.75197909319693, -95.41621092224399 29.75195517232475, -95.41619198141578 29.75195634601593, -95.41619067605748 29.75194147289278, -95.4161660867304 29.75194440500673, -95.41615574798101 29.75186928142824, -95.41624752853183 29.75186015595552, -95.41624116537626 29.75183213349431, -95.41637908183509 29.75180892317548, -95.41638232298881 29.75182541614243, -95.41644098189039 29.75181937859523, -95.41645137054141 29.75181753353876, -95.41646354600744 29.75189014069407, -95.4164645337477 29.75189177786362))",-95.41630538185908,29.751890124645854,482014111001,commercial,False,0,0.794314381270903,233.2,2.7263157894736842,2.7263157894736842,2.5,2.2,1.92,2.0,1.8,2.323157894736842
a2b3a150-a2e3-41d4-8960-daa4e3c2d5eb,hurricane-harvey_00000477,building_crops/hurricane-harvey_00000477_a2b3a150.png,66,66,6194.772898114335,2.2015352000000004,"POLYGON ((636.0388657082307 793.4308215363852, 659.9795484489124 814.1295368225996, 660.7276947845587 817.1221221651848, 640.7771258339906 839.815894346456, 637.2857762676412 840.3146585702202, 613.5944756388416 819.1171790602416, 613.0957114150774 813.3813904869533, 630.5524592468245 794.9271142076778, 634.7919551488202 793.4308215363852, 636.0388657082307 793.4308215363852))","POLYGON ((-95.59336326683811 29.74906576328089, -95.59324550172764 29.74898087433553, -95.59324156719168 29.74896834448246, -95.59333537310538 29.74887090162553, -95.59335216571905 29.74886847112239, -95.59346878152813 29.7489554836852, -95.59347181026084 29.74897958772399, -95.59338957800733 29.74905894375512, -95.5933692835293 29.74906564528093, -95.59336326683811 29.74906576328089))",-95.59335915775621,29.748968630298503,482014513021,commercial,False,0,0.9543080939947781,247.8,2.8707386363636362,2.8707386363636362,2.5,2.2,1.92,2.0,1.8,2.3953693181818183
895d57ef-a377-4585-be7a-f405582984c1,hurricane-harvey_00000180,building_crops/hurricane-harvey_00000180_895d57ef.png,94,89,13247.453666298516,2.2015352000000004,"POLYGON ((888.2237472372376 632.0376308357244, 885.9326614386348 622.6970502721902, 898.6217520155116 616.3525049837517, 904.4375851965801 622.5208129030668, 906.7286709951829 616.7049797219983, 910.6058931158952 608.9505354805736, 926.4672563369912 599.2574801787928, 937.2177358535118 615.4713181381353, 924.5286452766351 623.22576237956, 929.4632916120871 630.2752571444915, 939.6850590212379 622.8732876413134, 953.4315738128544 642.6118729831217, 928.5821047664707 656.0059130364916, 923.8236958001419 650.1900798554232, 922.5900342162788 650.7187919627929, 921.1801352632925 653.3623524996423, 926.6434937061144 664.9940188617793, 914.8355899748542 669.2237157207383, 910.9583678541418 660.5880846336971, 896.3306662169089 667.2851046603821, 878.1782171972102 639.2633629697792, 888.2237472372376 632.0376308357244))","POLYGON ((-95.64942459729035 29.71158160046141, -95.6494366817432 29.71162070941338, -95.64937617744474 29.71164864969083, -95.64934744223119 29.71162323854983, -95.64933703449377 29.71164794842321, -95.64931919043366 29.71168097434293, -95.64924375492238 29.71172332041881, -95.64919010606228 29.71165608722905, -95.64925045445811 29.71162221039704, -95.64922587223329 29.71159300373596, -95.64917738605855 29.71162515814267, -95.64910889595393 29.71154337262899, -95.64922727632609 29.711484575028, -95.64925087196818 29.71150860415266, -95.64925676407584 29.71150625878352, -95.64926327232004 29.71149499144095, -95.64923563299061 29.71144654176698, -95.64929212074553 29.71142759160683, -95.64931177790153 29.71146357908723, -95.64938159404689 29.71143396747197, -95.64947225277113 29.71155020506948, -95.64942459729035 29.71158160046141))",-95.64929862840143,29.711563433170557,482014543032,commercial,False,0,1.0,529.9,2.737201365187713,2.737201365187713,2.5,2.2,1.92,2.0,1.8,2.3286006825938568
6fcefd92-5d35-4e9f-80d6-2379a6232d39,hurricane-harvey_00000006,building_crops/hurricane-harvey_00000006_6fcefd92.png,39,77,3181.1857274417707,1.9022960000000002,"POLYGON ((0 393.6647266314519, 6.599033478783797 389.9675015481187, 28.16617979822708 426.0154461106168, 0 444.8096736175602, 0 393.6647266314519))","POLYGON ((-95.47943024849214 29.77278951605431, -95.47939878133259 29.77280568166332, -95.47929094457345 29.77265584489556, -95.47942494064932 29.77257415678332, -95.47943024849214 29.77278951605431))",-95.47938046931674,29.77268711448252,482014316003,commercial,False,0,0.9106666666666666,127.2,5.454128440366972,5.454128440366972,1.4504504504504505,2.2,1.3575,1.0625,1.8,3.405814220183486
595009b0-0099-4533-9354-25ca8a7e1b22,hurricane-harvey_00000025,building_crops/hurricane-harvey_00000025_595009b0.png,65,70,5263.994121621992,1.9022960000000002,"POLYGON ((794.2958569904822 486.3128491985593, 828.0326047786934 478.6948738915438, 837.3918315844553 519.1789712373973, 803.2197709215574 526.5792901070695, 793.6428876784523 486.7481620732459, 794.2958569904822 486.3128491985593))","POLYGON ((-95.41677607258343 29.75033363386239, -95.41661404558282 29.75036868646551, -95.41656479148028 29.75019904268876, -95.41672894083098 29.75016486827143, -95.41677917949575 29.75033174327741, -95.41677607258343 29.75033363386239))",-95.41667175806364,29.750266533604076,482014111001,commercial,False,0,0.794314381270903,210.6,2.7263157894736842,2.7263157894736842,2.5,2.2,1.92,2.0,1.8,2.323157894736842
6cfdc7f5-151f-4d4c-b6f6-dc40b1dcfef0,hurricane-harvey_00000126,building_crops/hurricane-harvey_00000126_6cfdc7f5.png,27,39,664.9636869467894,2.2015352000000004,"POLYGON ((912.0350348310362 33.60092406164976, 918.5798358370591 33.42403754797346, 919.7295981759551 53.67754336390922, 912.7425808857414 53.85442987758551, 912.0350348310362 33.60092406164976))","POLYGON ((-95.6399147020464 29.81946692136434, -95.6398831302596 29.81946829750648, -95.63987533894694 29.81938315980659, -95.63990904525701 29.81938174099137, -95.6399147020464 29.81946692136434))",-95.63989551599764,29.819424566715746,482015432022,institutional,False,0,0.8835087719298246,39.9,4.410256410256411,4.410256410256411,2.5,2.2,1.92,2.0,1.8,3.1651282051282053
cfab2a7c-1e0e-472c-95d4-f0b78b45d27b,hurricane-harvey_00000076,building_crops/hurricane-harvey_00000076_cfab2a7c.png,68,88,6584.976186668508,1.9022960000000002,"POLYGON ((336.1867117508274 977.9655056589539, 325.4550623940904 989.9450212199628, 340.2403755222173 1004.229137292899, 337.0635950061005 1018.15809801741, 314.9906178881179 1024, 299.5606178881179 1024, 294.4671785914546 1014.454713493552, 306.4863006228647 1006.85077914715, 307.4425426760327 1006.213284445038, 297.7101255669059 991.2403350463812, 311.1867047288851 981.2576838152855, 301.9632060016293 968.5442125966359, 317.33 957.74, 336.1867117508274 977.9655056589539))","POLYGON ((-95.35602366722192 30.02441355770498, -95.35607434455268 30.02436224408401, -95.35600146131624 30.024303447038, -95.3560154296854 30.02424458844827, -95.35612153367917 30.02421810686056, -95.35619611146295 30.02421677075709, -95.35622167943511 30.02425647601585, -95.3561643440792 30.02428949800844, -95.35615978570982 30.02429226203633, -95.35620831538908 30.02435439368923, -95.35614417234109 30.02439754647648, -95.35619001746423 30.0244502191102, -95.35611682010419 30.024496990954, -95.35602366722192 30.02441355770498))",-95.35611099449459,30.024337203100792,482012408021,commercial,False,0,0.9578783151326054,263.4,3.220108695652174,3.220108695652174,2.5,2.2,1.92,2.0,1.8,2.570054347826087
08f16844-3aae-4663-9efd-47d2d63a6f2e,hurricane-harvey_00000206,building_crops/hurricane-harvey_00000206_08f16844.png,54,73,6461.4857669367375,2.2015352000000004,"POLYGON ((772.9011401388962 552.8815865399081, 781.7910941021571 550.4226631032614, 791.0593439787484 551.1792549299219, 791.2484919354135 564.0413159831506, 807.1369202952843 564.7979078098111, 807.1369202952843 603.9515348394928, 791.2484919354135 603.9515348394928, 789.9244562387577 595.0615808762317, 782.1693900154874 595.0615808762317, 782.5476859288177 587.3065146529614, 774.0360278788869 587.3065146529614, 773.8468799222218 573.4987138164071, 774.225175835552 567.8242751164532, 772.9011401388962 552.8815865399081))","POLYGON ((-95.64078873264931 29.73797178343318, -95.64074611163493 29.7379829936218, -95.64070131046195 29.73798070068721, -95.64069897811032 29.73792656069867, -95.64062223579428 29.73792490546925, -95.64061791406898 29.73776004149417, -95.64069457274556 29.7377585109567, -95.64070194225725 29.73779581629105, -95.64073935900373 29.73779506922397, -95.64073838982762 29.73782775988085, -95.64077945700012 29.73782693991651, -95.64078189378435 29.73788506212291, -95.64078069495206 29.73790899189256, -95.64078873264931 29.73797178343318))",-95.64070044707826,29.73786990028365,482014516063,commercial,False,0,0.9409190371991247,258.5,3.316688567674113,3.316688567674113,2.5,2.2,1.92,2.0,1.8,2.6183442838370565
54e8bdb8-9ae6-45cb-80db-16be79600ff2,hurricane-harvey_00000508,building_crops/hurricane-harvey_00000508_54e8bdb8.png,54,59,5305.5228482708035,2.2015352000000004,"POLYGON ((160.0878136528212 235.0851904644884, 159.589049429057 258.5271089814059, 156.8137486412563 260.4209301002269, 156.6017305275392 261.5850314048489, 157.1264008238465 272.7414467002675, 157.9112770887847 273.5073202491165, 169.4964314614386 273.1073202491165, 170.0930674905132 272.5081133669341, 169.8137160162231 267.2554828972794, 179.7890004915072 266.5073365616331, 180.3371468271535 269.7147349065313, 181.1597341571798 270.1747800336008, 189.4930674905132 267.7747800336008, 190.1470004120067 266.6221495639461, 191.2605776380838 253.5394667437639, 188.5173744073807 247.5542960585934, 189.9020632378364 236.4731135616698, 189.2309516334579 235.3679059097038, 176.9353965711697 235.1731135616698, 175.981602146609 235.9012392430371, 176.0482688132757 237.0802473595452, 174.3025940301009 236.3321010238989, 174.3692606967676 235.137044128842, 173.8353965711697 234.2731135616698, 161.2586017836845 233.6781511754036, 160.0878136528212 235.0851904644884))","POLYGON ((-95.62110364232547 29.8646514771183, -95.62110347034759 29.86455276474575, -95.62111666359567 29.86454452757876, -95.62111755927113 29.86453960765915, -95.62111379758474 29.86449270184442, -95.62110992317156 29.86448955366998, -95.62105402339374 29.86449234875486, -95.62105120824344 29.86449492799555, -95.62105313540344 29.8645170089527, -95.62100504786825 29.86452111487222, -95.62100204785744 29.86450766786555, -95.62099802500701 29.86450581050481, -95.62095804815435 29.8645167113517, -95.62095501723537 29.86452162538833, -95.62095107990308 29.86457679583911, -95.62096498543991 29.86460172360033, -95.62095951862187 29.86464849596025, -95.6209628810274 29.86465308327454, -95.62102227684804 29.86465272348256, -95.62102680250524 29.86464956737013, -95.62102635079555 29.86464461144744, -95.62103486289006 29.86464759283042, -95.62103467250942 29.86465262909303, -95.62103734560083 29.86465621406372, -95.62109814355786 29.86465751152721, -95.62110364232547 29.8646514771183))",-95.62103579660564,29.864577291021927,482015407004,commercial,False,0,0.8129496402877698,212.2,2.6149425287356323,2.6149425287356323,2.5,2.2,1.92,2.0,1.8,2.267471264367816
44a871cb-1312-4d9e-b98e-426443a3700d,hurricane-harvey_00000180,building_crops/hurricane-harvey_00000180_44a871cb.png,61,58,5708.0212515370085,2.2015352000000004,"POLYGON ((239.1374104126022 472.7053020191884, 249.4248349678235 473.6405224332994, 248.957224760768 455.4037243581344, 259.2446493159892 449.7924018734682, 274.6757861488212 452.5980631158013, 275.6110065629322 475.5109632615215, 281.6899392546539 476.913793882688, 281.6899392546539 486.7336082308537, 264.8559718006554 488.6040490590757, 248.022004346657 488.6040490590757, 239.1374104126022 488.6040490590757, 239.1374104126022 472.7053020191884))","POLYGON ((-95.65257312461432 29.71218977522609, -95.65252339920086 29.71218683199783, -95.65252767466615 29.71226357593373, -95.65247867430654 29.71228819802665, -95.65240393074124 29.71227787627011, -95.65239688192607 29.71218148800732, -95.65236740456604 29.7121761688756, -95.6523663169812 29.712134820867, -95.65244730913459 29.71212531749286, -95.65252850844007 29.71212368988022, -95.6525713636264 29.71212283084238, -95.65257312461432 29.71218977522609))",-95.65246870567674,29.712194026113902,482014543031,commercial,False,0,0.9100775193798449,228.3,3.5811209439528024,3.5811209439528024,2.5,2.2,1.92,2.0,1.8,2.750560471976401
cd3f50cf-1748-46af-85ee-e655fda8738d,hurricane-harvey_00000477,building_crops/hurricane-harvey_00000477_cd3f50cf.png,67,72,7407.358295529449,2.2015352000000004,"POLYGON ((276.2490180022344 203.6903535340605, 260.0166466402001 242.8390138777904, 264.7908735113867 245.0669864176774, 286.1157535360201 253.9788765772257, 291.2082621986191 253.3423129944008, 307.7589153520659 211.329116527959, 303.3029702722917 208.1462986138346, 278.4769905421215 201.4623809941734, 276.2490180022344 203.6903535340605))","POLYGON ((-95.59516335466789 29.75151487438089, -95.59523743310042 29.75134849710973, -95.59521415382218 29.75133956813335, -95.59511028593516 29.7513040631823, -95.59508578173464 29.75130722578498, -95.59501047811757 29.75148569458782, -95.59503232521001 29.75149867422769, -95.59515284564307 29.75152446651899, -95.59516335466789 29.75151487438089))",-95.59512282930137,29.751415302160318,482014513021,commercial,False,0,0.9543080939947781,296.3,2.8707386363636362,2.8707386363636362,2.5,2.2,1.92,2.0,1.8,2.3953693181818183
a07c754f-93de-47cd-9176-1303bc696f59,hurricane-harvey_00000508,building_crops/hurricane-harvey_00000508_a07c754f.png,55,49,4537.377633521375,2.2015352000000004,"POLYGON ((697.0720753353244 900.6992694051037, 696.8226932234422 875.2622939931294, 710.7880914888399 875.0129118812473, 711.286855712604 871.77094442678, 716.7732621740103 871.77094442678, 716.7732621740103 875.2622939931294, 732.2349531107005 875.2622939931294, 732.7337173344647 899.4523588456932, 730.98804255129 898.9535946219289, 730.98804255129 901.44741574075, 697.0720753353244 900.6992694051037))","POLYGON ((-95.61843738648749 29.86190146820456, -95.61844138765231 29.8620085060741, -95.6183739787753 29.86201089413094, -95.6183719268012 29.86202458705964, -95.61834543396488 29.86202511286248, -95.61834505008315 29.86201041810872, -95.61827038846067 29.86201189988727, -95.61826532035512 29.86191013402753, -95.61827380472342 29.86191206598359, -95.61827353053091 29.86190156973012, -95.61843738648749 29.86190146820456))",-95.61835364363277,29.86195742839696,482015407003,commercial,False,0,1.0,181.5,1.6143250688705235,1.6143250688705235,2.5,2.2,1.92,2.0,1.8,1.7671625344352617
084c2a8e-7b9c-4c73-a888-bd3fc09dd027,hurricane-harvey_00000156,building_crops/hurricane-harvey_00000156_084c2a8e.png,63,62,5038.84445607442,2.2015352000000004,"POLYGON ((562.8484861611857 578.6287593654849, 578.3685529948394 580.4281874041694, 578.593481499675 585.8264715202229, 589.1651212269463 586.276328529894, 588.2654072076041 590.7748986266052, 601.086331983231 593.2491121797964, 598.1622614203687 608.0943934989434, 571.6206978497726 604.9453944312455, 572.2954833642793 621.3651752842414, 557.2252735402967 619.3408187407214, 562.8484861611857 578.6287593654849))","POLYGON ((-95.63798863654401 29.78105920900258, -95.637913524016 29.78105312768137, -95.63791184202333 29.78103041892642, -95.6378607641286 29.78102954336395, -95.63786461005898 29.78101051464753, -95.63780245151236 29.78100133188004, -95.63781492597177 29.78093854145349, -95.63794338705576 29.78094924344778, -95.63793831622667 29.78088017008249, -95.63801128206127 29.78088724184693, -95.63798863654401 29.78105920900258))",-95.63792495480372,29.78097611079322,482014505001,commercial,False,0,0.9020979020979021,201.6,3.365979381443299,3.365979381443299,2.5,2.2,1.92,2.0,1.8,2.6429896907216497
933fe075-27a9-4c16-8961-5020ee53472f,hurricane-harvey_00000006,building_crops/hurricane-harvey_00000006_933fe075.png,89,89,8024.546099031761,1.9022960000000002,"POLYGON ((474.5573465047985 746.5564688546012, 471.0551325881111 751.2260874101845, 480.4880695708098 760.6590243928831, 466.6377625333414 778.0708389542721, 474.129468368139 780.4366407968398, 469.4846098273283 787.0168570629886, 477.24 794.52, 468.4999052532767 806.6125834774202, 442.586635190154 789.967563290889, 413.6320687165303 766.0054892098533, 423.1043956536457 753.2728596978538, 440.1277117535073 763.8651452711013, 448.2610738901079 753.462007654519, 452.9897728067361 740.5999466012903, 463.13 739.75, 474.5573465047985 746.5564688546012))","POLYGON ((-95.47710316201339 29.77134651603307, -95.47711958142798 29.77132653655752, -95.4770730750805 29.77128766982409, -95.47713811877681 29.77121309988229, -95.47710171457756 29.77120381566139, -95.47712345088833 29.77117568774311, -95.47708524140582 29.7711447951961, -95.47712617195026 29.77109308554484, -95.47725296869275 29.77116082998678, -95.47739520319915 29.77125910961605, -95.47735080496197 29.77131358067004, -95.47726754314431 29.77127051887413, -95.47722936585839 29.77131505981577, -95.4772078762071 29.77136964674666, -95.47715902217585 29.77137414289693, -95.47710316201339 29.77134651603307))",-95.47720632096596,29.771240893964258,482014316001,commercial,False,0,0.847457627118644,321.0,2.3544600938967135,2.3544600938967135,2.5,2.2,1.92,2.0,1.8,2.137230046948357
2e27b5a3-c547-42d4-9923-9ae99252c648,hurricane-harvey_00000381,building_crops/hurricane-harvey_00000381_2e27b5a3.png,25,36,1178.9024172268819,2.2015352000000004,"POLYGON ((0 736.9351890158458, 15.32211607643574 737.3221758583929, 15.51560949770929 722.0361955777827, 0 720.6817416288678, 0 736.9351890158458))","POLYGON ((-95.59049959226715 29.71053506163393, -95.59042564500315 29.71053487883744, -95.59042636497904 29.71059926112786, -95.59050135023726 29.71060349932364, -95.59049959226715 29.71053506163393))",-95.59046361573289,29.71056825795851,482014525012,small_multi_family,True,13,0.9586894586894587,24.9,1.0,1.0,2.5,2.2,1.92,2.0,1.8,1.46
c634e76e-0422-4f98-9fc7-3d07b81f2100,hurricane-harvey_00000431,building_crops/hurricane-harvey_00000431_c634e76e.png,127,66,14657.652558773727,2.2015352000000004,"POLYGON ((223.6770298220091 68.15894319950065, 256.2356623814775 76.22656896644857, 256.3797271273158 74.35372727054994, 262.1423169608501 73.63340354135816, 262.8626406900418 75.50624523725678, 287.7874713714365 79.74207469517627, 288.9608028234572 76.22208033911394, 295.5314589547736 78.33407695275133, 295.0621263739653 80.6807398567929, 315.2434273487227 82.79273647043028, 315.712759929531 81.1500724376012, 322.2834160608473 80.91540614719705, 322.9874149320598 83.2620690512386, 325.5687441265055 83.2620690512386, 323.2900514652306 115.319164702178, 217.4256545034594 94.34142705537545, 220.3527806867342 69.46085449753981, 223.6770298220091 68.15894319950065))","POLYGON ((-95.5557917221975 29.74853879415806, -95.55563375169422 29.7485078598112, -95.55563325667356 29.74851575931117, -95.55560552687479 29.74851932980805, -95.55560185088105 29.74851151091679, -95.5554811260463 29.7484959992169, -95.55547584041284 29.74851093044293, -95.55544390870202 29.74850265006888, -95.55544592265056 29.74849272509555, -95.55534831420357 29.74848571386581, -95.5553462250182 29.74849267447548, -95.55531454407554 29.74849427527849, -95.55531089624839 29.74848445971315, -95.55529844031349 29.7484847004072, -95.55530601044657 29.74834950353434, -95.55581908926389 29.7484279633037, -95.55580762387389 29.74853300211044, -95.5557917221975 29.74853879415806))",-95.55554822247201,29.748447032914928,482014310021,commercial,False,0,0.9722222222222222,586.3,4.247126436781609,4.247126436781609,2.5,2.2,1.92,2.0,1.8,3.0835632183908044
c866145c-f165-41b8-b3ca-8ead4726bb97,hurricane-harvey_00000024,building_crops/hurricane-harvey_00000024_c866145c.png,36,49,1098.4928348006729,1.9022960000000002,"POLYGON ((996.8331313658724 77.20776559941437, 997.0653722408262 95.78703559571449, 995.9041678660575 98.00039711467647, 995.9041678660575 104.1624389202317, 985.8016898055693 103.5369202817127, 985.3372080556617 84.49316853550512, 983.4918013561768 82.86162546274241, 983.6269321338734 77.72145344796232, 996.016500275972 77.57738870212397, 996.8331313658724 77.20776559941437))","POLYGON ((-95.38175983831799 29.77426118323603, -95.38175686506635 29.77418296874758, -95.38176224927163 29.77417354759921, -95.38176163494177 29.77414760010944, -95.38181045964122 29.77414935541555, -95.38181460021373 29.77422950556853, -95.38182367023695 29.77423621525895, -95.38182353045991 29.77425787155099, -95.3817637431628 29.7742595557791, -95.38175983831799 29.77426118323603))",-95.38178721394448,29.774206472991278,482015102021,small_multi_family,True,12,0.9615384615384616,23.1,4.145161290322581,4.145161290322581,2.5,2.2,1.92,2.0,1.8,3.0325806451612904
2e85ac2e-4689-4f51-a5a9-103385cd4457,hurricane-harvey_00000356,building_crops/hurricane-harvey_00000356_2e85ac2e.png,56,74,8454.898548661213,2.2015352000000004,"POLYGON ((353.4668900050093 69.39256548507112, 373.4511117708584 69.13960065259202, 385.5934237298554 69.64553031755023, 384.0589317042467 85.94846539034214, 381.5292833794556 91.21743059744884, 382.304880907627 93.9301542355441, 382.0519160751479 112.9025166714768, 381.0400567452315 113.9143760013932, 380.0281974153151 119.2266374834544, 379.5222677503569 123.27407480312, 353.9728196699675 124.5388989655155, 349.4194526853436 118.214778153538, 350.9372416802183 98.48352122016796, 348.9135230203854 91.90643557571127, 353.4668900050093 69.39256548507112))","POLYGON ((-95.57504021709669 29.7524740601814, -95.57494381023167 29.75247700332401, -95.5748851628671 29.75247601403686, -95.57489081189972 29.75240722336298, -95.57490245132034 29.75238479971442, -95.57489841653226 29.75237345018018, -95.57489759406818 29.75229353982004, -95.5749023678315 29.75228918411786, -95.57490667848049 29.75226672078862, -95.57490868397345 29.75224963077408, -95.57503183665744 29.75224190406649, -95.57505449002223 29.75226810502513, -95.57504929092326 29.75235132970262, -95.5750597647264 29.75237883353665, -95.57504021709669 29.7524740601814))",-95.57497369874052,29.752363033431255,482014511003,unknown_nonres,False,0,0.9426605504587156,84.5,2.8,2.8,1.5714285714285714,2.2,1.92,2.0,1.8,2.36
79cf13b6-0a49-492c-ab47-6da77c4be4ff,hurricane-harvey_00000220,building_crops/hurricane-harvey_00000220_79cf13b6.png,56,52,5915.048826905424,2.2015352000000004,"POLYGON ((638.5003222980505 19.38029340869315, 638.9990865218147 52.29873217713053, 675.6582569684836 52.79749640089474, 675.1594927447194 19.13091129681105, 638.5003222980505 19.38029340869315))","POLYGON ((-95.62689875508477 29.74912404763751, -95.62689273208247 29.7489854846514, -95.62671578201534 29.7489868985647, -95.62672188695738 29.74912861181953, -95.62689875508477 29.74912404763751))",-95.62680695788087,29.749056269852982,482014516051,large_multi_family,True,40,0.7732035928143712,55.7,2.8,2.8,2.5,2.2,1.92,2.0,1.8,2.36
6411704b-2841-4a4e-a2f9-e2aed41437a1,hurricane-harvey_00000391,building_crops/hurricane-harvey_00000391_6411704b.png,70,48,6350.001666876998,2.2015352000000004,"POLYGON ((647.0171115101435 343.1733217156371, 647.5014680536636 343.5481847699673, 647.4805496685951 343.5481847699673, 650.0098412082659 368.8411001666752, 601.63 371.76, 599.5571969898405 352.395390413895, 600.2319825043471 343.3982502204727, 609.6789797074406 342.9483932108016, 618.4511913960274 343.8481072301438, 633.2964727151744 343.3982502204727, 639.3695423457345 342.723464705966, 643.8681124424457 342.723464705966, 647.0171115101435 343.1733217156371))","POLYGON ((-95.60357598648066 29.76370339122763, -95.60357360816725 29.7637018588743, -95.60357370911814 29.76370185688604, -95.60355874753407 29.76359559946192, -95.60379190750982 29.7635787106171, -95.60380402046643 29.76366004979527, -95.60380174422032 29.76369799710374, -95.60375620258965 29.76370078925401, -95.6037137704007 29.76369783477285, -95.60364217696711 29.76370114000685, -95.60361294220516 29.76370455849171, -95.60359123237158 29.76370498607797, -95.60357598648066 29.76370339122763))",-95.60368472940029,29.763643608211325,482014507001,commercial,False,0,0.8839103869653768,254.0,3.5920398009950247,3.5920398009950247,2.5,2.2,1.92,2.0,1.8,2.7560199004975123
48c3cdaf-3561-47ff-bc04-51260e3b7881,hurricane-harvey_00000431,building_crops/hurricane-harvey_00000431_48c3cdaf.png,130,58,17883.58449011197,2.2015352000000004,"POLYGON ((66.8850923498215 204.4266381704885, 84.50882926215036 204.2504008013652, 85.56625347689008 201.6068402645159, 90.85337455058873 201.2543655262693, 91.02961191971202 204.6028755396118, 101.6038540671093 205.1315876469816, 101.427616697986 203.1929765866255, 108.3008740937943 203.3692139557488, 108.3008740937943 204.6028755396118, 116.5840304425889 204.4266381704885, 116.9365051808354 202.4880271101323, 124.3384746840135 201.4306028953926, 124.5147120531368 204.0741634322419, 161.1720848307808 204.7791129087351, 161.1720848307808 202.6642644792556, 167.3403927500959 202.311789741009, 168.2215795957124 204.6028755396118, 176.3284985753837 205.1315876469816, 175.6235490988905 239.8503493642695, 130.8592573415752 238.2642130421599, 128.7444089120958 240.202824102516, 66.18014287332835 232.6246172302147, 66.00390550420506 205.3078250161049, 66.8850923498215 204.4266381704885))","POLYGON ((-95.5565337373828 29.74795038066211, -95.55644871524686 29.74795276680057, -95.55644389538595 29.74796399680366, -95.55641842076807 29.74796597418819, -95.55641721240447 29.74795189090276, -95.55636613129656 29.74795065102048, -95.55636718893862 29.74795879758008, -95.55633400411274 29.74795869663272, -95.55633387223939 29.74795350199669, -95.5562939218129 29.74795501673647, -95.55629242821925 29.74796321261462, -95.55625682402992 29.74796835560185, -95.55625569104267 29.74795724067723, -95.55607873040584 29.74795769150006, -95.55607895645196 29.74796659659218, -95.55604922976976 29.7479686560951, -95.55604473283871 29.74795909109989, -95.55600555746247 29.74795762095106, -95.55600524829515 29.74781136326287, -95.55622142167634 29.7478138668353, -95.55623141936161 29.7478055065705, -95.556534124544 29.74783158037875, -95.55653789522866 29.74794658800458, -95.5565337373828 29.74795038066211))",-95.55626239980046,29.747886674654325,482014310021,commercial,False,0,0.9722222222222222,715.3,4.247126436781609,4.247126436781609,2.5,2.2,1.92,2.0,1.8,3.0835632183908044
de08aa7b-7f76-4601-a8cb-39a391cc293b,hurricane-harvey_00000025,building_crops/hurricane-harvey_00000025_de08aa7b.png,103,95,11632.714696802206,1.9022960000000002,"POLYGON ((479.7112404276061 416.3429821895044, 499.9532891005329 411.7721970052951, 503.4357920980257 424.1786139338631, 518.23642983737 421.1314238110569, 514.3186139651906 404.8071910103096, 542.6139508198194 398.2774978900106, 548.4906746280884 422.6550188724601, 531.7311289526544 427.4434604940126, 535.2136319501473 440.0675338599239, 524.3308100829823 442.8970675453868, 527.813313080475 460.0919260955073, 476.0110809927701 470.5394350879857, 467.7401363737247 436.1497179877446, 483.1937434250989 432.884871427595, 479.7112404276061 416.3429821895044))","POLYGON ((-95.41830117691498 29.75060050887319, -95.41820396087758 29.750621541576, -95.41818590143663 29.7505696084128, -95.41811478892716 29.75058374539902, -95.41813534511797 29.75065213715093, -95.41799946578907 29.7506821288098, -95.41796864264333 29.7505799993911, -95.41804903183821 29.75055835764237, -95.4180309504808 29.75050550795297, -95.41808317950998 29.75049263320902, -95.41806463596343 29.75042053703583, -95.41831355129237 29.75037197403536, -95.41835694056118 29.7505160510447, -95.41828269922165 29.75053116223941, -95.41830117691498 29.75060050887319))",-95.4181689659997,29.75051952351789,482014111001,commercial,False,0,0.794314381270903,465.3,2.7263157894736842,2.7263157894736842,2.5,2.2,1.92,2.0,1.8,2.323157894736842
9f94d1b3-90a5-4b6c-be11-81b4e55a3a3e,hurricane-harvey_00000024,building_crops/hurricane-harvey_00000024_9f94d1b3.png,166,237,93877.3310142345,1.9022960000000002,"POLYGON ((412.9089126042415 605.9352604480994, 492.5729089974049 606.6594785971282, 493.7799392457861 607.8665088455094, 526.8525680514327 606.9008846468045, 530.7150648462527 608.3493209448619, 531.922095094634 611.246193540977, 530.7150648462527 618.9711871306171, 530.4736587965765 625.0063383725234, 529.990846697224 696.2211230270178, 531.1978769456052 697.1867472257229, 531.1978769456052 700.8078379708667, 531.049674572224 734.1533719816299, 526.603603370789 733.7087648614864, 526.1589962506454 736.3764075823475, 526.1589962506454 737.5620265693968, 528.6784365981254 737.5620265693968, 528.382031851363 744.8239428650742, 530.7532698254616 745.1203476118366, 529.8640555851747 756.2355256154243, 528.8266389715064 759.7923825765724, 522.1575321693538 761.8672158039087, 520.9719131823044 779.9479053564115, 490.4580008347333 779.7821520867773, 489.8417966541778 820.1435259131639, 389.400515223628 821.0678321839971, 388.4762089527947 815.5219945589974, 388.4762089527947 741.577492892335, 389.0924131333502 739.4207782603906, 390.632923584739 736.6478594478908, 390.3248214944612 730.4858176423356, 389.400515223628 727.404796739558, 389.7086173139057 725.8642862881692, 409.4271510916823 724.3237758367804, 410.6595594527934 623.2662902256751, 412.2000699041822 613.4070233367868, 411.8919678139044 606.3206752603983, 412.9089126042415 605.9352604480994))","POLYGON ((-95.38452553441029 29.77198397391469, -95.38414095133042 29.7719878600786, -95.38413500496306 29.77198288252981, -95.38397547103882 29.77198982767915, -95.38395668356154 29.77198406475235, -95.38395056859285 29.77197197151572, -95.38395562372503 29.77193933762723, -95.38395618673002 29.7719139034738, -95.38395141143589 29.77161398639315, -95.38394548918748 29.77161002535946, -95.38394512788648 29.77159477747495, -95.38394251610588 29.77145435139675, -95.38396402002189 29.77145583655466, -95.3839658998077 29.77144456479853, -95.38396578151014 29.77143957233001, -95.38395362109776 29.77143979164058, -95.3839543271658 29.77140918696939, -95.38394285250108 29.77140814526103, -95.38394603538183 29.7713612634644, -95.38395068771737 29.77134619575477, -95.38398266999273 29.77133687840676, -95.3839865884899 29.77126064005562, -95.38413388419224 29.77125868176615, -95.38413283099692 29.77108867228295, -95.38461753003214 29.7710760355909, -95.38462254479215 29.77109930781405, -95.3846299247436 29.77141067717759, -95.38462716580491 29.77141981243772, -95.3846200070817 29.77143162292318, -95.38462210917591 29.77145754354259, -95.38462687796176 29.7714704367848, -95.3846255446168 29.7714769504733, -95.38453052425413 29.77148515422802, -95.38453466157776 29.77191079966324, -95.38452821004825 29.77195244970849, -95.38453040438795 29.77198226244509, -95.38452553441029 29.77198397391469))",-95.38427933425324,29.771539333587228,482015102023,large_multi_family,True,40,1.0,72.0,3.7289719626168223,3.7289719626168223,2.5,2.2,1.92,2.0,1.8,2.824485981308411
25a64da1-c359-40c3-b997-27058cf57604,hurricane-harvey_00000477,building_crops/hurricane-harvey_00000477_25a64da1.png,64,78,7505.065802294457,2.2015352000000004,"POLYGON ((68.03216011079249 826.5830288998268, 92.2215762581378 825.309901734177, 92.2215762581378 850.772445047172, 87.12906759553879 853.3186993784716, 86.17422222130148 861.9123077466074, 109.090511202997 860.6391805809576, 111.3184837428841 871.1424796975681, 111.0002019514717 875.2801429859298, 111.3184837428841 878.4629609000542, 73.1246687733915 884.5103149368905, 71.21497802491687 867.9596617834437, 73.44295056480394 864.7768438693194, 75.03435952186614 864.1402802864944, 75.98920489610344 854.5918265441213, 66.4407511537303 853.0004175870591, 67.39559652796761 828.174437856889, 68.03216011079249 826.5830288998268))","POLYGON ((-95.5961004548271 29.74887239119903, -95.59598387282523 29.74888004333091, -95.59598110869955 29.74877283038417, -95.59600540493699 29.74876162668231, -95.59600907940965 29.74872535186128, -95.59589864072498 29.74873288330571, -95.59588675003843 29.74868886900585, -95.5958878366766 29.74867141675117, -95.59588595538663 29.7486580452806, -95.59606959356756 29.74862896418625, -95.59608060503534 29.74869847169039, -95.59607020003443 29.7487120843674, -95.59606259019075 29.74871491544719, -95.59605901939504 29.74875521075388, -95.59610526587132 29.74876100701843, -95.59610335364515 29.74886563008693, -95.5961004548271 29.74887239119903))",-95.59601420674483,29.748747512940763,482014513021,commercial,False,0,0.9543080939947781,300.2,2.8707386363636362,2.8707386363636362,2.5,2.2,1.92,2.0,1.8,2.3953693181818183
3350e2bc-d227-470c-9c24-471606b6e94b,hurricane-harvey_00000080,building_crops/hurricane-harvey_00000080_3350e2bc.png,97,54,8835.860285020339,2.2015352000000004,"POLYGON ((635.2626501351854 242.8501406361202, 663.9311495995695 238.2631807218187, 662.7844096209941 233.6762208075172, 681.5144959377251 230.6182475313163, 684.190222554401 234.4407141265675, 709.0362554235339 229.4715075527409, 713.2409686783102 255.8465270599743, 691.4529090853783 260.8157336338009, 685.3369625329764 255.8465270599743, 640.9963500280622 264.6382002290521, 635.2626501351854 242.8501406361202))","POLYGON ((-95.62603283556406 29.62576208207195, -95.62589511723739 29.62578414202334, -95.62590114741467 29.62580335451004, -95.62581117807203 29.62581802456799, -95.62579785975018 29.62580217842526, -95.62567861238784 29.62582548328612, -95.62565545743915 29.62571478327401, -95.62575996125211 29.62569177046678, -95.62578999125226 29.62571211858523, -95.6260028099471 29.62567085017037, -95.62603283556406 29.62576208207195))",-95.62583531904843,29.62574806243667,,commercial,False,0,,353.4,,,,,,,,
5253d617-5952-410c-a36d-751112303eb6,hurricane-harvey_00000489,building_crops/hurricane-harvey_00000489_5253d617.png,56,47,4639.376427386923,2.2015352000000004,"POLYGON ((280.766933189804 866.4823070682569, 307.5812054325889 865.4704477383406, 308.5930647625053 891.272860651209, 271.9131640530354 893.549544143521, 271.4072343880772 866.9882367332151, 280.766933189804 866.4823070682569))","POLYGON ((-95.5072499926187 29.75301781185527, -95.50712070525643 29.75302452591287, -95.5071131169742 29.75291597260799, -95.50728987853972 29.75290303008289, -95.5072951052039 29.75301482512676, -95.5072499926187 29.75301781185527))",-95.50720513854058,29.752964546087235,482014304002,commercial,False,0,0.8855989232839838,185.6,2.645705521472393,2.645705521472393,2.5,2.2,1.92,2.0,1.8,2.2828527607361964
a4e4423c-d03d-4489-af37-80425815aade,hurricane-harvey_00000508,building_crops/hurricane-harvey_00000508_a4e4423c.png,28,28,370.9325406411554,2.2015352000000004,"POLYGON ((438.5958157354694 940.0519263623796, 438.5958157354694 931.259042907484, 447.3886991903649 931.6498377277015, 446.9979043701474 940.638118592706, 438.5958157354694 940.0519263623796))","POLYGON ((-95.61968118879197 29.86171105860645, -95.6196821560711 29.86174806696726, -95.61963965404416 29.86174726524989, -95.61964055235364 29.86170939700904, -95.61968118879197 29.86171105860645))",-95.61966080326414,29.86172908452878,482015407003,single_family_detached,True,1,1.0,1.6,1.6143250688705235,1.6143250688705235,2.5,2.2,1.92,2.0,1.8,1.7671625344352617
14806f07-21e1-49a3-a848-a62494623287,hurricane-harvey_00000431,building_crops/hurricane-harvey_00000431_14806f07.png,138,35,8526.850238342922,2.2015352000000004,"POLYGON ((63.03317229612613 391.1293155596455, 181.8113698782789 390.9454483807258, 181.8113698782789 406.5741585889038, 63.76864101180509 405.1032211575459, 62.11383640152743 392.4163858120837, 63.03317229612613 391.1293155596455))","POLYGON ((-95.5565323652531 29.7471638637849, -95.55595924099909 29.74717571701821, -95.5559575706545 29.74710990845606, -95.5565273225587 29.74710509182264, -95.5565366637612 29.74715835849817, -95.5565323652531 29.7471638637849))",-95.55623993902594,29.747138771604458,482014310012,vacant,False,0,0.878345498783455,0.0,3.037837837837838,3.037837837837838,2.5,2.2,1.92,2.0,1.8,2.478918918918919
e280a0a8-dfef-4d33-bb7f-50e9d71b88e0,hurricane-harvey_00000159,building_crops/hurricane-harvey_00000159_e280a0a8.png,74,57,7995.59896335652,2.2015352000000004,"POLYGON ((372.9998003551681 353.8324474772159, 422.0450550496364 354.7711126388324, 423.2183865016572 355.4751115100449, 424.1570516632738 389.7363899090515, 399.9864237516459 391.1443876514764, 399.5170911708375 384.3390652297559, 383.3251171329509 383.6350663585435, 381.6824531001218 375.4217461943981, 369.2451397087016 375.6564124848022, 370.1838048703182 353.3631148964075, 372.9998003551681 353.8324474772159))","POLYGON ((-95.63398706015967 29.78208607387935, -95.6337502170378 29.78208684021025, -95.63374447576749 29.78208398877299, -95.63373616625493 29.78193981545364, -95.6338526815073 29.78193156137519, -95.63385569753189 29.78196017132148, -95.63393393312724 29.78196157776502, -95.63394276809458 29.7819960034574, -95.63400277659396 29.78199381868363, -95.63400070462923 29.78208777914659, -95.63398706015967 29.78208607387935))",-95.63385851625756,29.782019645566894,482014505001,commercial,False,0,0.9020979020979021,319.8,3.365979381443299,3.365979381443299,2.5,2.2,1.92,2.0,1.8,2.6429896907216497
ca9cde36-7847-49df-af23-90af8707622f,hurricane-harvey_00000098,building_crops/hurricane-harvey_00000098_ca9cde36.png,67,44,4910.570036983139,2.2015352000000004,"POLYGON ((173.3924291097951 713.4316217519074, 185.3724395011188 713.1321214921244, 186.2709402804681 703.5481131790654, 221.3124706750901 704.1471136986315, 219.2159688566085 727.807634221496, 173.3924291097951 728.1071344812791, 173.3924291097951 713.4316217519074))","POLYGON ((-95.66443398976068 29.86354690752427, -95.6643761722315 29.86354933653733, -95.6643729058216 29.86358976296949, -95.66420362441065 29.8635906592936, -95.66421110097787 29.86349086840489, -95.66443234758603 29.86348513873741, -95.66443398976068 29.86354690752427))",-95.66431133079614,29.863535813529886,482015414043,commercial,False,0,0.9108433734939759,196.4,4.429447852760736,4.429447852760736,2.5,2.2,1.92,2.0,1.8,3.174723926380368
8e4aab92-a7f3-4b65-aae7-e5bebc6a2455,hurricane-harvey_00000452,building_crops/hurricane-harvey_00000452_8e4aab92.png,46,39,2123.7653228897625,2.2015352000000004,"POLYGON ((886.9002509856879 1024, 886.9912343869128 1022.554187331678, 883.5338651403667 1022.099270325553, 883.6248485415916 1016.185349245935, 887.6281181954871 1015.821415641035, 887.8100849979369 1007.905859734469, 890.4486036334589 1004.994390895273, 906.8256158539403 1004.721440691598, 908.9182340821129 1009.361594154068, 909.1002008845627 1016.185349245935, 910.8288855078358 1016.913216455734, 910.555935304161 1024, 886.9002509856879 1024))","POLYGON ((-95.58136185543192 29.71381816887088, -95.58136157240897 29.71382426529404, -95.58137829854543 29.71382585548344, -95.58137849715648 29.71385076570441, -95.58135922605511 29.71385267480409, -95.58135920155271 29.71388602184052, -95.58134678811885 29.71389852939097, -95.5812678206905 29.71390121966776, -95.58125722649211 29.71388187833891, -95.58125561322711 29.7138531627734, -95.58124719621883 29.71385026060755, -95.58124774896193 29.71382039470788, -95.58136185543192 29.71381816887088))",-95.58130973526633,29.713856742040242,482014524011,commercial,False,0,0.9487179487179487,85.0,2.58675799086758,2.58675799086758,2.5,2.2,1.92,2.0,1.8,2.25337899543379
62a081a2-5d4d-4ef4-85ba-abc45677ba13,hurricane-harvey_00000180,building_crops/hurricane-harvey_00000180_62a081a2.png,51,68,5931.658347970188,2.2015352000000004,"POLYGON ((563.9333403760675 818.4395284511149, 577.2041221613655 817.7647429366083, 577.2041221613655 813.0412443350615, 592.7241889950191 813.7160298495681, 591.8244749756768 831.710310236413, 581.2528352484055 833.9595952847686, 581.02790674357 839.357879400822, 593.6239030143613 838.6830938863153, 595.873188062717 860.7260873602002, 566.182625424423 861.1759443698713, 563.9333403760675 818.4395284511149))","POLYGON ((-95.65096818594104 29.71076539543943, -95.65090424927308 29.71076951904186, -95.65090477210262 29.71078940816871, -95.65082983665214 29.71078806646423, -95.65083218473087 29.71071221142511, -95.65088292784161 29.71070171895188, -95.6508834152666 29.7106789667871, -95.65082273345884 29.71068302514679, -95.65080944431325 29.71059042654092, -95.65095260612608 29.71058566354204, -95.65096818594104 29.71076539543943))",-95.65089241451253,29.710682037164393,482014543032,commercial,False,0,1.0,237.3,2.737201365187713,2.737201365187713,2.5,2.2,1.92,2.0,1.8,2.3286006825938568
37fe8d52-d787-4a8d-b0f1-5183dfe80326,hurricane-harvey_00000088,building_crops/hurricane-harvey_00000088_37fe8d52.png,48,35,3200.8353818483943,2.2015352000000004,"POLYGON ((564.5281001288851 0, 565.2762464645314 25.22097169475665, 593.705807219091 24.97158958287454, 593.4564251072088 13.99877666006208, 590.2144576527415 13.99877666006208, 590.9626039883877 7.016077527363246, 585.2268154150995 0, 564.5281001288851 0))","POLYGON ((-95.65182292390254 29.83230682459541, -95.65181650691395 29.83220074125533, -95.65167929077826 29.83220454790452, -95.6516817151031 29.83225070865476, -95.65169736572844 29.83225039426743, -95.65169453068866 29.83227985723044, -95.6517230006289 29.83230883190416, -95.65182292390254 29.83230682459541))",-95.65175571861788,29.832252940977252,482015417012,commercial,False,0,0.9,128.0,3.138888888888889,3.138888888888889,2.5,2.2,1.92,2.0,1.8,2.5294444444444446
10946299-5223-41b3-a59f-50fa1b0bf7bc,hurricane-harvey_00000159,building_crops/hurricane-harvey_00000159_10946299.png,66,127,15905.551554052814,2.2015352000000004,"POLYGON ((127.382833630897 354.3593924910305, 148.3478518157135 354.3593924910305, 148.3478518157135 350.7653893736334, 173.8053738972764 350.7653893736334, 173.8053738972764 377.7204127541117, 145.0533489580995 378.3194132736779, 144.4543484385333 396.8884293802296, 161.8253635059527 397.786930159579, 161.2263629863865 416.0564460063476, 144.7538486983164 416.9549467856969, 144.4543484385333 426.838455358539, 146.550850257015 426.838455358539, 146.2513499972319 434.0264615933332, 160.6273624668203 434.9249623726824, 158.2313603885556 458.5854828955468, 127.382833630897 457.3874818564144, 127.0833333711139 411.5639421096012, 127.0833333711139 354.6588927508135, 127.382833630897 354.3593924910305))","POLYGON ((-95.63517258501449 29.78206021732957, -95.6350713877908 29.7820622353806, -95.63507178436802 29.78207736859758, -95.63494890199271 29.78207981898565, -95.63494592780927 29.78196631984607, -95.63508464635606 29.78196103015043, -95.63508548872088 29.78188278420421, -95.63500154059446 29.78188067294032, -95.63500241607528 29.7818036880914, -95.63508182883697 29.78179831923593, -95.6350821839288 29.7817566740591, -95.6350720642367 29.78175687585891, -95.63507271676262 29.78172658059497, -95.63500322546592 29.78172418103865, -95.63501218012449 29.78162432339401, -95.6351612161608 29.78162639846103, -95.63516771829718 29.78181931814384, -95.63517399763967 29.78205892739839, -95.63517258501449 29.78206021732957))",-95.63508263380292,29.78186734245965,482014505001,commercial,False,0,0.9020979020979021,636.2,3.365979381443299,3.365979381443299,2.5,2.2,1.92,2.0,1.8,2.6429896907216497
bd581ea1-842e-4826-882f-194e10495a73,hurricane-harvey_00000508,building_crops/hurricane-harvey_00000508_bd581ea1.png,51,55,4786.804847945587,2.2015352000000004,"POLYGON ((123.7511668360716 429.4618874504575, 121.3214856407173 457.5881019454812, 122.4805304103832 458.5366407099917, 128.2195558387224 459.5219589228358, 128.3591063541149 461.8988125305834, 129.0695292990897 462.3744898767159, 150.1361959657563 463.1411565433825, 150.8948341853098 462.344580228035, 153.005316831278 430.0553325352823, 152.3654706109982 429.2618874504576, 136.3438994799057 427.4308015401617, 135.9376822978465 428.6494530863392, 127.0009042925449 428.24323590428, 123.7511668360716 429.4618874504575))","POLYGON ((-95.62125771151192 29.86382988007999, -95.62126634796527 29.86371126673814, -95.62126064665544 29.86370738564892, -95.62123282510356 29.86370378919766, -95.62123188958428 29.86369379866515, -95.62122840667195 29.86369186475333, -95.62112659380315 29.86369065918349, -95.62112301811172 29.86369408467442, -95.62111638111443 29.86383018915405, -95.62111955820144 29.86383346729047, -95.62119712617525 29.86383963694471, -95.62119895360422 29.86383446879587, -95.62124215303956 29.86383532106057, -95.62125771151192 29.86382988007999))",-95.62118940890292,29.863764818336055,482015407004,commercial,False,0,0.8129496402877698,191.5,2.6149425287356323,2.6149425287356323,2.5,2.2,1.92,2.0,1.8,2.267471264367816
f35a781f-ac7a-471b-8fdd-54a20ad644f0,hurricane-harvey_00000006,building_crops/hurricane-harvey_00000006_f35a781f.png,60,59,2546.776965948252,1.9022960000000002,"POLYGON ((537.0101775006632 944.3225119892254, 517.68 966.65, 498.56 950.23, 516.9835416326088 930.1498158364484, 537.0101775006632 944.3225119892254))","POLYGON ((-95.4767812303132 29.77051941668126, -95.47687221274973 29.77042365251153, -95.47696619746415 29.77049106416208, -95.47687935797515 29.77057728351162, -95.4767812303132 29.77051941668126))",-95.47687433580468,29.77050217516775,482014316001,commercial,False,0,0.847457627118644,101.9,2.3544600938967135,2.3544600938967135,2.5,2.2,1.92,2.0,1.8,2.137230046948357
00f571e9-c148-4aa7-9029-31ba1441993f,hurricane-harvey_00000180,building_crops/hurricane-harvey_00000180_00f571e9.png,68,50,5960.97480412539,2.2015352000000004,"POLYGON ((424.833614430032 465.8584893847132, 443.6594498912979 465.8584893847132, 444.3086166313416 479.5991853823038, 454.69528447204 479.4909909256299, 456.534590235497 465.2093226446695, 471.4654252565011 465.4257115580174, 472.0063975398708 485.4416860426967, 467.4622303595652 485.5498804993706, 467.2458414462173 495.8283538833951, 423.9680587766405 496.152937253417, 424.833614430032 465.8584893847132))","POLYGON ((-95.65167816885065 29.71223655676944, -95.65158736152665 29.71223837638812, -95.65158270884672 29.71218058154448, -95.65153262025834 29.71218204101346, -95.65152532953768 29.71224235423366, -95.6514532859657 29.71224288615854, -95.6514484604699 29.71215865769516, -95.65147036748611 29.712157762935, -95.65147027324976 29.71211446271862, -95.6516789895302 29.7121089130801, -95.65167816885065 29.71223655676944))",-95.65156898293772,29.712172377402133,482014543032,commercial,False,0,1.0,238.4,2.737201365187713,2.737201365187713,2.5,2.2,1.92,2.0,1.8,2.3286006825938568
b9d02700-6643-4e2a-b519-79ca2d776789,hurricane-harvey_00000180,building_crops/hurricane-harvey_00000180_b9d02700.png,69,85,11818.688261904372,2.2015352000000004,"POLYGON ((419.9208770969028 773.9422909905369, 419.4710200872316 837.3721293541647, 464.4567210543436 839.3964858976847, 466.7060061026992 817.5784209286354, 454.1100098319078 816.6787069092932, 439.2647285127609 806.1070671820219, 441.2890850562809 800.483854561133, 469.4051481607259 799.1342835321195, 464.4567210543436 784.9637877274793, 452.3105817932233 786.9881442709993, 452.0856532883878 777.0912900582347, 452.0856532883878 775.0669335147146, 419.9208770969028 773.9422909905369))","POLYGON ((-95.65166775367895 29.71093884152377, -95.65166290068032 29.71067171564947, -95.65144568921899 29.71066753951727, -95.6514372553033 29.71075962568194, -95.65149811142471 29.71076219674469, -95.65157088774866 29.71080527572198, -95.65156174587662 29.71082914889273, -95.65142627797732 29.71083754880879, -95.65145171544361 29.7108967379253, -95.65151007803779 29.71088704014323, -95.65151225868566 29.71092869083947, -95.6515124828082 29.71093721474657, -95.65166775367895 29.71093884152377))",-95.65156641951883,29.710797799826636,482014543032,commercial,False,0,1.0,472.7,2.737201365187713,2.737201365187713,2.5,2.2,1.92,2.0,1.8,2.3286006825938568
76d7b1ab-9862-48d8-abf6-556308d67008,hurricane-harvey_00000381,building_crops/hurricane-harvey_00000381_76d7b1ab.png,45,77,6612.081626965885,2.2015352000000004,"POLYGON ((144.0997026694978 185.0792070475881, 168.479873749965 186.0466741539558, 170.4148079627005 139.6082530483041, 167.1254198010501 139.221266205757, 167.5124066435972 130.3205688271737, 148.743544780063 128.3856346144382, 148.5500513587894 138.2537990993892, 144.0997026694978 138.0603056781157, 144.0997026694978 185.0792070475881))","POLYGON ((-95.58986421090107 29.71287234250913, -95.58974650704162 29.7128705703255, -95.58974219555392 29.71306628928228, -95.5897581039976 29.71306760823782, -95.58975719985914 29.71310512255926, -95.58984794206486 29.71311149811241, -95.5898478082149 29.71306992838605, -95.58986929570874 29.7130703229963, -95.58986421090107 29.71287234250913))",-95.58980536097985,29.71298647399332,482014525012,commercial,False,0,0.9586894586894587,264.5,1.0,1.0,2.5,2.2,1.92,2.0,1.8,1.46
4cb108d1-6e30-4449-bddd-681b8b120a66,hurricane-harvey_00000356,building_crops/hurricane-harvey_00000356_4cb108d1.png,70,116,14147.640166023835,2.2015352000000004,"POLYGON ((280.4190376681261 205.7669899459103, 295.0909979519141 209.5614624330968, 293.5732089570395 212.8500052553252, 307.233309910911 218.6681964023445, 303.1858725912454 233.0871918536534, 307.4862747433901 235.8698050109235, 305.4625560835573 245.2295038126503, 301.9210484288499 244.2176444827339, 300.6562242664543 247.000257640004, 303.9447670886827 249.276941132316, 300.9091890989334 263.4429717511457, 298.8854704391006 262.1781475887502, 298.1265759416633 265.4666904109785, 300.1502946014961 266.2255849084158, 297.8736111091842 274.8263892127053, 277.3834596783769 270.5259870605606, 277.636424510856 272.5497057203934, 293.0672792920813 279.1267913648501, 292.0554199621649 295.3165406435126, 292.561349627123 302.6525207854066, 258.6640620749233 291.7750329888052, 256.8933082475696 281.6564396896411, 280.4190376681261 205.7669899459103))","POLYGON ((-95.5753780213812 29.75189296586213, -95.57530681339777 29.75187836748774, -95.5753137832659 29.75186437783548, -95.57524724005702 29.75184116309466, -95.57526521790764 29.75178006891592, -95.57524416671652 29.75176875637512, -95.57525292405744 29.75172915547448, -95.57527012249689 29.75173308325641, -95.57527592617689 29.7517212476888, -95.57525981218924 29.751711970362, -95.57527293456174 29.75165203643271, -95.57528283618544 29.7516571720119, -95.57528614402047 29.75164325368359, -95.57527629688843 29.75164024841321, -95.57528635661915 29.75160381920003, -95.57538569440132 29.75162000108388, -95.57538425575662 29.75161150362506, -95.5753090862527 29.7515852598673, -95.57531222523653 29.75151699489494, -95.57530899377404 29.75148615296846, -95.57547373551877 29.75152876875247, -95.57548337012096 29.75157120848812, -95.5753780213812 29.75189296586213))",-95.57535979525504,29.75168597465057,482014511003,unknown_nonres,False,0,0.9426605504587156,141.5,2.8,2.8,1.5714285714285714,2.2,1.92,2.0,1.8,2.36
4ea09374-594e-4769-8c6d-9d1079c63853,hurricane-harvey_00000177,building_crops/hurricane-harvey_00000177_4ea09374.png,56,78,9965.393071762934,2.2015352000000004,"POLYGON ((817.3100730650738 885.068140508669, 817.1165796438002 937.5048576738008, 854.8477967921422 939.0528050439891, 854.6543033708687 882.3592326108393, 839.3683230902583 882.3592326108393, 839.9488033540789 888.9380089341399, 834.5309875584196 889.1315023554135, 833.9505072945989 885.2616339299425, 825.2433033372893 880.2308049768302, 817.3100730650738 885.068140508669))","POLYGON ((-95.64132953392905 29.76675951491007, -95.64132467157027 29.76653870232279, -95.64114240252624 29.76653582305481, -95.64114960267038 29.76677452258754, -95.64122337586029 29.76677304848972, -95.64121984717508 29.76674540338386, -95.64124597323878 29.7667440661723, -95.64124920250399 29.7667603049482, -95.64129178128623 29.76678064842738, -95.64132953392905 29.76675951491007))",-95.6412360917849,29.766652625882145,482014516042,commercial,False,0,0.8717948717948718,398.6,4.717073170731707,4.717073170731707,2.5,2.2,1.92,2.0,1.8,3.3185365853658535
61fb586a-0352-47e6-bcfd-adf40de05abc,hurricane-harvey_00000098,building_crops/hurricane-harvey_00000098_61fb586a.png,58,25,918.6244172813454,2.2015352000000004,"POLYGON ((697.825653857575 1023.830682252955, 698.2771678496949 1019.089785335696, 736.091464689738 1018.864028339636, 736.7687356779179 1024, 697.825653857575 1023.830682252955))","POLYGON ((-95.66186681793755 29.86229156942605, -95.66186516757988 29.86231156775558, -95.66168259078113 29.86231620226123, -95.6616787462084 29.86229465104534, -95.66186681793755 29.86229156942605))",-95.6617720898873,29.862303472886097,482015414043,small_multi_family,True,10,0.9108433734939759,18.2,4.429447852760736,4.429447852760736,2.5,2.2,1.92,2.0,1.8,3.174723926380368
7310181f-c14d-4d77-8b89-92ddf1415a40,hurricane-harvey_00000080,building_crops/hurricane-harvey_00000080_7310181f.png,92,79,8769.4650921635,2.2015352000000004,"POLYGON ((133.4418572439267 223.8460068164799, 156.802877507008 219.3535029197335, 162.1938821831037 236.1255174675868, 164.2903840015854 240.9175216241163, 177.7678956918246 238.2220192860684, 181.6613990690048 233.4300151295389, 178.965896730957 219.0540026599504, 196.3369117983764 215.7594998023364, 206.5199206310016 270.8675476024257, 184.3569014070527 275.060551239389, 177.1688951722584 244.5115247415134, 161.5948816635375 248.1055278589106, 158.0008785461404 238.8210198056346, 137.3353606211069 241.8160224034656, 133.1423569841436 224.7445075958292, 133.4418572439267 223.8460068164799))","POLYGON ((-95.62845434519366 29.62579418542008, -95.62834220618579 29.62581534263461, -95.62831437953503 29.62574520805768, -95.62830374739355 29.62572522277337, -95.62823906318033 29.62573786550447, -95.6282208156955 29.62575842335703, -95.62823538431829 29.6258187227678, -95.6281519938014 29.62583426083657, -95.62809686968917 29.62560309871908, -95.628203265386 29.62558331783911, -95.62824126304312 29.62571131453296, -95.62831595679569 29.62569468658331, -95.628334300352 29.62573345280209, -95.62843360729842 29.62571886129871, -95.62845569086667 29.62579037197376, -95.62845434519366 29.62579418542008))",-95.628237514582,29.625720580304375,,commercial,False,0,,350.8,,,,,,,,
6dcf2387-c5dc-4c8b-a225-b8733af12dda,hurricane-harvey_00000507,building_crops/hurricane-harvey_00000507_6dcf2387.png,71,75,7191.399700944341,2.2015352000000004,"POLYGON ((782.9039928983698 474.6141180513152, 788.4498305233694 497.7217748221473, 802.6225266761464 501.1108978152027, 821.4167541830899 499.8784894540917, 817.411427009479 466.9115657943712, 809.0926705719795 467.5277699749267, 805.703547578924 465.3710553429824, 801.0820162247577 465.3710553429824, 800.7739141344799 469.0682804263155, 795.2280765094802 469.3763825165933, 791.530851426147 471.2249950582599, 790.6065451553138 453.3550738221497, 785.0607075303141 445.6525215652057, 769.655603016426 449.3497466485388, 775.8176448219813 470.6087908777043, 785.0607075303141 468.7601783360378, 784.7526054400363 471.5330971485376, 783.2120949886476 473.9979138707597, 782.9039928983698 474.6141180513152))","POLYGON ((-95.59784365234525 29.84685412711261, -95.59781435685389 29.8467573944877, -95.59774555934557 29.84674447671215, -95.59765495219412 29.84675145005994, -95.59767788453601 29.84688982661929, -95.59771798168768 29.84688644242753, -95.59773458005904 29.84689519790222, -95.59775689357623 29.84689475867233, -95.59775797806627 29.84687916783491, -95.59778472069192 29.84687734395786, -95.59780236995965 29.84686921179027, -95.59780878090959 29.84694433812306, -95.59783639691462 29.84697623093539, -95.59791037225469 29.84695920520698, -95.59787830307503 29.84687031194785, -95.59783387759997 29.84687897122142, -95.59783506285034 29.84686727077267, -95.59784223195986 29.84685674998806, -95.59784365234525 29.84685412711261))",-95.59777434236052,29.846845489612047,482015401013,commercial,False,0,1.0,287.7,2.4176372712146423,2.4176372712146423,2.5,2.2,1.92,2.0,1.8,2.1688186356073214
fa2dc7b7-2e32-4b18-9b2a-1cb9d6f2fc95,hurricane-harvey_00000206,building_crops/hurricane-harvey_00000206_fa2dc7b7.png,24,28,476.00323672823447,2.2015352000000004,"POLYGON ((14.18499354839081 28.75534469020715, 13.41949862998878 36.25719489054706, 1.018480951875859 35.49169997214504, 1.018480951875859 27.68365180444431, 14.18499354839081 28.75534469020715))","POLYGON ((-95.644507335391 29.74010556976803, -95.64451019949556 29.74007390802308, -95.64457011788585 29.7400759348432, -95.64457098109486 29.7401088120351, -95.644507335391 29.74010556976803))",-95.64453982173279,29.740091227004463,482014544001,commercial,False,0,0.8258221680876979,19.0,2.8,2.8,2.5,2.2,1.92,2.0,1.8,2.36
a31452db-5192-4df2-8791-390760720c25,hurricane-harvey_00000025,building_crops/hurricane-harvey_00000025_a31452db.png,46,42,1219.490547660522,1.9022960000000002,"POLYGON ((948.2428520852148 317.1647473534437, 961.6873777696925 314.2135100080705, 965.2944456362598 330.6092730379214, 944.6357842186476 333.8884256438915, 941.3566316126775 318.8043236564287, 948.2428520852148 317.1647473534437))","POLYGON ((-95.41605029008959 29.75105945153696, -95.41598571113673 29.75107306381759, -95.41596664857533 29.75100434306512, -95.41606600644803 29.75098871399703, -95.41608335417719 29.75105194054235, -95.41605029008959 29.75105945153696))",-95.41602477761093,29.75102971446313,482014111001,small_multi_family,True,13,0.794314381270903,20.7,2.7263157894736842,2.7263157894736842,2.5,2.2,1.92,2.0,1.8,2.323157894736842
7e545925-6bf0-4fb6-bacb-72802ae3395a,hurricane-harvey_00000507,building_crops/hurricane-harvey_00000507_7e545925.png,69,47,5728.600505841848,2.2015352000000004,"POLYGON ((715.5668807963508 0, 698.4270512693369 37.16152294690443, 665.5958285133664 22.43575391665301, 673.0794160533303 4.571706240610295, 679.1145672952366 0, 715.5668807963508 0))","POLYGON ((-95.59822052077058 29.84884536825096, -95.59829922370795 29.84868732677985, -95.59845934700584 29.84874618602592, -95.5984251625787 29.84882208689626, -95.59839652190351 29.84884190287226, -95.59822052077058 29.84884536825096))",-95.59834071822043,29.84877881588822,482015401013,commercial,False,0,1.0,229.1,2.4176372712146423,2.4176372712146423,2.5,2.2,1.92,2.0,1.8,2.1688186356073214
736ecd18-9651-4337-866b-dc317dba1cc0,hurricane-harvey_00000176,building_crops/hurricane-harvey_00000176_736ecd18.png,85,59,10065.351333301067,2.2015352000000004,"POLYGON ((595.33 565.46, 603.2482668883637 575.9090386119109, 611.5235934650871 582.9112380229844, 609.6139027166125 603.599554464793, 561.2350704219218 602.3264272991432, 556.7791253421477 586.7306195199337, 546.5941080169497 582.5929562315721, 545.3209808513 564.7691759124755, 560.598506839097 565.7240212867129, 560.53 563.89, 595.33 565.46))","POLYGON ((-95.62693460249642 29.74250871807519, -95.62689524854898 29.74246547881895, -95.6268545503371 29.74243678750853, -95.62686149268721 29.74234949138873, -95.6270950644783 29.74235021532109, -95.62711827775153 29.74241545807685, -95.62716787581732 29.74243190444432, -95.62717597648938 29.74250683367265, -95.62710215615101 29.74250427744145, -95.62710268814209 29.74251199345772, -95.62693460249642 29.74250871807519))",-95.62700940572384,29.742430776792084,482014516061,commercial,False,0,0.9516574585635359,402.6,3.3566666666666665,3.3566666666666665,2.5,2.2,1.92,2.0,1.8,2.638333333333333
28441afc-4a6c-41c5-b2e0-7839ba030959,hurricane-harvey_00000463,building_crops/hurricane-harvey_00000463_28441afc.png,56,54,3905.3850284025034,2.2015352000000004,"POLYGON ((705.3327686093858 524.3658273605386, 722.3267557979109 528.4994999199095, 723.2453496999933 533.0924694303217, 737.0242582312299 538.2978348754555, 742.0765246926833 511.1993147640235, 707.1699564135506 503.8505635473641, 705.3327686093858 524.3658273605386))","POLYGON ((-95.59822176794333 29.75873157880052, -95.5981393103706 29.75871578521927, -95.59813437828154 29.75869653317395, -95.5980673193424 29.7586759221698, -95.59804588374959 29.75879050234509, -95.5982151320599 29.75881813461517, -95.59822176794333 29.75873157880052))",-95.59813199349195,29.758754435949452,482014512001,commercial,False,0,0.7973640856672158,156.2,2.773755656108597,2.773755656108597,2.5,2.2,1.92,2.0,1.8,2.3468778280542986
e88a1f46-cd9c-48c4-a1b3-61c6ce1d21fe,hurricane-harvey_00000489,building_crops/hurricane-harvey_00000489_e88a1f46.png,127,67,13756.398743542824,2.2015352000000004,"POLYGON ((585.0558076789357 1024, 626.2763116204103 995.6240827789286, 607.0509843519984 976.3987555105167, 559.9995255108853 1004.983781580655, 545.8334948920556 983.7347356524107, 519.0192226492707 999.9244849310733, 531.4144994407467 1020.161671529401, 523.0677721613715 1024, 585.0558076789357 1024))","POLYGON ((-95.5057651247041 29.75238238764921, -95.50556918781035 29.7525056391159, -95.50566397478754 29.7525848331087, -95.5058880271906 29.75246016777876, -95.50595861268395 29.75254834546653, -95.50608630880629 29.7524777231779, -95.50602437411577 29.7523936442471, -95.50606424911429 29.75237671889121, -95.5057651247041 29.75238238764921))",-95.50583395426865,29.752463605943284,482014304002,vacant,False,0,0.8855989232839838,0.0,2.645705521472393,2.645705521472393,2.5,2.2,1.92,2.0,1.8,2.2828527607361964
8ce35f74-2c49-4eff-8fe6-c51b58b239da,hurricane-harvey_00000381,building_crops/hurricane-harvey_00000381_8ce35f74.png,86,58,9048.871563467106,2.2015352000000004,"POLYGON ((852.2462686758279 717.1737759965889, 883.2201890310743 716.5975170132355, 882.9320595393975 697.725035308411, 885.525224964488 697.5809705625726, 885.2370954728112 680.29320106197, 829.9162330708829 678.9966183494248, 819.1113771330062 681.0135247911618, 818.2469886579761 698.4453590376028, 825.4502259498938 698.5894237834411, 826.746808662439 700.0300712418247, 847.2040025714855 701.0385244626931, 850.3734269799293 699.8860064959863, 851.0937507091211 695.9962583583507, 852.3903334216662 695.9962583583507, 851.8140744383128 714.5806105714985, 852.2462686758279 717.1737759965889))","POLYGON ((-95.58639095371956 29.71069867464313, -95.5862416141605 29.71070402088996, -95.58624504185177 29.71078345954004, -95.58623254934074 29.71078431059178, -95.58623580591036 29.71085707653994, -95.58650278486782 29.71085732097445, -95.58655468402303 29.71084780982049, -95.58655697080538 29.71077432863052, -95.58652221062646 29.71077440110711, -95.5865158010127 29.7107684572505, -95.58641701738614 29.71076613953497, -95.58640185421278 29.71077129119085, -95.5863987998028 29.71078773754312, -95.58639254576954 29.71078785977179, -95.58639331842893 29.71070955286548, -95.58639095371956 29.71069867464313))",-95.58637391602583,29.71079218167919,482014524021,commercial,False,0,0.8950777202072538,362.0,3.3089430894308944,3.3089430894308944,2.5,2.2,1.92,2.0,1.8,2.614471544715447
f44b5043-2d05-40ae-bb6e-44abb93783f4,hurricane-harvey_00000391,building_crops/hurricane-harvey_00000391_f44b5043.png,38,54,4023.6158501563705,2.2015352000000004,"POLYGON ((7.731580578854341 327.3412301501205, 15.37914974326339 330.4902292178184, 16.05393525777007 333.8641567903517, 23.02671890767244 332.9644427710095, 23.92643292701468 338.5876553918985, 27.97514601405476 339.7122979160763, 28.42500302372589 359.5060063416056, 0 362.4300769044679, 0 328.0160156646272, 7.731580578854341 327.3412301501205))","POLYGON ((-95.60666286276869 29.76370925434419, -95.60662561268768 29.76369672301166, -95.60662198823752 29.76368258106881, -95.60658843621093 29.76368703289915, -95.6065834809593 29.76366344158825, -95.60656381950517 29.76365909146903, -95.60655948975025 29.76357579149422, -95.60669634770109 29.76356077458767, -95.6067001012309 29.76370567736279, -95.60666286276869 29.76370925434419))",-95.60663624007296,29.76363114279192,482014506002,commercial,False,0,0.7993158494868872,160.9,3.241758241758242,3.241758241758242,2.5,2.2,1.92,2.0,1.8,2.580879120879121
95e70d82-68f4-4518-af39-949cf4046b6b,hurricane-harvey_00000431,building_crops/hurricane-harvey_00000431_95e70d82.png,135,39,9108.455420584847,2.2015352000000004,"POLYGON ((0 971.646527883183, 125.8922902341015 977.2498833650118, 125.8922902341015 991.3164164415253, 0 987.4354935813105, 0 971.646527883183))","POLYGON ((-95.55677445966278 29.74471357278314, -95.55616640393633 29.74470172119868, -95.55616490058053 29.74464249055843, -95.55677277182095 29.74464708944314, -95.55677445966278 29.74471357278314))",-95.55647547977473,29.744676297587528,482014310012,vacant,False,0,0.878345498783455,0.0,3.037837837837838,3.037837837837838,2.5,2.2,1.92,2.0,1.8,2.478918918918919
187e67ec-cb45-4867-ba0e-9665d83c6000,hurricane-harvey_00000076,building_crops/hurricane-harvey_00000076_187e67ec.png,63,68,3284.099780161925,1.9022960000000002,"POLYGON ((576.3118660525683 507.2033099517907, 598.3917733948617 541.9840489511554, 617.4563571154902 528.1096127564983, 594.6446671228462 495.9658677668635, 576.3118660525683 507.2033099517907))","POLYGON ((-95.35490988977378 30.02641431442102, -95.35479970926527 30.02626994175272, -95.35470894235702 30.02632994593569, -95.35482239754 30.02646316446419, -95.35490988977378 30.02641431442102))",-95.3548097039361,30.02636807470072,482012408021,commercial,False,0,0.9578783151326054,131.4,3.220108695652174,3.220108695652174,2.5,2.2,1.92,2.0,1.8,2.570054347826087
d288c28a-a6e3-414f-8782-16fe3f30286d,hurricane-harvey_00000098,building_crops/hurricane-harvey_00000098_d288c28a.png,65,54,5314.473003524547,2.2015352000000004,"POLYGON ((362.5019068978528 651.0540303542098, 391.1851868093324 642.7800073028214, 400.1946785763997 648.1121554914939, 403.8720221547945 669.0730138883445, 368.5695238022042 677.3470369397328, 366.7308520130068 675.6922323294551, 360.4793679297356 675.8760995083749, 357.7213602459395 665.0279359521102, 365.6276489394883 662.2699282683141, 362.5019068978528 651.0540303542098))","POLYGON ((-95.6635277641094 29.86382789422943, -95.66339017858384 29.86386551591591, -95.66334607546817 29.86384395142149, -95.66332597308713 29.86375608624561, -95.66349552254312 29.86371781927339, -95.66350458655309 29.86372460503271, -95.66353475425366 29.86372322162489, -95.66354928611378 29.86376861234051, -95.66351141533124 29.86378099158173, -95.6635277641094 29.86382789422943))",-95.66343484860352,29.863789096387475,482015414043,commercial,False,0,0.9108433734939759,212.6,4.429447852760736,4.429447852760736,2.5,2.2,1.92,2.0,1.8,3.174723926380368
637755d7-552f-4bc4-ab5c-975ee7a57ead,hurricane-harvey_00000508,building_crops/hurricane-harvey_00000508_637755d7.png,56,69,6555.7318106856355,2.2015352000000004,"POLYGON ((1018.448340112887 846.3400717381644, 994.2589239655422 845.7035081553396, 994.5772057569545 855.2519618977127, 983.1190612661068 855.2519618977127, 984.3921884317566 817.3764287196326, 990.4395424685929 817.6947105110451, 990.4395424685929 811.9656382656211, 1002.215968750853 812.2839200570336, 1002.215968750853 809.4193839343217, 1007.626759204864 809.4193839343217, 1007.626759204864 805.6000024373724, 1020.03974906995 806.2365660201973, 1018.448340112887 846.3400717381644))","POLYGON ((-95.61689149468532 29.86216105265684, -95.61700837112197 29.86216141488108, -95.617005784852 29.86212125680509, -95.6170611142121 29.86212015923874, -95.61705912898856 29.86227969581977, -95.61702989235712 29.8622789354774, -95.61703052197225 29.8623030486146, -95.61697362060245 29.86230283704285, -95.61697393540346 29.86231489361195, -95.61694780759791 29.86231541189586, -95.6169482273287 29.86233148732164, -95.61688821710317 29.8623299970694, -95.61689149468532 29.86216105265684))",-95.6169743184814,29.862229434101575,482015407003,commercial,False,0,1.0,262.2,1.6143250688705235,1.6143250688705235,2.5,2.2,1.92,2.0,1.8,1.7671625344352617
886c2cfd-b081-46f9-a14d-ac840e9be29c,hurricane-harvey_00000381,building_crops/hurricane-harvey_00000381_886c2cfd.png,113,54,13398.691402553575,2.2015352000000004,"POLYGON ((343.2899660301126 363.9865246052457, 341.0673972557843 360.5291954007351, 341.8082535138938 334.1053221948322, 369.2199350639426 334.1053221948322, 369.466887149979 338.7974118295252, 391.1986707211889 337.8096034853793, 391.1986707211889 335.587034711051, 400.582849990575 335.8339867970875, 400.8298020766114 337.3156993133064, 433.9213816054992 338.3035076574523, 433.6744295194628 363.7395725192093, 376.1345934729639 365.7151892075011, 375.8876413869274 369.9133746701211, 343.2899660301126 369.9133746701211, 343.2899660301126 363.9865246052457))","POLYGON ((-95.58888406402866 29.71213782496423, -95.5888951583904 29.71215217287446, -95.588894441267 29.71226350476233, -95.58876222004793 29.71226609140293, -95.58876052167602 29.7122463579038, -95.58865580442699 29.71225256780459, -95.58865604466503 29.71226192629032, -95.58861075304462 29.71226177190844, -95.58860940170648 29.71225555621882, -95.58844967650828 29.71225451914151, -95.5884481185253 29.71214739315322, -95.58872545014025 29.71213364541044, -95.5887261875281 29.71211594496928, -95.588883423341 29.71211286900624, -95.58888406402866 29.71213782496423))",-95.58868598511859,29.712193780924807,482014525012,commercial,False,0,0.9586894586894587,535.9,1.0,1.0,2.5,2.2,1.92,2.0,1.8,1.46
c4b8fa91-18f5-48b0-b7cb-d910a25991bb,hurricane-harvey_00000088,building_crops/hurricane-harvey_00000088_c4b8fa91.png,56,43,4931.910522727125,2.2015352000000004,"POLYGON ((821.8295523038294 0, 821.081405968183 2.509494141165695, 813.5999426117199 1.761347805519391, 813.8493247236021 32.43534756701786, 828.313487212764 32.93411179078206, 829.0616335484103 24.45511998679061, 850.7578772821531 24.95388421055482, 850.7578772821531 0, 821.8295523038294 0))","POLYGON ((-95.65058079762044 29.83233177167422, -95.65058413030972 29.83232113660001, -95.65062033037285 29.83232356036196, -95.6506157161802 29.83219447654207, -95.65054583483861 29.83219377928769, -95.65054316580974 29.83222954019813, -95.65043837148009 29.83222954390583, -95.6504411456381 29.83233457573757, -95.65058079762044 29.83233177167422))",-95.65053390252392,29.832271936287633,482015417012,commercial,False,0,0.9,197.3,3.138888888888889,3.138888888888889,2.5,2.2,1.92,2.0,1.8,2.5294444444444446
852554f4-75b4-450a-8e17-004c3e0fa341,hurricane-harvey_00000220,building_crops/hurricane-harvey_00000220_852554f4.png,57,73,8112.12534315623,2.2015352000000004,"POLYGON ((119.1565147319761 262.5291114850924, 121.8920784734992 303.5625676079386, 136.7422816417673 303.171772787721, 140.4548324338344 307.4705158101144, 140.8456272540519 310.2060795516375, 157.0636122930816 308.2521054505495, 154.7188433717761 260.5751373840045, 145.7305625067717 260.5751373840045, 145.9259599168805 258.6211632829166, 134.3975127204618 259.5981503334606, 134.3975127204618 256.4717917717199, 120.5242966027376 258.0349710525903, 121.3058862431728 262.1383166648749, 119.1565147319761 262.5291114850924))","POLYGON ((-95.62937806244108 29.74805040557066, -95.62936035062243 29.74787788737927, -95.62928873630578 29.74788095773814, -95.62927034934016 29.747863213106, -95.62926816284973 29.74785173188856, -95.62919012039758 29.74786151554569, -95.6292066766361 29.74806204528801, -95.62925004823256 29.74806118291847, -95.62924932020962 29.74806942931717, -95.62930484157701 29.74806420938825, -95.62930518532492 29.74807737362987, -95.62937195656694 29.74806946040439, -95.62936773394418 29.74805225733084, -95.62937806244108 29.74805040557066))",-95.62928256644783,29.747967729849936,482014516061,commercial,False,0,0.9516574585635359,324.5,3.3566666666666665,3.3566666666666665,2.5,2.2,1.92,2.0,1.8,2.638333333333333
9b998d3a-049e-4946-b73a-986c7639f060,hurricane-harvey_00000496,building_crops/hurricane-harvey_00000496_9b998d3a.png,54,27,2376.7953999131714,2.2015352000000004,"POLYGON ((351.5869602754035 0, 353.0992648888892 11.4949487519406, 361.6465480726405 10.14537772292724, 362.5462620919827 17.7929468873363, 386.3886836045522 14.64394781963845, 385.0172700824137 0, 351.5869602754035 0))","POLYGON ((-95.62492389049065 29.85694119712488, -95.62491532145742 29.85689296148727, -95.62487419927187 29.85689946274144, -95.62486901217845 29.85686736143065, -95.62475423508816 29.85688290547169, -95.62476247076087 29.85694440843362, -95.62492389049065 29.85694119712488))",-95.62483422239706,29.85691102934621,482015406011,commercial,False,0,0.9040697674418605,95.1,3.283203125,3.283203125,2.5,2.2,1.92,2.0,1.8,2.6016015625
d0ed2915-0b54-4004-9587-d0b8e620bfa8,hurricane-harvey_00000431,building_crops/hurricane-harvey_00000431_d0ed2915.png,139,61,21573.326211231928,2.2015352000000004,"POLYGON ((137.47 345.96, 138.7484357792221 350.6535385059828, 147.0513102676429 349.9418635498325, 147.15 346.15, 153.1 346.27, 153.6595405751905 349.414970101818, 181.43 349.09, 182.07 379.63, 175.9564111524706 380.9373828308063, 175.3885353135399 386.0482653811817, 165.7116135645185 385.4952984240948, 163.6982556738399 382.0438277543601, 135.2342487916983 381.7533787045423, 133.8009905972266 386.626456565746, 109.9929438729835 385.4927400550678, 108.1605731774932 383.2959989617638, 100.6416392598617 383.2959989617638, 99.7628128299386 385.7567129655483, 95.36060757401422 385.59366832644, 95.1876110600175 385.0746787844499, 89.59414249974009 384.550291106924, 89.23994854805208 380.2999636866678, 86.491170799683 380.2999636866679, 85.96369772860895 385.9263431114579, 77.10843957483554 385.4251020838859, 77.28416210711175 380.680593712428, 72.25428430855402 380.1002231972099, 70.6 386.72, 62.14137608729419 386.65816467653, 63.07 344.52, 137.47 345.96))","POLYGON ((-95.55617801107252 29.74736100373129, -95.5561713405111 29.74734135967002, -95.55613135240412 29.74734513077808, -95.55613128148538 29.74736110656264, -95.556102557893 29.74736115623339, -95.55609952177468 29.74734796574673, -95.5559655546365 29.7473519241967, -95.55595920238363 29.74722338764178, -95.5559885627536 29.74721731239795, -95.5559907567008 29.74719573879632, -95.55603751015556 29.74719716466865, -95.55604759416985 29.74721151016031, -95.55618497348799 29.74721007832392, -95.55619136856664 29.74718942534033, -95.55630637143557 29.74719197843852, -95.55631544804257 29.74720105744077, -95.55635172938274 29.74720035608884, -95.55635570697616 29.74718991266936, -95.55637696649656 29.74719018857454, -95.55637785673885 29.74719235777097, -95.55640490312375 29.7471940440748, -95.55640706656798 29.7472119080871, -95.55642033032936 29.74721165167819, -95.55642227412203 29.74718791121699, -95.55646505724052 29.74718919577892, -95.5564647165002 29.74720919009246, -95.55648904936268 29.74721116468158, -95.55649632418063 29.74718313616263, -95.55653714643259 29.74718260747497, -95.55653717014248 29.74736012721631, -95.55617801107252 29.74736100373129))",-95.5562602137351,29.747277674502897,482014310012,commercial,False,0,0.878345498783455,862.9,3.037837837837838,3.037837837837838,2.5,2.2,1.92,2.0,1.8,2.478918918918919
05684ed8-73ea-49de-9310-396101cfc7de,hurricane-harvey_00000508,building_crops/hurricane-harvey_00000508_05684ed8.png,56,58,6500.871814399541,2.2015352000000004,"POLYGON ((580.4480479821594 740.5118042359168, 561.7443895910018 740.7611863477988, 560.9962432553555 701.3588126704268, 597.4060315901423 701.6081947823089, 597.6554137020244 731.7834303200432, 591.670243016854 732.2821945438073, 591.4208609049718 738.766129452742, 580.9468122059236 738.2673652289778, 580.4480479821594 740.5118042359168))","POLYGON ((-95.61901815892098 29.86256450298855, -95.61910844841387 29.86256166034307, -95.61911639485105 29.86272742929548, -95.61894055018806 29.86272987005599, -95.61893602728838 29.8626028893772, -95.61896487386264 29.86260021638521, -95.61896536498041 29.86257290223807, -95.6190159973194 29.86257399742314, -95.61901815892098 29.86256450298855))",-95.61902868410118,29.862650255756268,482015407003,commercial,False,0,1.0,260.0,1.6143250688705235,1.6143250688705235,2.5,2.2,1.92,2.0,1.8,1.7671625344352617
3acb5099-9122-4cf9-aff1-9a83201b918b,hurricane-harvey_00000180,building_crops/hurricane-harvey_00000180_3acb5099.png,50,69,5409.219861349345,2.2015352000000004,"POLYGON ((837.0838845142446 684.6033452638152, 865.6472210761652 683.08862287038, 867.7029157529702 709.2716813854739, 857.2269536427779 712.2794294594214, 858.6623141607894 730.9391161935721, 842.5862763590596 733.2356930223906, 837.0838845142446 684.6033452638152))","POLYGON ((-95.64966545590116 29.71135532405723, -95.64952784782352 29.71136446067878, -95.64951503548204 29.7112544106924, -95.6495652336264 29.71124073429438, -95.64955624578285 29.71116230292297, -95.64963353454367 29.71115108017857, -95.64966545590116 29.71135532405723))",-95.6495927766333,29.711271177702535,482014543032,commercial,False,0,1.0,216.4,2.737201365187713,2.737201365187713,2.5,2.2,1.92,2.0,1.8,2.3286006825938568
8d98a5c0-f400-4206-9073-355929d315fe,hurricane-harvey_00000080,building_crops/hurricane-harvey_00000080_8d98a5c0.png,46,52,2731.572513710934,2.2015352000000004,"POLYGON ((466.7227696325553 192.9520783561003, 471.8142740488679 211.8205947224352, 486.7892870380226 208.8255921246043, 484.692785219541 198.6425832919791, 488.2867883369381 197.4445822528467, 490.3832901554197 189.9570757582694, 485.5912859988902 185.1650716017399, 478.4032797640959 185.1650716017399, 476.9057784651805 178.5760658865118, 466.1237691129891 179.7740669256441, 464.0272672945075 184.2665708223906, 466.7227696325553 192.9520783561003))","POLYGON ((-95.62685087431889 29.62595617223528, -95.62682426337112 29.62587717742403, -95.62675239164543 29.6258912241173, -95.62676361298203 29.62593391846852, -95.62674641615496 29.62593930824228, -95.62673712696275 29.6259710487006, -95.62676075470675 29.62599077661764, -95.62679541036543 29.62599008991858, -95.62680335077278 29.62601770220676, -95.62685520327359 29.62601162570989, -95.6268648199285 29.62599250131384, -95.62685087431889 29.62595617223528))",-95.62680258469598,29.625949766154548,,commercial,False,0,,109.3,,,,,,,,
5a881d0e-598a-4ff2-8c31-12a22f260c48,hurricane-harvey_00000024,building_crops/hurricane-harvey_00000024_5a881d0e.png,68,111,8526.896632336446,1.9022960000000002,"POLYGON ((215.2979241504849 684.6309197816432, 231.6273349352062 679.7012863371991, 241.7947039143723 676.6202654344215, 259.0484209699269 741.3217043927513, 258.4322167893714 743.7865211149733, 260.8970335115935 750.8728691913618, 258.7403188796491 751.7971754621951, 260.2808293310379 757.3430130871948, 237.1731725602059 765.969871614972, 230.0868244838174 746.2513378371954, 229.4706203032619 740.397398121918, 216.8384346018737 697.2631054830315, 217.4546387824292 692.9496762191428, 217.4546387824292 690.4848594969208, 215.9141283310404 684.939021871921, 215.2979241504849 684.6309197816432))","POLYGON ((-95.38547147725284 29.7716353890515, -95.38539315328342 29.77165756931385, -95.38534438667062 29.77167142860076, -95.38525464996974 29.77140048329121, -95.38525737809196 29.77139005064941, -95.38524477391256 29.77136042577103, -95.38525509128915 29.77135634581846, -95.38524710218222 29.77133312729671, -95.38535777285783 29.7712947883046, -95.38539394459619 29.77137720287642, -95.3853975032204 29.77140179926556, -95.3854627805668 29.77158233100349, -95.38546023702825 29.77160054787732, -95.38546048311612 29.77161092684923, -95.38546847229814 29.77163414535325, -95.38547147725284 29.7716353890515))",-95.38535558221076,29.771485426271774,482015102023,large_multi_family,True,40,1.0,72.0,3.7289719626168223,3.7289719626168223,2.5,2.2,1.92,2.0,1.8,2.824485981308411
9b77fc6a-bc7a-4af1-9842-1f62f594c8d3,hurricane-harvey_00000180,building_crops/hurricane-harvey_00000180_9b77fc6a.png,75,50,7323.152556768704,2.2015352000000004,"POLYGON ((541.6409636381129 495.6649648820178, 558.6406036470388 495.2327706445028, 597.1058907858798 496.6734181028863, 597.6821497692332 526.4948204914258, 557.488085680332 526.3507557455875, 556.7677619511402 513.6730581118122, 541.4968988922745 513.6730581118122, 541.6409636381129 495.6649648820178))","POLYGON ((-95.65111144320751 29.7121223404344, -95.65102949252382 29.71212580301729, -95.65084379399006 29.71212345380724, -95.65083771344892 29.71199794121401, -95.6510316070463 29.71199466390118, -95.6510364849512 29.71204797596819, -95.6511101445892 29.71204650027653, -95.65111144320751 29.7121223404344))",-95.6509638426396,29.71206507226057,482014543032,commercial,False,0,1.0,292.9,2.737201365187713,2.737201365187713,2.5,2.2,1.92,2.0,1.8,2.3286006825938568
0652e288-03f5-4a7d-a70c-c3f034c9e4f3,hurricane-harvey_00000180,building_crops/hurricane-harvey_00000180_0652e288.png,74,55,5390.704508080208,2.2015352000000004,"POLYGON ((725.253939837531 203.4203751085641, 718.9093945490926 209.5886830278791, 716.4420713813665 220.1629251752764, 743.5826262263529 233.2044904903997, 748.1647978235584 223.8639099268654, 762.9687368299145 228.7985562623175, 771.4281305478323 214.8758041015778, 743.7588635954762 197.7807792966189, 738.2955051526543 205.1827487997969, 725.253939837531 203.4203751085641))","POLYGON ((-95.65025811957746 29.71337062897634, -95.65028804051082 29.71334404327973, -95.65029877162254 29.71329928018913, -95.65016641304595 29.71324698834061, -95.6501453441611 29.71328676117631, -95.65007338973207 29.71326741307343, -95.65003412568777 29.71332685448956, -95.6501694832029 29.71339616320331, -95.65019501714049 29.71336446810188, -95.65025811957746 29.71337062897634))",-95.65017140759376,29.713320456574223,482014543032,commercial,False,0,1.0,215.6,2.737201365187713,2.737201365187713,2.5,2.2,1.92,2.0,1.8,2.3286006825938568
0646f5b9-7597-4d0d-a363-d1b5f864d266,hurricane-harvey_00000452,building_crops/hurricane-harvey_00000452_0646f5b9.png,68,45,5467.046590645438,2.2015352000000004,"POLYGON ((56.52476572058459 895.844908911726, 71.34500305870165 895.844908911726, 72.23421729898867 890.9542305901474, 97.72502552055002 890.5096234700038, 103.9495252025592 892.8808614441026, 103.3567157090345 914.3702055843723, 100.9854777349358 916.0004316915652, 56.22836097382225 916.5932411850899, 55.63555148029756 911.7025628635113, 56.52476572058459 895.844908911726))","POLYGON ((-95.58538111423809 29.71427959307021, -95.58530962667216 29.71428098975343, -95.5853058654125 29.71430166659456, -95.585182954759 29.71430594089243, -95.58515267398711 29.71429654295352, -95.58515321365446 29.71420600250326, -95.58516447567034 29.71419891470258, -95.58538030395233 29.71419220072277, -95.5853836914608 29.71421273789518, -95.58538111423809 29.71427959307021))",-95.58526335413818,29.714246394852953,482014524012,commercial,False,0,0.9377289377289377,218.7,2.8,2.8,2.5,2.2,1.92,2.0,1.8,2.36
874b97fd-f81c-4bb8-afda-cab8578c39f5,hurricane-harvey_00000156,building_crops/hurricane-harvey_00000156_874b97fd.png,68,66,6857.191052353865,2.2015352000000004,"POLYGON ((784.7169665994559 635.4401191389136, 808.8983655732139 638.3711978023995, 806.7000565755995 657.789593947993, 826.8512223870647 662.5525967761575, 821.7218347259644 682.3373777546868, 777.3892699407413 672.8113720983579, 784.7169665994559 635.4401191389136))","POLYGON ((-95.6369114267789 29.78084136940297, -95.63679438218017 29.7808313566626, -95.63680284917415 29.78074938026942, -95.63670505590851 29.78073126561928, -95.63672763049388 29.78064746419842, -95.63694267035875 29.78068330520806, -95.6369114267789 29.78084136940297))",-95.63683586421149,29.780737455755744,482014505001,commercial,False,0,0.9020979020979021,274.3,3.365979381443299,3.365979381443299,2.5,2.2,1.92,2.0,1.8,2.6429896907216497
53c84a7b-d0ba-45e5-b170-400102920a26,hurricane-harvey_00000463,building_crops/hurricane-harvey_00000463_53c84a7b.png,46,70,5901.133682632413,2.2015352000000004,"POLYGON ((602.9402972795576 701.662755309559, 627.7423326357836 702.7344481953219, 624.9865509295362 752.3385189077735, 600.3376145569907 750.1951331362478, 602.9402972795576 701.662755309559))","POLYGON ((-95.5986966112096 29.75797534082993, -95.5985768078882 29.75797318087597, -95.59858471420573 29.75776405660339, -95.59870389497458 29.7577707435567, -95.5986966112096 29.75797534082993))",-95.59864028592713,29.75787088811357,482014512001,vacant,False,0,0.7973640856672158,0.0,2.773755656108597,2.773755656108597,2.5,2.2,1.92,2.0,1.8,2.3468778280542986
042d0ad7-9272-4cf6-ae47-797372d6034b,hurricane-harvey_00000176,building_crops/hurricane-harvey_00000176_042d0ad7.png,87,68,10867.340451826698,2.2015352000000004,"POLYGON ((161.646328093985 153.5759968135965, 210.5252220228768 159.810549610649, 208.0314009040559 190.7339314840296, 194.3153847505403 189.4870209246191, 192.5697099673656 202.2055086306062, 142.6932875909453 193.7265168266148, 144.1895802622379 179.511736449335, 156.1599216325788 181.5067933443918, 161.646328093985 153.5759968135965))","POLYGON ((-95.62907243834394 29.74420146818743, -95.62883590430648 29.74417990475134, -95.62884453846908 29.74404945551117, -95.62891085748065 29.74405339028528, -95.62891788265567 29.7439996687133, -95.62915947622824 29.7440305870619, -95.62915381897452 29.74409058519979, -95.62909584085814 29.74408333284984, -95.62907243834394 29.74420146818743))",-95.62898447771613,29.744100817393463,482014516061,commercial,False,0,0.9516574585635359,434.7,3.3566666666666665,3.3566666666666665,2.5,2.2,1.92,2.0,1.8,2.638333333333333
7ec7c45c-ec3e-4095-ab8d-13fd9456371f,hurricane-harvey_00000176,building_crops/hurricane-harvey_00000176_7ec7c45c.png,81,65,10468.776674879104,2.2015352000000004,"POLYGON ((137.733381797557 297.5134056610786, 191.3180260856992 295.9824158242745, 194.5331047429878 327.5208064624383, 182.8975819832769 327.827004429799, 183.5099779179985 339.7687251568707, 134.3652041565881 341.1466160099944, 132.9873133034644 328.5924993482011, 151.3591913451132 326.9084105277166, 150.7467954103915 319.7127582947375, 155.0335669534429 319.4065603273767, 154.7273689860821 315.2728877680057, 138.1926787485982 314.9666898006449, 137.2740848465158 310.8330172412739, 137.733381797557 297.5134056610786))","POLYGON ((-95.62917199954245 29.74359309270398, -95.6289136146059 29.74360467934245, -95.62889463488999 29.74347218805011, -95.62895074415417 29.74346978266237, -95.62894647667763 29.74341955803106, -95.62918345502281 29.74340904192794, -95.62919148354649 29.74346177174532, -95.62910302197353 29.74347062535571, -95.62910676783008 29.74350086556222, -95.62908611725103 29.7435025660907, -95.62908804907882 29.74351994249919, -95.6291678648069 29.74351964569524, -95.62917275154113 29.7435369633554, -95.62917199954245 29.74359309270398))",-95.62903779858395,29.74350959301932,482014516061,commercial,False,0,0.9516574585635359,418.8,3.3566666666666665,3.3566666666666665,2.5,2.2,1.92,2.0,1.8,2.638333333333333
c5850310-4bd8-492f-bbef-bf798b344bcd,hurricane-harvey_00000076,building_crops/hurricane-harvey_00000076_c5850310.png,66,76,5007.353211866259,1.9022960000000002,"POLYGON ((329.8100120003229 126.5549243914973, 308.6536189748524 137.8083249369603, 305.4455251849557 131.5449037281144, 300.4071320998877 133.8350824031453, 286.02 100.86, 287.3431061922574 100.2259315382603, 287.7079879884053 94.87433186142414, 290.87 90.57, 290.910238472969 90.68970686676829, 310.5568390393336 83.65218464378106, 329.8100120003229 126.5549243914973))","POLYGON ((-95.35613921506021 30.02799393428639, -95.35624035405993 30.02794477168681, -95.3562564836957 30.02797083702537, -95.35628060872611 30.0279607684675, -95.35635343070199 30.02809821154213, -95.35634709859785 30.02810099294737, -95.35634586760328 30.028123532712, -95.35633101247774 30.02814191005239, -95.35633080607096 30.02814141006515, -95.35623654489768 30.02817271052553, -95.35613921506021 30.02799393428639))",-95.35625108132028,30.028057940708422,482012408021,institutional,False,0,0.9578783151326054,300.4,3.220108695652174,3.220108695652174,2.5,2.2,1.92,2.0,1.8,2.570054347826087
95f301f1-f1c9-40f5-8157-12b5d0cf70be,hurricane-harvey_00000356,building_crops/hurricane-harvey_00000356_95f301f1.png,37,32,685.3599189935144,2.2015352000000004,"POLYGON ((582.0879790435587 326.4912057136889, 595.8378653326715 320.4071852317805, 599.9749992603691 326.9779273522416, 599.6099580314547 330.2632984124721, 586.711834609809 333.6703498823407, 582.0879790435587 326.4912057136889))","POLYGON ((-95.57390932644056 29.75141297875915, -95.57384363173637 29.75143988818512, -95.57382296084579 29.75141260944507, -95.57382436869646 29.75139874149037, -95.57388624139016 29.75138318395775, -95.57390932644056 29.75141297875915))",-95.57386292276307,29.75140995432063,482014511003,unknown_nonres,False,0,0.9426605504587156,6.9,2.8,2.8,1.5714285714285714,2.2,1.92,2.0,1.8,2.36
b3043cc0-c034-4aa4-8172-5bcb8ab27140,hurricane-harvey_00000391,building_crops/hurricane-harvey_00000391_b3043cc0.png,73,75,6671.964582367781,2.2015352000000004,"POLYGON ((475.8109984550159 445.0256931484013, 483.8490173558808 445.0256931484013, 484.1360894594831 449.6188468060384, 493.6094688783596 449.9059189096407, 493.035324671155 445.5998373556059, 503.0828482972361 445.0256931484013, 504.80528091885 441.2937558015712, 501.9345598828268 419.1892038241928, 502.2216319864291 416.6055548917719, 489.5904594279272 417.1796990989765, 488.4421710135179 415.7443385809649, 479.2558636982437 415.7443385809649, 477.5334310766298 416.6055548917719, 478.1075752838345 395.3622192252004, 461.1703211712978 393.6397866035865, 460.3091048604908 399.9553728828375, 456.2900954100584 403.6873102296676, 451.1227975452167 403.6873102296676, 450.8357254416143 410.8641128197256, 459.4478885496839 411.4382570269302, 462.8927537929117 415.4572664773626, 463.7539701037186 419.7633480313974, 468.0600516577534 420.6245643422043, 472.0790611081858 427.51429482866, 474.949782144209 428.0884390358646, 474.949782144209 430.3850158646831, 474.949782144209 431.8203763826947, 475.5239263514136 434.4040253151156, 476.6722147658229 437.5618184547411, 476.9592868694252 440.7196115943665, 476.9592868694252 441.5808279051735, 476.9592868694252 442.1549721123781, 476.6722147658229 442.4420442159804, 475.8109984550159 444.4515489411967, 475.8109984550159 445.0256931484013))","POLYGON ((-95.60439111760734 29.76325825855931, -95.60435232679856 29.76325902278328, -95.60435044089745 29.76323971024964, -95.6043046918837 29.76323940218719, -95.60430793188048 29.76325747868974, -95.60425950592865 29.76326085141599, -95.60425160026483 29.76327672878172, -95.60426786278705 29.76336952877964, -95.60426675893146 29.76338043472564, -95.6043276534295 29.76337681635376, -95.60433335139103 29.76338275087619, -95.60437768379894 29.76338187747951, -95.60438590227686 29.76337808749856, -95.60438544642979 29.76346758878228, -95.60446737207404 29.76347323084354, -95.60447083999476 29.76344655669986, -95.60448982874028 29.76343046096238, -95.60451476572868 29.76342996964836, -95.60451536900736 29.76339972387781, -95.60447374480447 29.76339812525323, -95.60445668217932 29.763381530444, -95.60445205676294 29.7633634812419, -95.60443118210209 29.7633602644426, -95.60441103588585 29.76333163682417, -95.60439711945016 29.76332949228703, -95.60439686918743 29.76331982237393, -95.60439671277327 29.76331377867823, -95.6043936604547 29.76330295461394, -95.60438777479855 29.76328976765906, -95.60438604530285 29.76327649882225, -95.60438595145492 29.76327287260477, -95.60438588888964 29.76327045512646, -95.60438724299314 29.76326921909342, -95.60439118017271 29.76326067603762, -95.60439111760734 29.76325825855931))",-95.60436928844821,29.763353885919503,482014507001,commercial,False,0,0.8839103869653768,266.9,3.5920398009950247,3.5920398009950247,2.5,2.2,1.92,2.0,1.8,2.7560199004975123
