estimated_population,building_type,quality_flag,estimated_units,footprint_area_sqft,GEOID,STAT_LAND_,people_per_unit_ratio,estimation_notes
2.0,single_family_detached,ok,1,343.16954909618056,482012517021,A1,2.5308641975308643,none
2.0,single_family_detached,ok,1,434.54944858262127,482012517021,A1,2.5308641975308643,none
4.9,single_family_detached,ok,1,106.14754613813396,482012516001,A1,5.983539094650205,none
4.9,single_family_detached,ok,1,65.39926313914944,482012516001,A1,5.983539094650205,none
4.9,single_family_detached,ok,1,266.88091897411164,482012516001,A1,5.983539094650205,none
2.0,single_family_detached,ok,1,407.685597020355,482012517021,A1,2.5308641975308643,none
4.9,single_family_detached,ok,1,179.37925587682776,482012516001,A1,5.983539094650205,none
2.0,single_family_detached,ok,1,245.79057120191956,482012517021,A1,2.5308641975308643,none
4.9,single_family_detached,ok,1,251.83171483114248,482012516001,A1,5.983539094650205,none
4.9,mobile_home,ok,1,144.49289345719842,482012516001,A2,5.983539094650205,none
4.9,single_family_detached,ok,1,200.90803396780416,482012516001,A1,5.983539094650205,none
4.9,mobile_home,ok,1,307.48543191082314,482012516001,A2,5.983539094650205,none
4.9,single_family_detached,ok,1,152.9723243861762,482012516001,A1,5.983539094650205,none
4.9,single_family_detached,ok,1,174.66455203891,482012516001,A1,5.983539094650205,none
4.9,single_family_detached,ok,1,155.28112705478964,482012516001,A1,5.983539094650205,none
4.9,single_family_detached,ok,1,237.91751799360947,482012516001,A1,5.983539094650205,none
4.9,single_family_detached,ok,1,157.44947473306314,482012516001,A1,5.983539094650205,none
4.9,single_family_detached,ok,1,196.6275429724143,482012516001,A1,5.983539094650205,none
2.0,single_family_detached,ok,1,99.33222165262254,482012517021,A1,2.5308641975308643,none
2.0,single_family_detached,ok,1,365.860561138755,482012517021,A1,2.5308641975308643,none
2.0,single_family_detached,ok,1,184.72623586974044,482012517021,A1,2.5308641975308643,none
2.0,single_family_detached,ok,1,125.20230928930593,482012517021,A1,2.5308641975308643,none
4.9,single_family_detached,ok,1,73.90152384669798,482012516001,A1,5.983539094650205,none
4.9,single_family_detached,ok,1,248.09900549222237,482012516001,A1,5.983539094650205,none
2.0,single_family_detached,ok,1,362.9331518877771,482012517021,A1,2.5308641975308643,none
4.9,single_family_detached,ok,1,248.8597133529241,482012516001,A1,5.983539094650205,none
4.9,single_family_detached,ok,1,171.74218631780096,482012516001,A1,5.983539094650205,none
4.9,single_family_detached,ok,1,105.1872702695106,482012516001,A1,5.983539094650205,none
2.0,single_family_detached,ok,1,467.38839639501487,482012517021,A1,2.5308641975308643,none
4.9,single_family_detached,ok,1,224.21892757164358,482012516001,A1,5.983539094650205,none
4.9,single_family_detached,ok,1,233.35755873581235,482012516001,A1,5.983539094650205,none
2.6,single_family_detached,ok,1,96.10560023723639,482012516002,A1,3.1485642946317105,none
2.3,single_family_detached,ok,1,115.52253041813387,482012516003,A1,2.8,none
2.3,single_family_detached,ok,1,56.75422536993476,482012516003,A1,2.8,none
2.6,single_family_detached,ok,1,298.7710915740803,482012516002,A1,3.1485642946317105,none
2.6,single_family_detached,ok,1,361.5921373752671,482012516002,A1,3.1485642946317105,none
4.9,mobile_home,ok,1,171.49347296370192,482012516001,A2,5.983539094650205,none
2.6,single_family_detached,ok,1,369.050409527775,482012516002,A1,3.1485642946317105,none
2.6,single_family_detached,ok,1,405.9246420202849,482012516002,A1,3.1485642946317105,none
2.6,single_family_detached,ok,1,45.4924948309341,482012516002,A1,3.1485642946317105,none
4.9,single_family_detached,ok,1,671.9114283368613,482012516001,A1,5.983539094650205,none
4.9,single_family_detached,ok,1,210.37365216186123,482012516001,A1,5.983539094650205,none
2.6,single_family_detached,ok,1,86.89023198972046,482012516002,A1,3.1485642946317105,none
4.9,single_family_detached,ok,1,118.7455797618527,482012516001,A1,5.983539094650205,none
2.3,single_family_detached,ok,1,182.682016574937,482012516003,A1,2.8,none
4.9,single_family_detached,ok,1,141.1355213084841,482012516001,A1,5.983539094650205,none
4.1,duplex,ok,2,72.82965840161532,482012516001,B2,2.5,none
2.6,single_family_detached,ok,1,190.17930008961912,482012516002,A1,3.1485642946317105,none
4.9,single_family_detached,ok,1,161.80935403087707,482012516001,A1,5.983539094650205,none
2.6,single_family_detached,ok,1,294.7790032937616,482012516002,A1,3.1485642946317105,none
4.9,single_family_detached,ok,1,204.40968514431944,482012516001,A1,5.983539094650205,none
2.6,single_family_detached,ok,1,432.0292188640418,482012516002,A1,3.1485642946317105,none
4.9,mobile_home,ok,1,157.16414798470913,482012516001,A2,5.983539094650205,none
4.9,single_family_detached,ok,1,729.838372041255,482012516001,A1,5.983539094650205,none
4.9,single_family_detached,ok,1,150.6791230421258,482012516001,A1,5.983539094650205,none
4.9,single_family_detached,ok,1,234.19886907994413,482012516001,A1,5.983539094650205,none
2.6,single_family_detached,ok,1,299.31071573808157,482012516002,A1,3.1485642946317105,none
2.3,mobile_home,ok,1,184.43455947499683,482012516003,A2,2.8,none
4.9,single_family_detached,ok,1,118.44050207029912,482012516001,A1,5.983539094650205,none
4.9,single_family_detached,ok,1,203.47700127371363,482012516001,A1,5.983539094650205,none
2.6,single_family_detached,ok,1,492.361088331069,482012516002,A1,3.1485642946317105,none
4.9,single_family_detached,ok,1,233.51206216686933,482012516001,A1,5.983539094650205,none
2.6,single_family_detached,ok,1,341.6913883705835,482012516002,A1,3.1485642946317105,none
4.9,single_family_detached,ok,1,65.52810134060053,482012516001,A1,5.983539094650205,none
2.6,single_family_detached,ok,1,450.720708654437,482012516002,A1,3.1485642946317105,none
2.6,single_family_detached,ok,1,246.60077268159154,482012516002,A1,3.1485642946317105,none
2.6,single_family_detached,ok,1,385.6177840118743,482012516002,A1,3.1485642946317105,none
2.6,single_family_detached,ok,1,400.6325082523105,482012516002,A1,3.1485642946317105,none
2.6,single_family_detached,ok,1,300.3186769259989,482012516002,A1,3.1485642946317105,none
2.3,single_family_detached,ok,1,347.60341256570433,482012516003,A1,2.8,none
4.9,single_family_detached,ok,1,699.9184578717277,482012516001,A1,5.983539094650205,none
2.6,single_family_detached,ok,1,436.072666441059,482012516002,A1,3.1485642946317105,none
2.3,single_family_detached,ok,1,125.40465583715513,482012516003,A1,2.8,none
2.3,single_family_detached,ok,1,51.654871465801605,482012516003,A1,2.8,none
2.3,single_family_detached,ok,1,449.8635616144256,482012516003,A1,2.8,none
2.3,mobile_home,ok,1,63.39519285575605,482012516003,A2,2.8,none
2.6,single_family_detached,ok,1,135.05327620076278,482012516002,A1,3.1485642946317105,none
2.6,single_family_detached,ok,1,376.94644966024646,482012516002,A1,3.1485642946317105,none
2.6,single_family_detached,ok,1,356.41984668908,482012516002,A1,3.1485642946317105,none
2.3,mobile_home,ok,1,69.08582815936126,482012516003,A2,2.8,none
2.3,single_family_detached,ok,1,204.56829815940614,482012516003,A1,2.8,none
2.6,single_family_detached,ok,1,195.64992415231518,482012516002,A1,3.1485642946317105,none
2.6,single_family_detached,ok,1,71.88455440910344,482012516002,A1,3.1485642946317105,none
2.0,single_family_detached,ok,1,294.3626217670129,482012517021,A1,2.5308641975308643,none
2.0,single_family_detached,ok,1,361.9084875271133,482012517021,A1,2.5308641975308643,none
2.0,single_family_detached,ok,1,312.3729935535481,482012517021,A1,2.5308641975308643,none
2.0,single_family_detached,ok,1,116.28829263303865,482012517021,A1,2.5308641975308643,none
2.0,single_family_detached,ok,1,246.72794522760793,482012517021,A1,2.5308641975308643,none
4.9,single_family_detached,ok,1,40.23907988962062,482012516001,A1,5.983539094650205,none
2.0,single_family_detached,ok,1,398.4779104137997,482012517021,A1,2.5308641975308643,none
4.9,single_family_detached,ok,1,144.13260621139554,482012516001,A1,5.983539094650205,none
4.9,mobile_home,ok,1,108.56632581566726,482012516001,A2,5.983539094650205,none
4.9,single_family_detached,ok,1,196.81129501827982,482012516001,A1,5.983539094650205,none
4.9,single_family_detached,ok,1,240.03950405973322,482012516001,A1,5.983539094650205,none
4.9,single_family_detached,ok,1,239.5044472628699,482012516001,A1,5.983539094650205,none
4.9,single_family_detached,ok,1,164.96558079115115,482012516001,A1,5.983539094650205,none
4.9,single_family_detached,ok,1,221.423504030335,482012516001,A1,5.983539094650205,none
4.9,single_family_detached,ok,1,37.72800207663748,482012516001,A1,5.983539094650205,none
2.6,single_family_detached,ok,1,159.99095496368096,482012516002,A1,3.1485642946317105,none
2.6,single_family_detached,ok,1,350.87566305325254,482012516002,A1,3.1485642946317105,none
2.6,single_family_detached,ok,1,696.7970275097696,482012516002,A1,3.1485642946317105,none
2.3,single_family_detached,ok,1,126.86967935765587,482012516003,A1,2.8,none
2.6,single_family_detached,ok,1,241.42614951181355,482012516002,A1,3.1485642946317105,none
2.6,single_family_detached,ok,1,333.3257599138746,482012516002,A1,3.1485642946317105,none
2.6,single_family_detached,ok,1,567.9149541864662,482012516002,A1,3.1485642946317105,none
2.3,single_family_detached,ok,1,101.17005046556447,482012516003,A1,2.8,none
2.6,single_family_detached,ok,1,294.82552396904896,482012516002,A1,3.1485642946317105,none
2.6,single_family_detached,ok,1,290.05057930144255,482012516002,A1,3.1485642946317105,none
2.6,single_family_detached,ok,1,319.7474942822975,482012516002,A1,3.1485642946317105,none
2.6,single_family_detached,ok,1,232.702271101216,482012516002,A1,3.1485642946317105,none
2.6,single_family_detached,ok,1,91.45528903283635,482012516002,A1,3.1485642946317105,none
2.6,single_family_detached,ok,1,247.68613295932226,482012516002,A1,3.1485642946317105,none
2.3,single_family_detached,ok,1,107.50600611419848,482012516003,A1,2.8,none
2.3,single_family_detached,ok,1,119.98534595911116,482012516003,A1,2.8,none
2.3,mobile_home,ok,1,107.37116677715855,482012516003,A2,2.8,none
2.6,single_family_detached,ok,1,475.68138219678906,482012516002,A1,3.1485642946317105,none
2.3,mobile_home,ok,1,168.95360140409133,482012516003,A2,2.8,none
2.3,single_family_detached,ok,1,197.73808418993772,482012516003,A1,2.8,none
2.6,single_family_detached,ok,1,278.69509780578176,482012516002,A1,3.1485642946317105,none
2.3,mobile_home,ok,1,124.82305164964734,482012516003,A2,2.8,none
2.6,single_family_detached,ok,1,69.52444988909164,482012516002,A1,3.1485642946317105,none
2.0,single_family_detached,ok,1,414.63883424584515,482012517021,A1,2.5308641975308643,none
2.0,single_family_detached,ok,1,229.17909761739534,482012517021,A1,2.5308641975308643,none
2.0,single_family_detached,ok,1,562.3490973881785,482012517021,A1,2.5308641975308643,none
4.9,single_family_detached,ok,1,162.5964179872162,482012516001,A1,5.983539094650205,none
4.9,mobile_home,ok,1,69.67536836999446,482012516001,A2,5.983539094650205,none
4.9,mobile_home,ok,1,184.59728646886145,482012516001,A2,5.983539094650205,none
4.9,single_family_detached,ok,1,165.29588664599,482012516001,A1,5.983539094650205,none
4.9,single_family_detached,ok,1,301.48752155112675,482012516001,A1,5.983539094650205,none
4.9,single_family_detached,ok,1,86.90586310522959,482012516001,A1,5.983539094650205,none
4.9,single_family_detached,ok,1,282.3304866952825,482012516001,A1,5.983539094650205,none
4.9,single_family_detached,ok,1,74.80215144409036,482012516001,A1,5.983539094650205,none
4.9,single_family_detached,ok,1,77.99511058948386,482012516001,A1,5.983539094650205,none
4.9,single_family_detached,ok,1,238.54134653047134,482012516001,A1,5.983539094650205,none
4.9,single_family_detached,ok,1,199.45422357765653,482012516001,A1,5.983539094650205,none
2.6,single_family_detached,ok,1,436.7312453082125,482012516002,A1,3.1485642946317105,none
2.3,mobile_home,ok,1,41.30994385947634,482012516003,A2,2.8,none
2.6,single_family_detached,ok,1,387.69736918726716,482012516002,A1,3.1485642946317105,none
2.6,single_family_detached,ok,1,499.15300248304436,482012516002,A1,3.1485642946317105,none
2.3,mobile_home,ok,1,152.31747003162812,482012516003,A2,2.8,none
2.6,single_family_detached,ok,1,298.8904959290504,482012516002,A1,3.1485642946317105,none
2.6,single_family_detached,ok,1,218.44334739671297,482012516002,A1,3.1485642946317105,none
2.6,single_family_detached,ok,1,335.5325370779159,482012516002,A1,3.1485642946317105,none
2.6,single_family_detached,ok,1,359.58299959085195,482012516002,A1,3.1485642946317105,none
2.3,single_family_detached,ok,1,277.7815579112523,482012516003,A1,2.8,none
2.3,single_family_detached,ok,1,51.09065100643558,482012516003,A1,2.8,none
2.3,single_family_detached,ok,1,76.9505498945711,482012516003,A1,2.8,none
2.6,single_family_detached,ok,1,254.44887066840357,482012516002,A1,3.1485642946317105,none
2.6,single_family_detached,ok,1,579.6204794640917,482012516002,A1,3.1485642946317105,none
2.3,mobile_home,ok,1,127.11166890128614,482012516003,A2,2.8,none
2.0,single_family_detached,ok,1,367.9395789393254,482012517021,A1,2.5308641975308643,none
2.0,single_family_detached,ok,1,408.89536898149044,482012517021,A1,2.5308641975308643,none
2.0,single_family_detached,ok,1,240.247480918546,482012517021,A1,2.5308641975308643,none
2.0,single_family_detached,ok,1,164.84611832773564,482012517021,A1,2.5308641975308643,none
2.0,single_family_detached,ok,1,331.4357771116836,482012517021,A1,2.5308641975308643,none
2.0,single_family_detached,ok,1,511.9802436596024,482012517021,A1,2.5308641975308643,none
2.0,single_family_detached,ok,1,128.03080261972767,482012517021,A1,2.5308641975308643,none
4.9,single_family_detached,ok,1,138.08993031938556,482012516001,A1,5.983539094650205,none
4.9,single_family_detached,ok,1,236.18924009414184,482012516001,A1,5.983539094650205,none
4.1,duplex,ok,2,419.7611877259574,482012516001,B2,2.5,none
4.9,single_family_detached,ok,1,204.9437104256646,482012516001,A1,5.983539094650205,none
4.9,single_family_detached,ok,1,118.54874987862655,482012516001,A1,5.983539094650205,none
4.9,single_family_detached,ok,1,198.0041446517922,482012516001,A1,5.983539094650205,none
4.9,single_family_detached,ok,1,152.1196528477255,482012516001,A1,5.983539094650205,none
4.9,single_family_detached,ok,1,67.13694780345236,482012516001,A1,5.983539094650205,none
4.9,single_family_detached,ok,1,100.32313007956674,482012516001,A1,5.983539094650205,none
4.9,single_family_detached,ok,1,174.0363449307177,482012516001,A1,5.983539094650205,none
4.9,mobile_home,ok,1,198.34450987002745,482012516001,A2,5.983539094650205,none
2.6,single_family_detached,ok,1,635.251965256706,482012516002,A1,3.1485642946317105,none
2.6,single_family_detached,ok,1,467.2255828748022,482012516002,A1,3.1485642946317105,none
2.6,single_family_detached,ok,1,59.879027410615755,482012516002,A1,3.1485642946317105,none
2.6,single_family_detached,ok,1,138.7520010110493,482012516002,A1,3.1485642946317105,none
2.3,single_family_detached,ok,1,140.0055076460785,482012516003,A1,2.8,none
2.6,single_family_detached,ok,1,152.7311957482746,482012516002,A1,3.1485642946317105,none
2.6,single_family_detached,ok,1,77.86028900596337,482012516002,A1,3.1485642946317105,none
2.6,single_family_detached,ok,1,251.27010790078347,482012516002,A1,3.1485642946317105,none
2.6,single_family_detached,ok,1,178.78015787667968,482012516002,A1,3.1485642946317105,none
2.3,single_family_detached,ok,1,227.48695713822588,482012516003,A1,2.8,none
2.3,single_family_detached,ok,1,496.2959382245056,482012516003,A1,2.8,none
2.6,single_family_detached,ok,1,325.1001232088836,482012516002,A1,3.1485642946317105,none
2.6,single_family_detached,ok,1,577.3879829494582,482012516002,A1,3.1485642946317105,none
2.3,single_family_detached,ok,1,105.39540437168152,482012516003,A1,2.8,none
2.3,single_family_detached,ok,1,382.0413300148201,482012516003,A1,2.8,none
2.6,single_family_detached,ok,1,93.54373211584245,482012516002,A1,3.1485642946317105,none
2.6,single_family_detached,ok,1,157.97724831804206,482012516002,A1,3.1485642946317105,none
2.3,single_family_detached,ok,1,390.4518307841763,482012516003,A1,2.8,none
2.3,single_family_detached,ok,1,140.50848682979702,482012516003,A1,2.8,none
2.3,single_family_detached,ok,1,488.59767789027677,482012516003,A1,2.8,none
2.3,single_family_detached,ok,1,49.42683004912889,482012516003,A1,2.8,none
2.6,single_family_detached,ok,1,270.7668179531397,482012516002,A1,3.1485642946317105,none
2.6,single_family_detached,ok,1,407.11795338122914,482012516002,A1,3.1485642946317105,none
2.6,single_family_detached,ok,1,46.05950007847482,482012516002,A1,3.1485642946317105,none
2.6,single_family_detached,ok,1,298.85097142503616,482012516002,A1,3.1485642946317105,none
2.3,single_family_detached,ok,1,110.70642390292502,482012516003,A1,2.8,none
2.6,single_family_detached,ok,1,598.162602173116,482012516002,A1,3.1485642946317105,none
2.3,mobile_home,ok,1,303.8304239379205,482012516003,A2,2.8,none
2.0,single_family_detached,ok,1,436.8537999137787,482012517021,A1,2.5308641975308643,none
2.0,single_family_detached,ok,1,206.33294042951232,482012517021,A1,2.5308641975308643,none
4.9,single_family_detached,ok,1,340.6085271753805,482012516001,A1,5.983539094650205,none
2.0,single_family_detached,ok,1,340.75609872031316,482012517021,A1,2.5308641975308643,none
4.9,single_family_detached,ok,1,69.29979419095251,482012516001,A1,5.983539094650205,none
4.9,mobile_home,ok,1,178.1785858910573,482012516001,A2,5.983539094650205,none
4.9,single_family_detached,ok,1,157.80227231360698,482012516001,A1,5.983539094650205,none
4.9,single_family_detached,ok,1,271.44075800342017,482012516001,A1,5.983539094650205,none
4.9,single_family_detached,ok,1,145.74454394626352,482012516001,A1,5.983539094650205,none
4.9,single_family_detached,ok,1,97.03379135544259,482012516001,A1,5.983539094650205,none
2.6,single_family_detached,ok,1,543.7885135636755,482012516002,A1,3.1485642946317105,none
2.3,single_family_detached,ok,1,192.63351944271793,482012516003,A1,2.8,none
2.6,single_family_detached,ok,1,461.1119793920623,482012516002,A1,3.1485642946317105,none
2.6,single_family_detached,ok,1,259.75819013406345,482012516002,A1,3.1485642946317105,none
2.6,single_family_detached,ok,1,618.1118871701966,482012516002,A1,3.1485642946317105,none
2.3,single_family_detached,ok,1,220.02584498642736,482012516003,A1,2.8,none
2.6,single_family_detached,ok,1,366.5861408890389,482012516002,A1,3.1485642946317105,none
2.6,single_family_detached,ok,1,398.8263074067558,482012516002,A1,3.1485642946317105,none
2.6,single_family_detached,ok,1,376.78798393301804,482012516002,A1,3.1485642946317105,none
2.6,single_family_detached,ok,1,566.5612753236092,482012516002,A1,3.1485642946317105,none
2.3,single_family_detached,ok,1,142.14151991508197,482012516003,A1,2.8,none
2.6,single_family_detached,ok,1,237.5995523414245,482012516002,A1,3.1485642946317105,none
2.3,single_family_detached,ok,1,69.03273968870204,482012516003,A1,2.8,none
2.3,mobile_home,ok,1,45.842099347093786,482012516003,A2,2.8,none
2.6,single_family_detached,ok,1,142.25506845008834,482012516002,A1,3.1485642946317105,none
2.6,single_family_detached,ok,1,310.7262094163684,482012516002,A1,3.1485642946317105,none
2.6,single_family_detached,ok,1,460.9959874819847,482012516002,A1,3.1485642946317105,none
2.3,mobile_home,ok,1,55.593232560591204,482012516003,A2,2.8,none
2.0,single_family_detached,ok,1,333.12773992850623,482012517021,A1,2.5308641975308643,none
2.0,single_family_detached,ok,1,468.82129678783264,482012517021,A1,2.5308641975308643,none
2.0,single_family_detached,ok,1,236.88410931536092,482012517021,A1,2.5308641975308643,none
2.0,single_family_detached,ok,1,278.28714178198743,482012517021,A1,2.5308641975308643,none
4.9,mobile_home,ok,1,161.24594405563596,482012516001,A2,5.983539094650205,none
2.0,single_family_detached,ok,1,201.22975077665333,482012517021,A1,2.5308641975308643,none
4.9,mobile_home,ok,1,236.62223244710353,482012516001,A2,5.983539094650205,none
4.9,mobile_home,ok,1,200.85509030841175,482012516001,A2,5.983539094650205,none
4.9,single_family_detached,ok,1,189.4656284406867,482012516001,A1,5.983539094650205,none
4.9,single_family_detached,ok,1,100.7364141644434,482012516001,A1,5.983539094650205,none
4.9,mobile_home,ok,1,94.87589065410275,482012516001,A2,5.983539094650205,none
4.9,single_family_detached,ok,1,140.94423191126805,482012516001,A1,5.983539094650205,none
4.9,single_family_detached,ok,1,98.46743914091407,482012516001,A1,5.983539094650205,none
4.9,single_family_detached,ok,1,142.24087064948856,482012516001,A1,5.983539094650205,none
4.9,single_family_detached,ok,1,113.37991225840688,482012516001,A1,5.983539094650205,none
4.9,single_family_detached,ok,1,208.15230593361363,482012516001,A1,5.983539094650205,none
4.9,single_family_detached,ok,1,381.3829350621929,482012516001,A1,5.983539094650205,none
2.6,single_family_detached,ok,1,323.20954884690644,482012516002,A1,3.1485642946317105,none
2.6,single_family_detached,ok,1,631.3552113365294,482012516002,A1,3.1485642946317105,none
2.3,mobile_home,ok,1,129.1356765749808,482012516003,A2,2.8,none
2.3,single_family_detached,ok,1,129.1356765749808,482012516003,A1,2.8,none
2.6,single_family_detached,ok,1,533.2446745900264,482012516002,A1,3.1485642946317105,none
2.6,single_family_detached,ok,1,252.88547771523082,482012516002,A1,3.1485642946317105,none
2.3,mobile_home,ok,1,40.718844770271474,482012516003,A2,2.8,none
2.6,single_family_detached,ok,1,125.20959015470028,482012516002,A1,3.1485642946317105,none
2.3,single_family_detached,ok,1,118.35838026593532,482012516003,A1,2.8,none
2.6,single_family_detached,ok,1,88.93986527833414,482012516002,A1,3.1485642946317105,none
2.6,single_family_detached,ok,1,298.24725671665317,482012516002,A1,3.1485642946317105,none
2.6,single_family_detached,ok,1,534.7119218176424,482012516002,A1,3.1485642946317105,none
2.6,single_family_detached,ok,1,187.78360395436653,482012516002,A1,3.1485642946317105,none
2.3,mobile_home,ok,1,184.91939505993668,482012516003,A2,2.8,none
2.3,single_family_detached,ok,1,109.01837539619648,482012516003,A1,2.8,none
2.3,single_family_detached,ok,1,288.23445206518824,482012516003,A1,2.8,none
2.3,single_family_detached,ok,1,65.19438147393967,482012516003,A1,2.8,none
2.3,mobile_home,ok,1,196.05889784872267,482012516003,A2,2.8,none
2.3,single_family_detached,ok,1,141.38182971276035,482012516003,A1,2.8,none
2.3,mobile_home,ok,1,250.55315604124192,482012516003,A2,2.8,none
2.0,single_family_detached,ok,1,334.7500265340738,482012517021,A1,2.5308641975308643,none
4.9,single_family_detached,ok,1,74.89843490232894,482012516001,A1,5.983539094650205,none
4.9,single_family_detached,ok,1,255.92131334149403,482012516001,A1,5.983539094650205,none
4.9,single_family_detached,ok,1,249.1400835640536,482012516001,A1,5.983539094650205,none
4.9,single_family_detached,ok,1,254.535730651445,482012516001,A1,5.983539094650205,none
4.9,single_family_detached,ok,1,214.26963648957587,482012516001,A1,5.983539094650205,none
4.9,single_family_detached,ok,1,332.8726964760849,482012516001,A1,5.983539094650205,none
2.6,single_family_detached,ok,1,328.3914892861143,482012516002,A1,3.1485642946317105,none
2.6,single_family_detached,ok,1,385.9904258675858,482012516002,A1,3.1485642946317105,none
2.6,single_family_detached,ok,1,396.9599197585083,482012516002,A1,3.1485642946317105,none
2.6,single_family_detached,ok,1,399.2104782958893,482012516002,A1,3.1485642946317105,none
2.6,single_family_detached,ok,1,365.94136971248685,482012516002,A1,3.1485642946317105,none
2.6,single_family_detached,ok,1,102.55739421905702,482012516002,A1,3.1485642946317105,none
2.6,single_family_detached,ok,1,177.60227311337133,482012516002,A1,3.1485642946317105,none
2.3,single_family_detached,ok,1,537.1625379680612,482012516003,A1,2.8,none
2.6,single_family_detached,ok,1,145.74726388887967,482012516002,A1,3.1485642946317105,none
2.3,mobile_home,ok,1,150.66854677351162,482012516003,A2,2.8,none
2.6,single_family_detached,ok,1,119.50979299654381,482012516002,A1,3.1485642946317105,none
2.3,single_family_detached,ok,1,181.891292852822,482012516003,A1,2.8,none
2.3,single_family_detached,ok,1,130.9777300062518,482012516003,A1,2.8,none
2.6,single_family_detached,ok,1,74.91397525065918,482012516002,A1,3.1485642946317105,none
2.6,single_family_detached,ok,1,346.0193143522182,482012516002,A1,3.1485642946317105,none
2.6,single_family_detached,ok,1,212.20188133179332,482012516002,A1,3.1485642946317105,none
2.6,single_family_detached,ok,1,506.13843329769395,482012516002,A1,3.1485642946317105,none
2.6,single_family_detached,ok,1,431.30134517033025,482012516002,A1,3.1485642946317105,none
2.6,single_family_detached,ok,1,70.86706669067954,482012516002,A1,3.1485642946317105,none
2.0,single_family_detached,ok,1,318.78810244520207,482012517021,A1,2.5308641975308643,none
2.0,single_family_detached,ok,1,283.3214734386808,482012517021,A1,2.5308641975308643,none
4.9,single_family_detached,ok,1,170.36534737782068,482012516001,A1,5.983539094650205,none
2.0,single_family_detached,ok,1,73.14434974434752,482012517021,A1,2.5308641975308643,none
4.9,single_family_detached,ok,1,89.80141561788554,482012516001,A1,5.983539094650205,none
4.9,single_family_detached,ok,1,118.93924672269137,482012516001,A1,5.983539094650205,none
4.9,single_family_detached,ok,1,151.82799676798595,482012516001,A1,5.983539094650205,none
2.0,single_family_detached,ok,1,350.5485401434183,482012517021,A1,2.5308641975308643,none
4.9,single_family_detached,ok,1,173.04835743007095,482012516001,A1,5.983539094650205,none
4.9,mobile_home,ok,1,192.5684264114789,482012516001,A2,5.983539094650205,none
2.0,single_family_detached,ok,1,321.10688460127244,482012517021,A1,2.5308641975308643,none
2.0,single_family_detached,ok,1,141.86064160459776,482012517021,A1,2.5308641975308643,none
4.9,single_family_detached,ok,1,195.6257278342341,482012516001,A1,5.983539094650205,none
2.0,single_family_detached,ok,1,384.3639484019244,482012517021,A1,2.5308641975308643,none
4.9,mobile_home,ok,1,116.93976845886012,482012516001,A2,5.983539094650205,none
2.0,single_family_detached,ok,1,291.2503742757628,482012517021,A1,2.5308641975308643,none
4.9,single_family_detached,ok,1,83.27694145021648,482012516001,A1,5.983539094650205,none
4.9,single_family_detached,ok,1,408.45039968663764,482012516001,A1,5.983539094650205,none
4.9,mobile_home,ok,1,103.66434493753097,482012516001,A2,5.983539094650205,none
4.9,single_family_detached,ok,1,105.45211352368217,482012516001,A1,5.983539094650205,none
2.0,single_family_detached,ok,1,434.86569781776416,482012517021,A1,2.5308641975308643,none
4.9,single_family_detached,ok,1,263.45228887438594,482012516001,A1,5.983539094650205,none
2.0,single_family_detached,ok,1,386.7280541094615,482012517021,A1,2.5308641975308643,none
2.6,single_family_detached,ok,1,693.9029642204982,482012516002,A1,3.1485642946317105,none
2.6,single_family_detached,ok,1,312.22485291262126,482012516002,A1,3.1485642946317105,none
2.6,single_family_detached,ok,1,191.23030534363326,482012516002,A1,3.1485642946317105,none
2.6,single_family_detached,ok,1,562.3519947724812,482012516002,A1,3.1485642946317105,none
2.0,single_family_detached,ok,1,490.5067710277634,482012517021,A1,2.5308641975308643,none
4.9,single_family_detached,ok,1,177.0707169544057,482012516001,A1,5.983539094650205,none
4.9,single_family_detached,ok,1,236.42150996447955,482012516001,A1,5.983539094650205,none
4.9,single_family_detached,ok,1,120.46946782989936,482012516001,A1,5.983539094650205,none
2.6,single_family_detached,ok,1,65.64900053974524,482012516002,A1,3.1485642946317105,none
2.6,single_family_detached,ok,1,479.2930399092521,482012516002,A1,3.1485642946317105,none
2.6,single_family_detached,ok,1,418.4592642207255,482012516002,A1,3.1485642946317105,none
2.6,single_family_detached,ok,1,562.5625984416378,482012516002,A1,3.1485642946317105,none
2.6,single_family_detached,ok,1,307.2871425727553,482012516002,A1,3.1485642946317105,none
2.6,single_family_detached,ok,1,369.12540023759095,482012516002,A1,3.1485642946317105,none
4.9,mobile_home,ok,1,88.32935264201387,482012516001,A2,5.983539094650205,none
4.9,single_family_detached,ok,1,167.7643794677274,482012516001,A1,5.983539094650205,none
4.9,single_family_detached,ok,1,179.2537915859308,482012516001,A1,5.983539094650205,none
2.6,single_family_detached,ok,1,416.25125887372786,482012516002,A1,3.1485642946317105,none
4.9,mobile_home,ok,1,272.51980958904005,482012516001,A2,5.983539094650205,none
2.3,single_family_detached,ok,1,63.23410491895362,482012516003,A1,2.8,none
2.6,single_family_detached,ok,1,420.0861103034262,482012516002,A1,3.1485642946317105,none
4.9,single_family_detached,ok,1,213.94082332209172,482012516001,A1,5.983539094650205,none
2.3,mobile_home,ok,1,224.03420768740042,482012516003,A2,2.8,none
2.6,single_family_detached,ok,1,251.6623660440353,482012516002,A1,3.1485642946317105,none
4.9,single_family_detached,ok,1,442.68393865757366,482012516001,A1,5.983539094650205,none
2.6,single_family_detached,ok,1,238.86855187209898,482012516002,A1,3.1485642946317105,none
4.9,single_family_detached,ok,1,176.30048772071325,482012516001,A1,5.983539094650205,none
4.9,single_family_detached,ok,1,183.95701705644723,482012516001,A1,5.983539094650205,none
4.9,mobile_home,ok,1,82.92074159041832,482012516001,A2,5.983539094650205,none
2.6,single_family_detached,ok,1,585.828697539113,482012516002,A1,3.1485642946317105,none
4.9,single_family_detached,ok,1,174.35171259673848,482012516001,A1,5.983539094650205,none
4.9,single_family_detached,ok,1,158.0806224237142,482012516001,A1,5.983539094650205,none
4.9,single_family_detached,ok,1,55.25462626136551,482012516001,A1,5.983539094650205,none
2.6,single_family_detached,ok,1,349.9931538126842,482012516002,A1,3.1485642946317105,none
2.6,single_family_detached,ok,1,307.23134839179664,482012516002,A1,3.1485642946317105,none
2.3,single_family_detached,ok,1,180.563957463564,482012516003,A1,2.8,none
4.9,single_family_detached,ok,1,265.858799497878,482012516001,A1,5.983539094650205,none
4.9,single_family_detached,ok,1,203.54356800929966,482012516001,A1,5.983539094650205,none
4.9,single_family_detached,ok,1,252.42460711769172,482012516001,A1,5.983539094650205,none
4.9,single_family_detached,ok,1,114.05564389088354,482012516001,A1,5.983539094650205,none
2.3,mobile_home,ok,1,271.85019625241154,482012516003,A2,2.8,none
4.9,single_family_detached,ok,1,161.58531354092906,482012516001,A1,5.983539094650205,none
2.6,single_family_detached,ok,1,345.5530043580551,482012516002,A1,3.1485642946317105,none
4.9,single_family_detached,ok,1,171.57496443430384,482012516001,A1,5.983539094650205,none
2.6,single_family_detached,ok,1,418.2562866981749,482012516002,A1,3.1485642946317105,none
2.6,single_family_detached,ok,1,190.30732684527797,482012516002,A1,3.1485642946317105,none
2.6,single_family_detached,ok,1,277.3978146580753,482012516002,A1,3.1485642946317105,none
2.3,mobile_home,ok,1,150.84403505357778,482012516003,A2,2.8,none
2.3,mobile_home,ok,1,112.95743036666111,482012516003,A2,2.8,none
4.9,single_family_detached,ok,1,67.9214702689428,482012516001,A1,5.983539094650205,none
4.9,single_family_detached,ok,1,330.11299658052155,482012516001,A1,5.983539094650205,none
2.6,single_family_detached,ok,1,520.9424661288174,482012516002,A1,3.1485642946317105,none
4.9,single_family_detached,ok,1,268.9653437612949,482012516001,A1,5.983539094650205,none
2.6,single_family_detached,ok,1,377.13532781474976,482012516002,A1,3.1485642946317105,none
2.6,single_family_detached,ok,1,390.4871244185823,482012516002,A1,3.1485642946317105,none
4.9,mobile_home,ok,1,239.48253280028754,482012516001,A2,5.983539094650205,none
4.9,mobile_home,ok,1,130.87442330528623,482012516001,A2,5.983539094650205,none
4.9,mobile_home,ok,1,105.77327061035717,482012516001,A2,5.983539094650205,none
4.9,mobile_home,ok,1,96.55296637764008,482012516001,A2,5.983539094650205,none
4.9,single_family_detached,ok,1,337.818171441039,482012516001,A1,5.983539094650205,none
2.3,single_family_detached,ok,1,99.77146289891964,482012516003,A1,2.8,none
2.3,single_family_detached,ok,1,335.4061050631859,482012516003,A1,2.8,none
2.6,single_family_detached,ok,1,363.788357770495,482012516002,A1,3.1485642946317105,none
2.6,single_family_detached,ok,1,159.7307886906396,482012516002,A1,3.1485642946317105,none
2.3,single_family_detached,ok,1,220.2267806442583,482012516003,A1,2.8,none
2.3,single_family_detached,ok,1,103.4488002295478,482012516003,A1,2.8,none
2.6,single_family_detached,ok,1,321.7755170049784,482012516002,A1,3.1485642946317105,none
2.3,single_family_detached,ok,1,123.5947765491396,482012516003,A1,2.8,none
2.3,single_family_detached,ok,1,317.4418612244088,482012516003,A1,2.8,none
2.6,single_family_detached,ok,1,78.16558928116245,482012516002,A1,3.1485642946317105,none
2.6,single_family_detached,ok,1,323.67121337064293,482012516002,A1,3.1485642946317105,none
2.6,single_family_detached,ok,1,169.21096434552817,482012516002,A1,3.1485642946317105,none
2.3,single_family_detached,ok,1,164.53154581289664,482012516003,A1,2.8,none
2.6,single_family_detached,ok,1,329.5232960768163,482012516002,A1,3.1485642946317105,none
2.6,single_family_detached,ok,1,483.7094172322604,482012516002,A1,3.1485642946317105,none
2.3,single_family_detached,ok,1,413.9360804237235,482012516003,A1,2.8,none
2.6,single_family_detached,ok,1,362.5586113798023,482012516002,A1,3.1485642946317105,none
2.6,single_family_detached,ok,1,170.2605339530894,482012516002,A1,3.1485642946317105,none
2.3,single_family_detached,ok,1,130.01411617427073,482012516003,A1,2.8,none
2.6,single_family_detached,ok,1,496.19752722064686,482012516002,A1,3.1485642946317105,none
2.3,single_family_detached,ok,1,211.97951476134156,482012516003,A1,2.8,none
2.3,single_family_detached,ok,1,103.56184340689765,482012516003,A1,2.8,none
2.6,single_family_detached,ok,1,360.284808465926,482012516002,A1,3.1485642946317105,none
2.3,mobile_home,ok,1,208.305418206205,482012516003,A2,2.8,none
2.6,single_family_detached,ok,1,728.6704232162751,482012516002,A1,3.1485642946317105,none
2.3,mobile_home,ok,1,259.30115483364443,482012516003,A2,2.8,none
2.6,single_family_detached,ok,1,641.8209058834773,482012516002,A1,3.1485642946317105,none
2.6,single_family_detached,ok,1,241.79733947717435,482012516002,A1,3.1485642946317105,none
2.6,single_family_detached,ok,1,114.41629541407146,482012516002,A1,3.1485642946317105,none
2.3,single_family_detached,ok,1,175.11329248150395,482012516003,A1,2.8,none
2.0,single_family_detached,ok,1,93.87415052665277,482012517021,A1,2.5308641975308643,none
2.0,single_family_detached,ok,1,246.51383418871802,482012517021,A1,2.5308641975308643,none
2.0,single_family_detached,ok,1,152.36992028558473,482012517021,A1,2.5308641975308643,none
2.0,single_family_detached,ok,1,254.60538477671804,482012517021,A1,2.5308641975308643,none
2.0,single_family_detached,ok,1,327.3522346275548,482012517021,A1,2.5308641975308643,none
2.0,single_family_detached,ok,1,286.3188688446095,482012517021,A1,2.5308641975308643,none
2.0,single_family_detached,ok,1,533.2623327603259,482012517021,A1,2.5308641975308643,none
2.0,single_family_detached,ok,1,353.3507797770934,482012517021,A1,2.5308641975308643,none
4.9,single_family_detached,ok,1,65.31724632150127,482012516001,A1,5.983539094650205,none
4.9,single_family_detached,ok,1,173.54889498932263,482012516001,A1,5.983539094650205,none
4.9,mobile_home,ok,1,182.84338647255393,482012516001,A2,5.983539094650205,none
4.9,single_family_detached,ok,1,169.09917102799767,482012516001,A1,5.983539094650205,none
4.9,single_family_detached,ok,1,350.7440445563427,482012516001,A1,5.983539094650205,none
4.9,single_family_detached,ok,1,300.79580729518676,482012516001,A1,5.983539094650205,none
4.9,single_family_detached,ok,1,224.83600768374907,482012516001,A1,5.983539094650205,none
4.9,single_family_detached,ok,1,145.59936192682733,482012516001,A1,5.983539094650205,none
4.9,single_family_detached,ok,1,141.33207677628502,482012516001,A1,5.983539094650205,none
4.9,mobile_home,ok,1,68.48676605405196,482012516001,A2,5.983539094650205,none
4.9,single_family_detached,ok,1,103.33381343097865,482012516001,A1,5.983539094650205,none
4.9,single_family_detached,ok,1,233.63340435534047,482012516001,A1,5.983539094650205,none
4.9,single_family_detached,ok,1,217.85620247639892,482012516001,A1,5.983539094650205,none
4.9,single_family_detached,ok,1,177.1102646299716,482012516001,A1,5.983539094650205,none
4.9,single_family_detached,ok,1,207.33132818491546,482012516001,A1,5.983539094650205,none
4.9,mobile_home,ok,1,192.5721062465968,482012516001,A2,5.983539094650205,none
4.9,mobile_home,ok,1,67.66631875577261,482012516001,A2,5.983539094650205,none
2.6,single_family_detached,ok,1,504.1670652933803,482012516002,A1,3.1485642946317105,none
2.3,single_family_detached,ok,1,73.47226405605433,482012516003,A1,2.8,none
2.6,single_family_detached,ok,1,148.42821506313487,482012516002,A1,3.1485642946317105,none
2.6,single_family_detached,ok,1,204.53267614872163,482012516002,A1,3.1485642946317105,none
2.6,single_family_detached,ok,1,419.36706760892844,482012516002,A1,3.1485642946317105,none
2.3,single_family_detached,ok,1,392.1165700412963,482012516003,A1,2.8,none
2.6,single_family_detached,ok,1,463.0740001446895,482012516002,A1,3.1485642946317105,none
2.3,single_family_detached,ok,1,172.67493577632004,482012516003,A1,2.8,none
2.6,single_family_detached,ok,1,180.40065525519594,482012516002,A1,3.1485642946317105,none
2.6,single_family_detached,ok,1,322.4958543376344,482012516002,A1,3.1485642946317105,none
2.3,mobile_home,ok,1,250.46055519673405,482012516003,A2,2.8,none
2.6,single_family_detached,ok,1,253.37217043030358,482012516002,A1,3.1485642946317105,none
2.3,mobile_home,ok,1,88.34266169802443,482012516003,A2,2.8,none
2.3,single_family_detached,ok,1,86.88612749110955,482012516003,A1,2.8,none
2.6,single_family_detached,ok,1,285.87551061150066,482012516002,A1,3.1485642946317105,none
2.6,single_family_detached,ok,1,340.54238513113836,482012516002,A1,3.1485642946317105,none
2.6,single_family_detached,ok,1,456.48075105121814,482012516002,A1,3.1485642946317105,none
2.3,single_family_detached,ok,1,70.15351104248913,482012516003,A1,2.8,none
2.3,mobile_home,ok,1,29.533015137383295,482012516003,A2,2.8,none
2.3,single_family_detached,ok,1,246.31654705455708,482012516003,A1,2.8,none
2.6,single_family_detached,ok,1,268.57660762345154,482012516002,A1,3.1485642946317105,none
2.6,single_family_detached,ok,1,377.0999414925909,482012516002,A1,3.1485642946317105,none
2.6,single_family_detached,ok,1,417.99700949275643,482012516002,A1,3.1485642946317105,none
2.6,single_family_detached,ok,1,244.7012415084914,482012516002,A1,3.1485642946317105,none
2.6,single_family_detached,ok,1,531.5042637767052,482012516002,A1,3.1485642946317105,none
2.3,single_family_detached,ok,1,96.25932586953726,482012516003,A1,2.8,none
2.6,single_family_detached,ok,1,441.7361360931291,482012516002,A1,3.1485642946317105,none
2.3,single_family_detached,ok,1,148.59086819787208,482012516003,A1,2.8,none
2.6,single_family_detached,ok,1,509.83373906001174,482012516002,A1,3.1485642946317105,none
2.6,single_family_detached,ok,1,425.6463082282973,482012516002,A1,3.1485642946317105,none
2.3,mobile_home,ok,1,243.39449005691841,482012516003,A2,2.8,none
2.6,single_family_detached,ok,1,252.92424445575847,482012516002,A1,3.1485642946317105,none
2.3,single_family_detached,ok,1,246.01131466150915,482012516003,A1,2.8,none
2.6,single_family_detached,ok,1,457.50687669138347,482012516002,A1,3.1485642946317105,none
2.3,single_family_detached,ok,1,148.93430682925032,482012516003,A1,2.8,none
2.3,single_family_detached,ok,1,267.9673627292221,482012516003,A1,2.8,none
2.6,single_family_detached,ok,1,267.6487040360784,482012516002,A1,3.1485642946317105,none
2.3,single_family_detached,ok,1,113.70200266059386,482012516003,A1,2.8,none
2.6,single_family_detached,ok,1,280.37031445372475,482012516002,A1,3.1485642946317105,none
2.3,single_family_detached,ok,1,95.3782065825101,482012516003,A1,2.8,none
2.3,mobile_home,ok,1,215.95219421925015,482012516003,A2,2.8,none
2.6,single_family_detached,ok,1,215.97840717338426,482012516002,A1,3.1485642946317105,none
2.3,mobile_home,ok,1,192.60996381712516,482012516003,A2,2.8,none
2.0,single_family_detached,ok,1,111.18863416311731,482012517021,A1,2.5308641975308643,none
2.0,single_family_detached,ok,1,386.33702907181237,482012517021,A1,2.5308641975308643,none
2.0,single_family_detached,ok,1,116.86230209410496,482012517021,A1,2.5308641975308643,none
2.0,single_family_detached,ok,1,515.0544369077734,482012517021,A1,2.5308641975308643,none
4.9,single_family_detached,ok,1,30.640816051066224,482012516001,A1,5.983539094650205,none
4.9,single_family_detached,ok,1,141.04885982249584,482012516001,A1,5.983539094650205,none
4.9,single_family_detached,ok,1,123.05793194015385,482012516001,A1,5.983539094650205,none
4.9,mobile_home,ok,1,216.73821216159863,482012516001,A2,5.983539094650205,none
4.9,single_family_detached,ok,1,200.62545924002222,482012516001,A1,5.983539094650205,none
4.9,single_family_detached,ok,1,139.88874204444747,482012516001,A1,5.983539094650205,none
4.9,single_family_detached,ok,1,258.50214112018483,482012516001,A1,5.983539094650205,none
4.9,single_family_detached,ok,1,176.3181485106704,482012516001,A1,5.983539094650205,none
4.9,single_family_detached,ok,1,122.62010454052778,482012516001,A1,5.983539094650205,none
4.9,single_family_detached,ok,1,167.78783680956752,482012516001,A1,5.983539094650205,none
4.9,single_family_detached,ok,1,138.61620117974456,482012516001,A1,5.983539094650205,none
4.9,single_family_detached,ok,1,214.74648708558686,482012516001,A1,5.983539094650205,none
4.9,single_family_detached,ok,1,44.80056912037772,482012516001,A1,5.983539094650205,none
2.6,single_family_detached,ok,1,383.1150703595111,482012516002,A1,3.1485642946317105,none
2.6,single_family_detached,ok,1,445.7308889500555,482012516002,A1,3.1485642946317105,none
2.3,single_family_detached,ok,1,129.0534224845996,482012516003,A1,2.8,none
2.6,single_family_detached,ok,1,328.9618532499862,482012516002,A1,3.1485642946317105,none
2.6,single_family_detached,ok,1,296.7828571219709,482012516002,A1,3.1485642946317105,none
2.3,mobile_home,ok,1,66.46135967483004,482012516003,A2,2.8,none
2.3,single_family_detached,ok,1,66.46135967483004,482012516003,A1,2.8,none
2.6,single_family_detached,ok,1,123.66959975498762,482012516002,A1,3.1485642946317105,none
2.6,single_family_detached,ok,1,288.6063645177743,482012516002,A1,3.1485642946317105,none
2.3,mobile_home,ok,1,200.67276421223522,482012516003,A2,2.8,none
2.6,single_family_detached,ok,1,411.415790141465,482012516002,A1,3.1485642946317105,none
2.6,single_family_detached,ok,1,117.2772479581194,482012516002,A1,3.1485642946317105,none
2.6,single_family_detached,ok,1,170.82223360702298,482012516002,A1,3.1485642946317105,none
2.3,single_family_detached,ok,1,617.4795931305368,482012516003,A1,2.8,none
2.6,single_family_detached,ok,1,321.9636255311005,482012516002,A1,3.1485642946317105,none
2.6,single_family_detached,ok,1,613.7526408938883,482012516002,A1,3.1485642946317105,none
2.6,single_family_detached,ok,1,123.95063014672611,482012516002,A1,3.1485642946317105,none
2.6,single_family_detached,ok,1,138.63519774158243,482012516002,A1,3.1485642946317105,none
2.0,single_family_detached,ok,1,196.03650501417115,482012517021,A1,2.5308641975308643,none
2.6,single_family_detached,ok,1,312.4492219131272,482012516002,A1,3.1485642946317105,none
2.3,mobile_home,ok,1,140.10226670217284,482012516003,A2,2.8,none
2.6,single_family_detached,ok,1,745.3884503663063,482012516002,A1,3.1485642946317105,none
2.3,single_family_detached,ok,1,118.07481596285058,482012516003,A1,2.8,none
2.0,single_family_detached,ok,1,301.2346486655996,482012517021,A1,2.5308641975308643,none
2.6,single_family_detached,ok,1,320.2767315795103,482012516002,A1,3.1485642946317105,none
2.3,mobile_home,ok,1,74.52378523162938,482012516003,A2,2.8,none
2.6,single_family_detached,ok,1,1042.9166905544955,482012516002,A1,3.1485642946317105,none
2.3,single_family_detached,ok,1,226.60006343911493,482012516003,A1,2.8,none
2.0,single_family_detached,ok,1,365.9893839857938,482012517021,A1,2.5308641975308643,none
2.6,single_family_detached,ok,1,199.38293810621238,482012516002,A1,3.1485642946317105,none
2.6,single_family_detached,ok,1,229.0570540435714,482012516002,A1,3.1485642946317105,none
2.6,single_family_detached,ok,1,437.2597447574983,482012516002,A1,3.1485642946317105,none
2.6,single_family_detached,ok,1,242.60109624969627,482012516002,A1,3.1485642946317105,none
2.3,mobile_home,ok,1,92.90569480076198,482012516003,A2,2.8,none
2.0,single_family_detached,ok,1,371.70080000257457,482012517021,A1,2.5308641975308643,none
4.9,single_family_detached,ok,1,288.3043038491062,482012516001,A1,5.983539094650205,none
4.9,single_family_detached,ok,1,137.1983011547226,482012516001,A1,5.983539094650205,none
4.9,mobile_home,ok,1,118.88282583281266,482012516001,A2,5.983539094650205,none
4.9,mobile_home,ok,1,177.31749449166185,482012516001,A2,5.983539094650205,none
4.9,single_family_detached,ok,1,234.69522689412761,482012516001,A1,5.983539094650205,none
4.9,single_family_detached,ok,1,168.1050592555112,482012516001,A1,5.983539094650205,none
4.9,single_family_detached,ok,1,182.50817370701108,482012516001,A1,5.983539094650205,none
4.9,single_family_detached,ok,1,218.18491028463924,482012516001,A1,5.983539094650205,none
4.9,single_family_detached,ok,1,118.89898736649283,482012516001,A1,5.983539094650205,none
4.9,single_family_detached,ok,1,194.77289588602315,482012516001,A1,5.983539094650205,none
4.9,single_family_detached,ok,1,166.39346214708706,482012516001,A1,5.983539094650205,none
4.9,single_family_detached,ok,1,233.3067557453755,482012516001,A1,5.983539094650205,none
4.9,single_family_detached,ok,1,110.77183203795204,482012516001,A1,5.983539094650205,none
4.9,single_family_detached,ok,1,403.1576062934254,482012516001,A1,5.983539094650205,none
2.6,single_family_detached,ok,1,217.4487190843359,482012516002,A1,3.1485642946317105,none
2.6,single_family_detached,ok,1,188.54035397323497,482012516002,A1,3.1485642946317105,none
2.6,single_family_detached,ok,1,119.27601797757815,482012516002,A1,3.1485642946317105,none
2.6,single_family_detached,ok,1,212.33054636813074,482012516002,A1,3.1485642946317105,none
2.6,single_family_detached,ok,1,150.76646764062463,482012516002,A1,3.1485642946317105,none
2.6,single_family_detached,ok,1,435.47234673535314,482012516002,A1,3.1485642946317105,none
2.3,mobile_home,ok,1,198.07071870952166,482012516003,A2,2.8,none
2.6,single_family_detached,ok,1,142.81302598241615,482012516002,A1,3.1485642946317105,none
2.6,single_family_detached,ok,1,281.57533586494384,482012516002,A1,3.1485642946317105,none
2.6,single_family_detached,ok,1,552.1486602048591,482012516002,A1,3.1485642946317105,none
2.3,single_family_detached,ok,1,241.79333887716274,482012516003,A1,2.8,none
2.6,single_family_detached,ok,1,285.66591601207494,482012516002,A1,3.1485642946317105,none
2.6,single_family_detached,ok,1,253.9932138395617,482012516002,A1,3.1485642946317105,none
2.6,single_family_detached,ok,1,288.5277074485967,482012516002,A1,3.1485642946317105,none
2.3,single_family_detached,ok,1,199.53571592745016,482012516003,A1,2.8,none
2.6,single_family_detached,ok,1,476.82808293486386,482012516002,A1,3.1485642946317105,none
2.6,single_family_detached,ok,1,486.3089668880315,482012516002,A1,3.1485642946317105,none
2.6,single_family_detached,ok,1,225.89444355243018,482012516002,A1,3.1485642946317105,none
2.3,single_family_detached,ok,1,252.07990895666853,482012516003,A1,2.8,none
2.6,single_family_detached,ok,1,192.71356746197426,482012516002,A1,3.1485642946317105,none
2.0,single_family_detached,ok,1,391.958880376327,482012517021,A1,2.5308641975308643,none
4.9,single_family_detached,ok,1,58.569763944935055,482012516001,A1,5.983539094650205,none
2.0,single_family_detached,ok,1,425.2701357516552,482012517021,A1,2.5308641975308643,none
4.9,single_family_detached,ok,1,63.16447185493915,482012516001,A1,5.983539094650205,none
4.9,mobile_home,ok,1,156.89601916410925,482012516001,A2,5.983539094650205,none
4.9,single_family_detached,ok,1,203.40025051112295,482012516001,A1,5.983539094650205,none
2.0,single_family_detached,ok,1,370.2060501801667,482012517021,A1,2.5308641975308643,none
4.9,mobile_home,ok,1,161.92574564462348,482012516001,A2,5.983539094650205,none
4.9,single_family_detached,ok,1,53.08595216912228,482012516001,A1,5.983539094650205,none
4.9,single_family_detached,ok,1,222.68301951320683,482012516001,A1,5.983539094650205,none
4.9,single_family_detached,ok,1,238.06244617146794,482012516001,A1,5.983539094650205,none
4.9,single_family_detached,ok,1,219.6723714045258,482012516001,A1,5.983539094650205,none
4.9,single_family_detached,ok,1,70.40864495930788,482012516001,A1,5.983539094650205,none
4.9,mobile_home,ok,1,36.81109998270463,482012516001,A2,5.983539094650205,none
4.9,single_family_detached,ok,1,59.4673516070804,482012516001,A1,5.983539094650205,none
4.9,single_family_detached,ok,1,242.0938086819471,482012516001,A1,5.983539094650205,none
2.3,single_family_detached,ok,1,426.3880040383591,482012516003,A1,2.8,none
2.6,single_family_detached,ok,1,378.6293588821579,482012516002,A1,3.1485642946317105,none
2.6,single_family_detached,ok,1,443.66382596530184,482012516002,A1,3.1485642946317105,none
2.6,single_family_detached,ok,1,445.96033552335354,482012516002,A1,3.1485642946317105,none
2.6,single_family_detached,ok,1,115.14101938977565,482012516002,A1,3.1485642946317105,none
2.6,single_family_detached,ok,1,263.4742911359253,482012516002,A1,3.1485642946317105,none
2.6,single_family_detached,ok,1,356.3172910167077,482012516002,A1,3.1485642946317105,none
2.6,single_family_detached,ok,1,100.38024331947301,482012516002,A1,3.1485642946317105,none
2.6,single_family_detached,ok,1,637.2984283059228,482012516002,A1,3.1485642946317105,none
2.6,single_family_detached,ok,1,119.70678768358538,482012516002,A1,3.1485642946317105,none
2.3,single_family_detached,ok,1,459.6563837727444,482012516003,A1,2.8,none
2.3,single_family_detached,ok,1,58.61958815008194,482012516003,A1,2.8,none
2.6,single_family_detached,ok,1,213.11654434009682,482012516002,A1,3.1485642946317105,none
2.6,single_family_detached,ok,1,268.36953773810427,482012516002,A1,3.1485642946317105,none
2.6,single_family_detached,ok,1,67.07898748071334,482012516002,A1,3.1485642946317105,none
2.6,single_family_detached,ok,1,114.91154357527645,482012516002,A1,3.1485642946317105,none
2.6,single_family_detached,ok,1,316.19157834825506,482012516002,A1,3.1485642946317105,none
2.6,single_family_detached,ok,1,402.8887428538068,482012516002,A1,3.1485642946317105,none
2.6,single_family_detached,ok,1,235.0839948457811,482012516002,A1,3.1485642946317105,none
2.3,single_family_detached,ok,1,215.37521005512352,482012516003,A1,2.8,none
2.3,single_family_detached,ok,1,75.35674054165423,482012516003,A1,2.8,none
2.3,mobile_home,ok,1,125.35728291943641,482012516003,A2,2.8,none
2.0,single_family_detached,ok,1,341.75491811312855,482012517021,A1,2.5308641975308643,none
4.9,mobile_home,ok,1,111.4131949535104,482012516001,A2,5.983539094650205,none
2.0,single_family_detached,ok,1,314.0543702264499,482012517021,A1,2.5308641975308643,none
2.0,single_family_detached,ok,1,316.8426918695448,482012517021,A1,2.5308641975308643,none
4.9,mobile_home,ok,1,292.83295025815585,482012516001,A2,5.983539094650205,none
4.9,mobile_home,ok,1,141.64832373741922,482012516001,A2,5.983539094650205,none
4.9,single_family_detached,ok,1,33.75185908094606,482012516001,A1,5.983539094650205,none
4.9,single_family_detached,ok,1,190.68271996731173,482012516001,A1,5.983539094650205,none
4.9,single_family_detached,ok,1,166.20260119804868,482012516001,A1,5.983539094650205,none
4.9,single_family_detached,ok,1,145.1655617827853,482012516001,A1,5.983539094650205,none
4.9,single_family_detached,ok,1,202.65094646385816,482012516001,A1,5.983539094650205,none
4.9,single_family_detached,ok,1,144.7243268123603,482012516001,A1,5.983539094650205,none
4.9,mobile_home,ok,1,238.98203244145103,482012516001,A2,5.983539094650205,none
4.9,single_family_detached,ok,1,289.09172943945595,482012516001,A1,5.983539094650205,none
2.6,single_family_detached,ok,1,194.42226188667155,482012516002,A1,3.1485642946317105,none
2.6,single_family_detached,ok,1,211.17523124239335,482012516002,A1,3.1485642946317105,none
2.6,single_family_detached,ok,1,328.86593002285895,482012516002,A1,3.1485642946317105,none
2.3,single_family_detached,ok,1,87.9872527939686,482012516003,A1,2.8,none
2.6,single_family_detached,ok,1,64.73009378004821,482012516002,A1,3.1485642946317105,none
2.3,single_family_detached,ok,1,116.59014363999685,482012516003,A1,2.8,none
2.6,single_family_detached,ok,1,350.23264763546354,482012516002,A1,3.1485642946317105,none
2.3,single_family_detached,ok,1,215.34710839101166,482012516003,A1,2.8,none
2.6,single_family_detached,ok,1,122.37030383790633,482012516002,A1,3.1485642946317105,none
2.6,single_family_detached,ok,1,253.715244649395,482012516002,A1,3.1485642946317105,none
2.3,mobile_home,ok,1,487.7345302897778,482012516003,A2,2.8,none
2.3,single_family_detached,ok,1,487.7345302897778,482012516003,A1,2.8,none
2.6,single_family_detached,ok,1,460.9232041586724,482012516002,A1,3.1485642946317105,none
2.6,single_family_detached,ok,1,472.7064322268139,482012516002,A1,3.1485642946317105,none
2.6,single_family_detached,ok,1,246.6243517976115,482012516002,A1,3.1485642946317105,none
2.3,single_family_detached,ok,1,466.99558309112774,482012516003,A1,2.8,none
2.6,single_family_detached,ok,1,110.56992109087842,482012516002,A1,3.1485642946317105,none
2.6,single_family_detached,ok,1,114.29603990473723,482012516002,A1,3.1485642946317105,none
2.6,single_family_detached,ok,1,104.41712564849234,482012516002,A1,3.1485642946317105,none
2.6,single_family_detached,ok,1,277.9110487384894,482012516002,A1,3.1485642946317105,none
2.6,single_family_detached,ok,1,40.83002944438315,482012516002,A1,3.1485642946317105,none
2.3,single_family_detached,ok,1,221.5232397408936,482012516003,A1,2.8,none
2.6,single_family_detached,ok,1,331.9240739769783,482012516002,A1,3.1485642946317105,none
2.3,mobile_home,ok,1,391.33167889728287,482012516003,A2,2.8,none
2.6,single_family_detached,ok,1,342.59716411368623,482012516002,A1,3.1485642946317105,none
2.3,single_family_detached,ok,1,309.811061528746,482012516003,A1,2.8,none
2.3,mobile_home,ok,1,187.7887207909975,482012516003,A2,2.8,none
2.0,single_family_detached,ok,1,130.77111236987642,482012517021,A1,2.5308641975308643,none
2.0,single_family_detached,ok,1,218.19878985288375,482012517021,A1,2.5308641975308643,none
4.9,mobile_home,ok,1,135.35644568182818,482012516001,A2,5.983539094650205,none
2.0,single_family_detached,ok,1,319.34986107931246,482012517021,A1,2.5308641975308643,none
2.0,single_family_detached,ok,1,670.0562004951188,482012517021,A1,2.5308641975308643,none
4.9,single_family_detached,ok,1,149.814051145401,482012516001,A1,5.983539094650205,none
4.9,single_family_detached,ok,1,122.31335286314328,482012516001,A1,5.983539094650205,none
4.9,single_family_detached,ok,1,182.68432188746905,482012516001,A1,5.983539094650205,none
4.9,mobile_home,ok,1,169.0215799749292,482012516001,A2,5.983539094650205,none
4.9,mobile_home,ok,1,176.1966559192117,482012516001,A2,5.983539094650205,none
4.9,single_family_detached,ok,1,182.54450381599443,482012516001,A1,5.983539094650205,none
2.0,single_family_detached,ok,1,436.01050795241486,482012517021,A1,2.5308641975308643,none
4.9,single_family_detached,ok,1,110.64823227241648,482012516001,A1,5.983539094650205,none
4.9,mobile_home,ok,1,125.76994035650587,482012516001,A2,5.983539094650205,none
4.9,single_family_detached,ok,1,53.775358338630454,482012516001,A1,5.983539094650205,none
4.9,single_family_detached,ok,1,129.590301232023,482012516001,A1,5.983539094650205,none
4.9,single_family_detached,ok,1,150.1000306847425,482012516001,A1,5.983539094650205,none
4.9,mobile_home,ok,1,87.58864692390614,482012516001,A2,5.983539094650205,none
2.3,single_family_detached,ok,1,117.54891138252029,482012516003,A1,2.8,none
4.9,single_family_detached,ok,1,321.828755008508,482012516001,A1,5.983539094650205,none
2.3,single_family_detached,ok,1,700.8306244971092,482012516003,A1,2.8,none
4.9,single_family_detached,ok,1,63.79155019944609,482012516001,A1,5.983539094650205,none
2.6,single_family_detached,ok,1,156.8260289092554,482012516002,A1,3.1485642946317105,none
4.9,mobile_home,ok,1,162.88586982020712,482012516001,A2,5.983539094650205,none
2.0,single_family_detached,ok,1,251.01394657549056,482012517021,A1,2.5308641975308643,none
2.3,single_family_detached,ok,1,110.73664635020576,482012516003,A1,2.8,none
2.6,single_family_detached,ok,1,84.04223615846867,482012516002,A1,3.1485642946317105,none
2.6,single_family_detached,ok,1,378.5282479722184,482012516002,A1,3.1485642946317105,none
4.9,single_family_detached,ok,1,358.08273040375855,482012516001,A1,5.983539094650205,none
4.9,single_family_detached,ok,1,62.2263238691262,482012516001,A1,5.983539094650205,none
4.9,mobile_home,ok,1,246.4522225412478,482012516001,A2,5.983539094650205,none
2.6,single_family_detached,ok,1,672.7926838599531,482012516002,A1,3.1485642946317105,none
4.9,single_family_detached,ok,1,24.960681213753563,482012516001,A1,5.983539094650205,none
4.9,single_family_detached,ok,1,344.1306225065374,482012516001,A1,5.983539094650205,none
2.0,single_family_detached,ok,1,408.6249373915932,482012517021,A1,2.5308641975308643,none
2.6,single_family_detached,ok,1,232.99632230871583,482012516002,A1,3.1485642946317105,none
2.6,single_family_detached,ok,1,342.4074566752263,482012516002,A1,3.1485642946317105,none
2.3,single_family_detached,ok,1,151.40158159983585,482012516003,A1,2.8,none
2.6,single_family_detached,ok,1,416.4841771540196,482012516002,A1,3.1485642946317105,none
4.9,mobile_home,ok,1,95.15044896229534,482012516001,A2,5.983539094650205,none
2.3,single_family_detached,ok,1,183.84839686655957,482012516003,A1,2.8,none
2.6,single_family_detached,ok,1,295.27916541805274,482012516002,A1,3.1485642946317105,none
2.6,single_family_detached,ok,1,354.8873031346028,482012516002,A1,3.1485642946317105,none
2.6,single_family_detached,ok,1,393.35068135680007,482012516002,A1,3.1485642946317105,none
2.6,single_family_detached,ok,1,381.322613667511,482012516002,A1,3.1485642946317105,none
2.3,single_family_detached,ok,1,92.87626414671561,482012516003,A1,2.8,none
2.3,single_family_detached,ok,1,261.79442082033813,482012516003,A1,2.8,none
2.3,single_family_detached,ok,1,257.0313025837148,482012516003,A1,2.8,none
4.9,single_family_detached,ok,1,64.1685463009575,482012516001,A1,5.983539094650205,none
4.9,single_family_detached,ok,1,183.67051935257368,482012516001,A1,5.983539094650205,none
4.9,single_family_detached,ok,1,83.8106618450325,482012516001,A1,5.983539094650205,none
4.9,single_family_detached,ok,1,112.75461225038026,482012516001,A1,5.983539094650205,none
2.3,single_family_detached,ok,1,458.0315828292419,482012516003,A1,2.8,none
2.6,single_family_detached,ok,1,310.88690402150417,482012516002,A1,3.1485642946317105,none
4.9,mobile_home,ok,1,355.668615357907,482012516001,A2,5.983539094650205,none
2.3,single_family_detached,ok,1,124.60848434874272,482012516003,A1,2.8,none
2.3,mobile_home,ok,1,170.2688111012999,482012516003,A2,2.8,none
2.3,single_family_detached,ok,1,115.08831282497276,482012516003,A1,2.8,none
2.3,mobile_home,ok,1,205.9089224818026,482012516003,A2,2.8,none
4.9,single_family_detached,ok,1,186.91588530124685,482012516001,A1,5.983539094650205,none
4.9,single_family_detached,ok,1,89.64369821121952,482012516001,A1,5.983539094650205,none
2.6,single_family_detached,ok,1,36.51447857237282,482012516002,A1,3.1485642946317105,none
2.6,single_family_detached,ok,1,328.3706356492223,482012516002,A1,3.1485642946317105,none
2.6,single_family_detached,ok,1,188.21795347582764,482012516002,A1,3.1485642946317105,none
2.3,mobile_home,ok,1,115.95773659574607,482012516003,A2,2.8,none
4.9,single_family_detached,ok,1,229.12009298582305,482012516001,A1,5.983539094650205,none
2.3,single_family_detached,ok,1,216.20567799747266,482012516003,A1,2.8,none
2.6,single_family_detached,ok,1,430.1013076595472,482012516002,A1,3.1485642946317105,none
2.3,single_family_detached,ok,1,730.1241128434458,482012516003,A1,2.8,none
2.6,single_family_detached,ok,1,245.85976197488836,482012516002,A1,3.1485642946317105,none
2.6,single_family_detached,ok,1,344.16607556675837,482012516002,A1,3.1485642946317105,none
2.6,single_family_detached,ok,1,375.38891931635453,482012516002,A1,3.1485642946317105,none
2.6,single_family_detached,ok,1,418.114318594291,482012516002,A1,3.1485642946317105,none
2.6,single_family_detached,ok,1,376.3291435615197,482012516002,A1,3.1485642946317105,none
2.6,single_family_detached,ok,1,230.92324262032108,482012516002,A1,3.1485642946317105,none
2.6,single_family_detached,ok,1,138.6367940176498,482012516002,A1,3.1485642946317105,none
2.6,single_family_detached,ok,1,444.7144537181561,482012516002,A1,3.1485642946317105,none
2.3,mobile_home,ok,1,252.9169858610582,482012516003,A2,2.8,none
2.3,single_family_detached,ok,1,177.48915679673712,482012516003,A1,2.8,none
2.3,single_family_detached,ok,1,384.8472684577003,482012516003,A1,2.8,none
2.3,single_family_detached,ok,1,172.68552473359748,482012516003,A1,2.8,none
2.3,mobile_home,ok,1,181.04349744325398,482012516003,A2,2.8,none
2.3,single_family_detached,ok,1,63.23565182843458,482012516003,A1,2.8,none
2.6,single_family_detached,ok,1,371.3489670032593,482012516002,A1,3.1485642946317105,none
2.3,mobile_home,ok,1,126.87715931177887,482012516003,A2,2.8,none
2.6,single_family_detached,ok,1,645.0098958413301,482012516002,A1,3.1485642946317105,none
2.6,single_family_detached,ok,1,103.166173427431,482012516002,A1,3.1485642946317105,none
2.8,mobile_home,ok,1,68.09230405338441,482012515012,A2,3.21822272215973,none
2.0,single_family_detached,ok,1,28.86236750919134,482012517021,A1,2.5308641975308643,none
2.0,single_family_detached,ok,1,312.9989995540163,482012517021,A1,2.5308641975308643,none
2.0,single_family_detached,ok,1,322.2766146095964,482012517021,A1,2.5308641975308643,none
2.0,single_family_detached,ok,1,319.61856368441954,482012517021,A1,2.5308641975308643,none
2.0,single_family_detached,ok,1,149.14455950696077,482012517021,A1,2.5308641975308643,none
2.0,single_family_detached,ok,1,593.5380362186125,482012517021,A1,2.5308641975308643,none
4.9,mobile_home,ok,1,142.32148318242207,482012516001,A2,5.983539094650205,none
4.9,single_family_detached,ok,1,121.53457659338713,482012516001,A1,5.983539094650205,none
4.9,mobile_home,ok,1,137.68943032850223,482012516001,A2,5.983539094650205,none
4.9,single_family_detached,ok,1,138.19049787256887,482012516001,A1,5.983539094650205,none
4.9,mobile_home,ok,1,71.97455221245083,482012516001,A2,5.983539094650205,none
4.9,single_family_detached,ok,1,116.81982716137816,482012516001,A1,5.983539094650205,none
4.9,single_family_detached,ok,1,261.99106530404606,482012516001,A1,5.983539094650205,none
4.9,mobile_home,ok,1,318.86573643409196,482012516001,A2,5.983539094650205,none
4.9,single_family_detached,ok,1,119.23811026391996,482012516001,A1,5.983539094650205,none
4.9,mobile_home,ok,1,95.98073640438271,482012516001,A2,5.983539094650205,none
4.9,single_family_detached,ok,1,40.571328926128416,482012516001,A1,5.983539094650205,none
4.9,single_family_detached,ok,1,202.9880209393475,482012516001,A1,5.983539094650205,none
4.9,single_family_detached,ok,1,90.2785977819927,482012516001,A1,5.983539094650205,none
2.3,single_family_detached,ok,1,41.43666803181094,482012516003,A1,2.8,none
2.6,single_family_detached,ok,1,430.7891995056062,482012516002,A1,3.1485642946317105,none
2.6,single_family_detached,ok,1,124.03763105913708,482012516002,A1,3.1485642946317105,none
2.6,single_family_detached,ok,1,336.471674956785,482012516002,A1,3.1485642946317105,none
2.6,single_family_detached,ok,1,383.65658404652953,482012516002,A1,3.1485642946317105,none
2.6,single_family_detached,ok,1,206.2144737368698,482012516002,A1,3.1485642946317105,none
2.6,single_family_detached,ok,1,353.58752358309437,482012516002,A1,3.1485642946317105,none
4.9,single_family_detached,ok,1,99.52549868370937,482012516001,A1,5.983539094650205,none
2.6,single_family_detached,ok,1,121.55406528556928,482012516002,A1,3.1485642946317105,none
2.6,single_family_detached,ok,1,85.76498897765303,482012516002,A1,3.1485642946317105,none
2.3,single_family_detached,ok,1,660.3175945180801,482012516003,A1,2.8,none
2.3,single_family_detached,ok,1,525.9385657454798,482012516003,A1,2.8,none
2.6,single_family_detached,ok,1,202.60552040373827,482012516002,A1,3.1485642946317105,none
2.6,single_family_detached,ok,1,335.2148172909333,482012516002,A1,3.1485642946317105,none
2.3,single_family_detached,ok,1,276.9921882580535,482012516003,A1,2.8,none
2.6,single_family_detached,ok,1,284.8265255211945,482012516002,A1,3.1485642946317105,none
2.3,single_family_detached,ok,1,203.5062090760453,482012516003,A1,2.8,none
2.3,single_family_detached,ok,1,242.68588656870432,482012516003,A1,2.8,none
2.6,single_family_detached,ok,1,344.5380077776895,482012516002,A1,3.1485642946317105,none
2.6,single_family_detached,ok,1,294.264923088522,482012516002,A1,3.1485642946317105,none
2.3,mobile_home,ok,1,225.61837841877698,482012516003,A2,2.8,none
2.3,mobile_home,ok,1,211.58413762886235,482012516003,A2,2.8,none
2.3,single_family_detached,ok,1,160.1934935330377,482012516003,A1,2.8,none
2.6,single_family_detached,ok,1,686.6570567538901,482012516002,A1,3.1485642946317105,none
2.6,single_family_detached,ok,1,344.20194636784714,482012516002,A1,3.1485642946317105,none
2.0,single_family_detached,ok,1,386.3682129152637,482012517021,A1,2.5308641975308643,none
2.0,single_family_detached,ok,1,423.4021283817455,482012517021,A1,2.5308641975308643,none
2.0,single_family_detached,ok,1,313.6052368776271,482012517021,A1,2.5308641975308643,none
4.9,mobile_home,ok,1,172.06852698093243,482012516001,A2,5.983539094650205,none
4.9,single_family_detached,ok,1,94.88828256306408,482012516001,A1,5.983539094650205,none
4.9,single_family_detached,ok,1,33.35335781855706,482012516001,A1,5.983539094650205,none
4.9,single_family_detached,ok,1,346.10247534492214,482012516001,A1,5.983539094650205,none
4.1,duplex,ok,2,51.604524669522654,482012516001,B2,2.5,none
4.9,single_family_detached,ok,1,208.75763703097311,482012516001,A1,5.983539094650205,none
4.9,mobile_home,ok,1,212.02582661324914,482012516001,A2,5.983539094650205,none
4.9,single_family_detached,ok,1,213.77010333003798,482012516001,A1,5.983539094650205,none
4.9,single_family_detached,ok,1,103.27054697480469,482012516001,A1,5.983539094650205,none
4.9,single_family_detached,ok,1,172.1750457170587,482012516001,A1,5.983539094650205,none
4.9,single_family_detached,ok,1,121.50262940308993,482012516001,A1,5.983539094650205,none
4.9,single_family_detached,ok,1,240.00152178029194,482012516001,A1,5.983539094650205,none
4.9,single_family_detached,ok,1,136.77208453445076,482012516001,A1,5.983539094650205,none
4.9,single_family_detached,ok,1,222.52787160345198,482012516001,A1,5.983539094650205,none
4.9,single_family_detached,ok,1,123.50095226576813,482012516001,A1,5.983539094650205,none
4.9,single_family_detached,ok,1,154.46079338293143,482012516001,A1,5.983539094650205,none
4.9,single_family_detached,ok,1,331.9170895023635,482012516001,A1,5.983539094650205,none
4.9,single_family_detached,ok,1,229.937909917018,482012516001,A1,5.983539094650205,none
2.3,single_family_detached,ok,1,108.08715198707893,482012516003,A1,2.8,none
2.6,single_family_detached,ok,1,418.8296747119487,482012516002,A1,3.1485642946317105,none
2.3,single_family_detached,ok,1,252.04367322154104,482012516003,A1,2.8,none
2.3,single_family_detached,ok,1,229.5584666976647,482012516003,A1,2.8,none
2.3,single_family_detached,ok,1,293.8530632116733,482012516003,A1,2.8,none
2.6,single_family_detached,ok,1,295.1714560067234,482012516002,A1,3.1485642946317105,none
2.3,single_family_detached,ok,1,282.56671184754475,482012516003,A1,2.8,none
2.6,single_family_detached,ok,1,124.17364587803718,482012516002,A1,3.1485642946317105,none
2.6,single_family_detached,ok,1,333.28383976216406,482012516002,A1,3.1485642946317105,none
2.6,single_family_detached,ok,1,192.37942440537213,482012516002,A1,3.1485642946317105,none
2.6,single_family_detached,ok,1,122.26230813541018,482012516002,A1,3.1485642946317105,none
2.6,single_family_detached,ok,1,476.93417666782454,482012516002,A1,3.1485642946317105,none
2.6,single_family_detached,ok,1,315.61382962940866,482012516002,A1,3.1485642946317105,none
2.6,single_family_detached,ok,1,286.28994171177766,482012516002,A1,3.1485642946317105,none
2.3,mobile_home,ok,1,143.6594133491102,482012516003,A2,2.8,none
2.3,mobile_home,ok,1,176.77936109267276,482012516003,A2,2.8,none
2.3,single_family_detached,ok,1,114.71572034057431,482012516003,A1,2.8,none
2.3,single_family_detached,ok,1,89.46472401421289,482012516003,A1,2.8,none
2.3,single_family_detached,ok,1,80.47890197822605,482012516003,A1,2.8,none
2.0,single_family_detached,ok,1,245.82833799911927,482012517021,A1,2.5308641975308643,none
2.0,single_family_detached,ok,1,296.64460308316694,482012517021,A1,2.5308641975308643,none
4.9,single_family_detached,ok,1,302.65339562327847,482012516001,A1,5.983539094650205,none
4.9,single_family_detached,ok,1,267.57332807059754,482012516001,A1,5.983539094650205,none
4.9,single_family_detached,ok,1,241.48146467824662,482012516001,A1,5.983539094650205,none
4.9,single_family_detached,ok,1,47.35268510003054,482012516001,A1,5.983539094650205,none
4.9,single_family_detached,ok,1,192.50064382940312,482012516001,A1,5.983539094650205,none
4.9,single_family_detached,ok,1,156.62591595346677,482012516001,A1,5.983539094650205,none
4.9,single_family_detached,ok,1,181.0654385097609,482012516001,A1,5.983539094650205,none
4.9,single_family_detached,ok,1,48.108301433456454,482012516001,A1,5.983539094650205,none
2.3,single_family_detached,ok,1,101.8125963150506,482012516003,A1,2.8,none
2.3,single_family_detached,ok,1,98.36862398763834,482012516003,A1,2.8,none
2.6,single_family_detached,ok,1,256.59452426662835,482012516002,A1,3.1485642946317105,none
2.3,single_family_detached,ok,1,147.986451174706,482012516003,A1,2.8,none
2.6,single_family_detached,ok,1,260.35091213530507,482012516002,A1,3.1485642946317105,none
2.3,mobile_home,ok,1,93.3951910130489,482012516003,A2,2.8,none
2.6,single_family_detached,ok,1,189.17768754564597,482012516002,A1,3.1485642946317105,none
2.6,single_family_detached,ok,1,514.9233832974119,482012516002,A1,3.1485642946317105,none
2.6,single_family_detached,ok,1,308.6267594458258,482012516002,A1,3.1485642946317105,none
2.6,single_family_detached,ok,1,132.41425770053135,482012516002,A1,3.1485642946317105,none
2.6,single_family_detached,ok,1,383.9212502010753,482012516002,A1,3.1485642946317105,none
2.6,single_family_detached,ok,1,372.2968093843672,482012516002,A1,3.1485642946317105,none
2.6,single_family_detached,ok,1,394.7769439044546,482012516002,A1,3.1485642946317105,none
2.3,mobile_home,ok,1,148.73398550476173,482012516003,A2,2.8,none
2.3,mobile_home,ok,1,151.22447006230513,482012516003,A2,2.8,none
2.3,single_family_detached,ok,1,28.567886984928922,482012516003,A1,2.8,none
2.6,single_family_detached,ok,1,425.4285472478283,482012516002,A1,3.1485642946317105,none
2.3,single_family_detached,ok,1,105.04311582026517,482012516003,A1,2.8,none
2.6,single_family_detached,ok,1,433.16916602975874,482012516002,A1,3.1485642946317105,none
2.6,single_family_detached,ok,1,77.82710704097461,482012516002,A1,3.1485642946317105,none
2.6,single_family_detached,ok,1,332.9824846285338,482012516002,A1,3.1485642946317105,none
2.3,mobile_home,ok,1,288.9009868644557,482012516003,A2,2.8,none
2.0,single_family_detached,ok,1,109.29569269431724,482012517021,A1,2.5308641975308643,none
2.0,single_family_detached,ok,1,356.68886421946786,482012517021,A1,2.5308641975308643,none
2.0,single_family_detached,ok,1,460.42360978984,482012517021,A1,2.5308641975308643,none
4.9,single_family_detached,ok,1,352.10834213719033,482012516001,A1,5.983539094650205,none
2.0,single_family_detached,ok,1,256.91048399688276,482012517021,A1,2.5308641975308643,none
4.9,single_family_detached,ok,1,319.65469345653696,482012516001,A1,5.983539094650205,none
4.9,single_family_detached,ok,1,150.5568208318166,482012516001,A1,5.983539094650205,none
4.9,single_family_detached,ok,1,128.53887324321113,482012516001,A1,5.983539094650205,none
4.9,single_family_detached,ok,1,354.79361537951735,482012516001,A1,5.983539094650205,none
4.9,single_family_detached,ok,1,167.09100619319963,482012516001,A1,5.983539094650205,none
4.9,single_family_detached,ok,1,87.65512877081825,482012516001,A1,5.983539094650205,none
4.9,mobile_home,ok,1,63.81502781000252,482012516001,A2,5.983539094650205,none
4.9,single_family_detached,ok,1,634.7694496537688,482012516001,A1,5.983539094650205,none
4.9,single_family_detached,ok,1,204.34835318897748,482012516001,A1,5.983539094650205,none
4.9,single_family_detached,ok,1,87.94417943389082,482012516001,A1,5.983539094650205,none
4.9,mobile_home,ok,1,338.3397195327961,482012516001,A2,5.983539094650205,none
4.9,single_family_detached,ok,1,241.25059227375948,482012516001,A1,5.983539094650205,none
4.9,single_family_detached,ok,1,305.86125419633936,482012516001,A1,5.983539094650205,none
4.9,single_family_detached,ok,1,223.20745067941513,482012516001,A1,5.983539094650205,none
4.9,single_family_detached,ok,1,180.97765610298617,482012516001,A1,5.983539094650205,none
4.9,single_family_detached,ok,1,90.4364850807389,482012516001,A1,5.983539094650205,none
4.9,mobile_home,ok,1,80.72271257420856,482012516001,A2,5.983539094650205,none
2.6,single_family_detached,ok,1,276.5766817732265,482012516002,A1,3.1485642946317105,none
2.6,single_family_detached,ok,1,414.35915737751253,482012516002,A1,3.1485642946317105,none
2.6,single_family_detached,ok,1,426.7854218229995,482012516002,A1,3.1485642946317105,none
2.6,single_family_detached,ok,1,544.0455705311241,482012516002,A1,3.1485642946317105,none
2.6,single_family_detached,ok,1,433.96476359370683,482012516002,A1,3.1485642946317105,none
2.6,single_family_detached,ok,1,338.2975068614715,482012516002,A1,3.1485642946317105,none
2.6,single_family_detached,ok,1,459.84055711577713,482012516002,A1,3.1485642946317105,none
2.6,single_family_detached,ok,1,301.74269457249915,482012516002,A1,3.1485642946317105,none
2.6,single_family_detached,ok,1,481.7858748181647,482012516002,A1,3.1485642946317105,none
2.6,single_family_detached,ok,1,344.607861085947,482012516002,A1,3.1485642946317105,none
2.6,single_family_detached,ok,1,351.5028810378695,482012516002,A1,3.1485642946317105,none
2.3,single_family_detached,ok,1,247.15861334109582,482012516003,A1,2.8,none
2.3,single_family_detached,ok,1,123.51728856392904,482012516003,A1,2.8,none
2.6,single_family_detached,ok,1,246.8375593333559,482012516002,A1,3.1485642946317105,none
2.6,single_family_detached,ok,1,169.33839690376652,482012516002,A1,3.1485642946317105,none
2.6,single_family_detached,ok,1,199.07093303852167,482012516002,A1,3.1485642946317105,none
2.3,single_family_detached,ok,1,147.40959540641387,482012516003,A1,2.8,none
2.6,single_family_detached,ok,1,354.2522645897619,482012516002,A1,3.1485642946317105,none
2.3,single_family_detached,ok,1,107.0042144248063,482012516003,A1,2.8,none
2.3,mobile_home,ok,1,259.99657272628093,482012516003,A2,2.8,none
2.6,single_family_detached,ok,1,238.52543610258013,482012516002,A1,3.1485642946317105,none
2.6,single_family_detached,ok,1,379.2782142491713,482012516002,A1,3.1485642946317105,none
2.6,single_family_detached,ok,1,251.91570809527016,482012516002,A1,3.1485642946317105,none
2.0,single_family_detached,ok,1,364.7318173079292,482012517021,A1,2.5308641975308643,none
2.0,single_family_detached,ok,1,527.3189726126137,482012517021,A1,2.5308641975308643,none
2.0,single_family_detached,ok,1,376.1824320833126,482012517021,A1,2.5308641975308643,none
2.0,single_family_detached,ok,1,333.3116625973075,482012517021,A1,2.5308641975308643,none
4.9,single_family_detached,ok,1,215.95754070767083,482012516001,A1,5.983539094650205,none
2.0,single_family_detached,ok,1,73.30272769812603,482012517021,A1,2.5308641975308643,none
4.9,single_family_detached,ok,1,359.33744992023304,482012516001,A1,5.983539094650205,none
4.9,mobile_home,ok,1,319.997013339233,482012516001,A2,5.983539094650205,none
4.9,mobile_home,ok,1,555.6901214770648,482012516001,A2,5.983539094650205,none
4.9,single_family_detached,ok,1,544.1780492444971,482012516001,A1,5.983539094650205,none
4.9,mobile_home,ok,1,322.9984387978952,482012516001,A2,5.983539094650205,none
4.9,single_family_detached,ok,1,192.33516501373035,482012516001,A1,5.983539094650205,none
4.9,single_family_detached,ok,1,240.14223178141685,482012516001,A1,5.983539094650205,none
4.9,single_family_detached,ok,1,149.30738498328066,482012516001,A1,5.983539094650205,none
4.9,single_family_detached,ok,1,191.07689569827957,482012516001,A1,5.983539094650205,none
4.9,mobile_home,ok,1,69.25938452746556,482012516001,A2,5.983539094650205,none
4.9,single_family_detached,ok,1,179.18226133565062,482012516001,A1,5.983539094650205,none
2.6,single_family_detached,ok,1,489.9161130198489,482012516002,A1,3.1485642946317105,none
2.3,single_family_detached,ok,1,181.90570111239822,482012516003,A1,2.8,none
2.3,single_family_detached,ok,1,149.20394379567892,482012516003,A1,2.8,none
2.3,mobile_home,ok,1,132.1460511861869,482012516003,A2,2.8,none
2.3,single_family_detached,ok,1,132.1460511861869,482012516003,A1,2.8,none
2.6,single_family_detached,ok,1,174.851683624455,482012516002,A1,3.1485642946317105,none
2.6,single_family_detached,ok,1,100.70737562551673,482012516002,A1,3.1485642946317105,none
2.6,single_family_detached,ok,1,435.56605279650046,482012516002,A1,3.1485642946317105,none
2.6,single_family_detached,ok,1,243.49629866992447,482012516002,A1,3.1485642946317105,none
2.6,single_family_detached,ok,1,528.2863371628996,482012516002,A1,3.1485642946317105,none
2.6,single_family_detached,ok,1,102.47739181870787,482012516002,A1,3.1485642946317105,none
2.6,single_family_detached,ok,1,128.12518147569037,482012516002,A1,3.1485642946317105,none
2.3,single_family_detached,ok,1,161.73600443759887,482012516003,A1,2.8,none
2.6,single_family_detached,ok,1,350.2531809378313,482012516002,A1,3.1485642946317105,none
2.6,single_family_detached,ok,1,76.9133831978623,482012516002,A1,3.1485642946317105,none
2.6,single_family_detached,ok,1,350.05110702968886,482012516002,A1,3.1485642946317105,none
2.3,single_family_detached,ok,1,134.70909469305622,482012516003,A1,2.8,none
2.3,single_family_detached,ok,1,31.808940218142027,482012516003,A1,2.8,none
2.6,single_family_detached,ok,1,329.97938524857625,482012516002,A1,3.1485642946317105,none
2.6,single_family_detached,ok,1,332.964209607298,482012516002,A1,3.1485642946317105,none
2.6,single_family_detached,ok,1,303.77342675573186,482012516002,A1,3.1485642946317105,none
2.3,single_family_detached,ok,1,795.1810101666229,482012516003,A1,2.8,none
2.3,mobile_home,ok,1,60.386286548520886,482012516003,A2,2.8,none
2.6,single_family_detached,ok,1,196.3017493060652,482012516002,A1,3.1485642946317105,none
2.0,single_family_detached,ok,1,619.6444906676542,482012517021,A1,2.5308641975308643,none
2.0,single_family_detached,ok,1,567.714482603059,482012517021,A1,2.5308641975308643,none
2.0,single_family_detached,ok,1,270.33060130764443,482012517021,A1,2.5308641975308643,none
2.0,single_family_detached,ok,1,362.67016645994005,482012517021,A1,2.5308641975308643,none
2.0,single_family_detached,ok,1,467.21348344493197,482012517021,A1,2.5308641975308643,none
4.9,single_family_detached,ok,1,305.516314113509,482012516001,A1,5.983539094650205,none
4.9,mobile_home,ok,1,202.83056649665653,482012516001,A2,5.983539094650205,none
4.9,single_family_detached,ok,1,210.38403201988726,482012516001,A1,5.983539094650205,none
4.9,mobile_home,ok,1,201.62437621846706,482012516001,A2,5.983539094650205,none
4.9,single_family_detached,ok,1,264.55083443977617,482012516001,A1,5.983539094650205,none
4.9,single_family_detached,ok,1,134.92671753966056,482012516001,A1,5.983539094650205,none
4.9,single_family_detached,ok,1,182.6212968051149,482012516001,A1,5.983539094650205,none
4.9,single_family_detached,ok,1,144.97251839881588,482012516001,A1,5.983539094650205,none
4.9,single_family_detached,ok,1,268.33627254179913,482012516001,A1,5.983539094650205,none
4.9,single_family_detached,ok,1,41.241814639821904,482012516001,A1,5.983539094650205,none
4.9,single_family_detached,ok,1,246.0587063843176,482012516001,A1,5.983539094650205,none
4.9,single_family_detached,ok,1,224.640103320533,482012516001,A1,5.983539094650205,none
2.6,single_family_detached,ok,1,69.66556284362746,482012516002,A1,3.1485642946317105,none
2.6,single_family_detached,ok,1,218.22276872480046,482012516002,A1,3.1485642946317105,none
2.6,single_family_detached,ok,1,289.6331274274403,482012516002,A1,3.1485642946317105,none
2.3,mobile_home,ok,1,75.69328257215241,482012516003,A2,2.8,none
2.6,single_family_detached,ok,1,178.05655098670627,482012516002,A1,3.1485642946317105,none
2.6,single_family_detached,ok,1,68.50772752988901,482012516002,A1,3.1485642946317105,none
2.3,single_family_detached,ok,1,187.89532760973458,482012516003,A1,2.8,none
2.6,single_family_detached,ok,1,345.1647072016734,482012516002,A1,3.1485642946317105,none
2.6,single_family_detached,ok,1,168.6330691176763,482012516002,A1,3.1485642946317105,none
2.6,single_family_detached,ok,1,395.5385792316494,482012516002,A1,3.1485642946317105,none
2.6,single_family_detached,ok,1,387.4708642404874,482012516002,A1,3.1485642946317105,none
2.3,single_family_detached,ok,1,368.10445424194154,482012516003,A1,2.8,none
2.6,single_family_detached,ok,1,343.03297863947904,482012516002,A1,3.1485642946317105,none
2.3,single_family_detached,ok,1,154.88598350488846,482012516003,A1,2.8,none
2.6,single_family_detached,ok,1,460.60287853981225,482012516002,A1,3.1485642946317105,none
2.3,mobile_home,ok,1,228.61421021974266,482012516003,A2,2.8,none
2.6,single_family_detached,ok,1,415.9814356410562,482012516002,A1,3.1485642946317105,none
2.3,single_family_detached,ok,1,142.79832364202878,482012516003,A1,2.8,none
2.3,mobile_home,ok,1,182.28886123892718,482012516003,A2,2.8,none
2.6,single_family_detached,ok,1,82.46863191066963,482012516002,A1,3.1485642946317105,none
2.6,single_family_detached,ok,1,160.38407828122928,482012516002,A1,3.1485642946317105,none
2.6,single_family_detached,ok,1,253.5992243983247,482012516002,A1,3.1485642946317105,none
2.8,single_family_detached,ok,1,100.52798424172673,482012515012,A1,3.21822272215973,none
2.0,single_family_detached,ok,1,143.25436422809793,482012517021,A1,2.5308641975308643,none
2.0,single_family_detached,ok,1,331.0164716719841,482012517021,A1,2.5308641975308643,none
4.9,single_family_detached,ok,1,315.8537189238857,482012516001,A1,5.983539094650205,none
4.9,single_family_detached,ok,1,385.58537645828784,482012516001,A1,5.983539094650205,none
4.9,single_family_detached,ok,1,182.4121891801494,482012516001,A1,5.983539094650205,none
4.9,single_family_detached,ok,1,338.43719155210044,482012516001,A1,5.983539094650205,none
4.9,single_family_detached,ok,1,119.21932617226211,482012516001,A1,5.983539094650205,none
4.9,single_family_detached,ok,1,123.81134455276369,482012516001,A1,5.983539094650205,none
4.9,single_family_detached,ok,1,143.94294819251868,482012516001,A1,5.983539094650205,none
4.9,single_family_detached,ok,1,137.65597800190258,482012516001,A1,5.983539094650205,none
4.9,single_family_detached,ok,1,177.00715137129706,482012516001,A1,5.983539094650205,none
4.9,mobile_home,ok,1,98.2262606368372,482012516001,A2,5.983539094650205,none
4.9,single_family_detached,ok,1,37.75783071085833,482012516001,A1,5.983539094650205,none
4.9,single_family_detached,ok,1,104.10946506426131,482012516001,A1,5.983539094650205,none
4.9,single_family_detached,ok,1,198.52549205287232,482012516001,A1,5.983539094650205,none
4.9,single_family_detached,ok,1,161.4384406557138,482012516001,A1,5.983539094650205,none
2.6,single_family_detached,ok,1,330.5423342218904,482012516002,A1,3.1485642946317105,none
2.6,single_family_detached,ok,1,95.96793462027046,482012516002,A1,3.1485642946317105,none
2.6,single_family_detached,ok,1,312.95216324956857,482012516002,A1,3.1485642946317105,none
2.6,single_family_detached,ok,1,115.46340066224218,482012516002,A1,3.1485642946317105,none
2.3,single_family_detached,ok,1,269.95112789419716,482012516003,A1,2.8,none
2.3,mobile_home,ok,1,169.98625514041808,482012516003,A2,2.8,none
2.3,single_family_detached,ok,1,169.98625514041808,482012516003,A1,2.8,none
2.6,single_family_detached,ok,1,431.2762381210192,482012516002,A1,3.1485642946317105,none
2.6,single_family_detached,ok,1,199.021859775353,482012516002,A1,3.1485642946317105,none
2.6,single_family_detached,ok,1,335.7366139832568,482012516002,A1,3.1485642946317105,none
2.6,single_family_detached,ok,1,119.23733072158767,482012516002,A1,3.1485642946317105,none
2.6,single_family_detached,ok,1,172.15877206316205,482012516002,A1,3.1485642946317105,none
2.3,single_family_detached,ok,1,154.30754340836833,482012516003,A1,2.8,none
2.3,single_family_detached,ok,1,184.86179178180336,482012516003,A1,2.8,none
2.3,single_family_detached,ok,1,158.96002797914937,482012516003,A1,2.8,none
2.3,mobile_home,ok,1,228.7433700090835,482012516003,A2,2.8,none
2.6,single_family_detached,ok,1,461.1493603139544,482012516002,A1,3.1485642946317105,none
2.3,single_family_detached,ok,1,161.12613361375736,482012516003,A1,2.8,none
2.6,single_family_detached,ok,1,243.73645937454967,482012516002,A1,3.1485642946317105,none
2.3,mobile_home,ok,1,33.040642280494794,482012516003,A2,2.8,none
2.3,mobile_home,ok,1,117.32354926436746,482012516003,A2,2.8,none
2.6,single_family_detached,ok,1,139.97707051755322,482012516002,A1,3.1485642946317105,none
2.6,single_family_detached,ok,1,322.4791983462545,482012516002,A1,3.1485642946317105,none
2.6,single_family_detached,ok,1,280.34583239520504,482012516002,A1,3.1485642946317105,none
2.3,mobile_home,ok,1,157.89385526684413,482012516003,A2,2.8,none
2.6,single_family_detached,ok,1,248.37581988723014,482012516002,A1,3.1485642946317105,none
2.3,single_family_detached,ok,1,153.14920894028862,482012516003,A1,2.8,none
2.0,single_family_detached,ok,1,538.5198640063442,482012517021,A1,2.5308641975308643,none
2.0,single_family_detached,ok,1,110.69162801093509,482012517021,A1,2.5308641975308643,none
2.0,single_family_detached,ok,1,424.76473545023396,482012517021,A1,2.5308641975308643,none
4.9,mobile_home,ok,1,230.89623977067862,482012516001,A2,5.983539094650205,none
2.0,single_family_detached,ok,1,369.04337027913584,482012517021,A1,2.5308641975308643,none
2.0,single_family_detached,ok,1,33.830313903990884,482012517021,A1,2.5308641975308643,none
4.9,single_family_detached,ok,1,253.87177279595446,482012516001,A1,5.983539094650205,none
4.9,single_family_detached,ok,1,259.6564280891414,482012516001,A1,5.983539094650205,none
4.9,single_family_detached,ok,1,220.20005785648664,482012516001,A1,5.983539094650205,none
4.9,mobile_home,ok,1,166.92813310438757,482012516001,A2,5.983539094650205,none
4.9,mobile_home,ok,1,180.87146202429312,482012516001,A2,5.983539094650205,none
4.9,single_family_detached,ok,1,146.53654044908689,482012516001,A1,5.983539094650205,none
4.9,single_family_detached,ok,1,419.8752004982221,482012516001,A1,5.983539094650205,none
4.9,single_family_detached,ok,1,48.97980145324784,482012516001,A1,5.983539094650205,none
4.9,single_family_detached,ok,1,121.17483228118576,482012516001,A1,5.983539094650205,none
4.9,single_family_detached,ok,1,245.75215077437073,482012516001,A1,5.983539094650205,none
2.6,single_family_detached,ok,1,470.42549877441735,482012516002,A1,3.1485642946317105,none
2.6,single_family_detached,ok,1,378.9848254104308,482012516002,A1,3.1485642946317105,none
2.6,single_family_detached,ok,1,279.67772935435715,482012516002,A1,3.1485642946317105,none
2.6,single_family_detached,ok,1,281.26029089791535,482012516002,A1,3.1485642946317105,none
2.6,single_family_detached,ok,1,126.01994969151376,482012516002,A1,3.1485642946317105,none
2.6,single_family_detached,ok,1,517.7572385238523,482012516002,A1,3.1485642946317105,none
2.3,single_family_detached,ok,1,353.1744894138276,482012516003,A1,2.8,none
2.6,single_family_detached,ok,1,69.34959017318991,482012516002,A1,3.1485642946317105,none
2.3,mobile_home,ok,1,102.64240949442487,482012516003,A2,2.8,none
2.6,single_family_detached,ok,1,413.6747177128212,482012516002,A1,3.1485642946317105,none
2.3,single_family_detached,ok,1,88.99042541191577,482012516003,A1,2.8,none
2.6,single_family_detached,ok,1,241.43054051372295,482012516002,A1,3.1485642946317105,none
2.3,single_family_detached,ok,1,104.42581797149103,482012516003,A1,2.8,none
2.6,single_family_detached,ok,1,328.76922179057084,482012516002,A1,3.1485642946317105,none
2.6,single_family_detached,ok,1,261.1081762639108,482012516002,A1,3.1485642946317105,none
2.6,single_family_detached,ok,1,235.73594969785646,482012516002,A1,3.1485642946317105,none
2.0,single_family_detached,ok,1,769.5008790866607,482012517021,A1,2.5308641975308643,none
2.0,single_family_detached,ok,1,355.81803829536125,482012517021,A1,2.5308641975308643,none
4.9,mobile_home,ok,1,125.99562685325431,482012516001,A2,5.983539094650205,none
4.9,single_family_detached,ok,1,319.89886599730215,482012516001,A1,5.983539094650205,none
2.0,single_family_detached,ok,1,250.39381271094035,482012517021,A1,2.5308641975308643,none
4.9,single_family_detached,ok,1,163.810788237584,482012516001,A1,5.983539094650205,none
4.9,single_family_detached,ok,1,215.53720271600707,482012516001,A1,5.983539094650205,none
4.9,single_family_detached,ok,1,122.07253697133848,482012516001,A1,5.983539094650205,none
4.9,single_family_detached,ok,1,163.2737206030149,482012516001,A1,5.983539094650205,none
4.9,single_family_detached,ok,1,213.32476958566883,482012516001,A1,5.983539094650205,none
4.9,single_family_detached,ok,1,239.49390846174495,482012516001,A1,5.983539094650205,none
4.9,single_family_detached,ok,1,181.53769107654261,482012516001,A1,5.983539094650205,none
4.9,single_family_detached,ok,1,238.71456527318378,482012516001,A1,5.983539094650205,none
4.9,single_family_detached,ok,1,130.16573399262066,482012516001,A1,5.983539094650205,none
4.9,single_family_detached,ok,1,214.009362200023,482012516001,A1,5.983539094650205,none
2.6,single_family_detached,ok,1,532.1536936943631,482012516002,A1,3.1485642946317105,none
2.6,single_family_detached,ok,1,47.23323033828574,482012516002,A1,3.1485642946317105,none
2.6,single_family_detached,ok,1,429.9688617893323,482012516002,A1,3.1485642946317105,none
2.6,single_family_detached,ok,1,476.4748966793831,482012516002,A1,3.1485642946317105,none
2.6,single_family_detached,ok,1,390.6616761586107,482012516002,A1,3.1485642946317105,none
2.3,single_family_detached,ok,1,26.511128076406617,482012516003,A1,2.8,none
2.3,mobile_home,ok,1,95.81367531512012,482012516003,A2,2.8,none
2.6,single_family_detached,ok,1,274.94315150167847,482012516002,A1,3.1485642946317105,none
2.6,single_family_detached,ok,1,386.57238781116484,482012516002,A1,3.1485642946317105,none
2.6,single_family_detached,ok,1,414.950245043789,482012516002,A1,3.1485642946317105,none
2.3,single_family_detached,ok,1,323.1775150220603,482012516003,A1,2.8,none
2.6,single_family_detached,ok,1,315.36812575702015,482012516002,A1,3.1485642946317105,none
2.6,single_family_detached,ok,1,290.45001139388484,482012516002,A1,3.1485642946317105,none
2.6,single_family_detached,ok,1,267.9662621076794,482012516002,A1,3.1485642946317105,none
2.6,single_family_detached,ok,1,268.7872496102469,482012516002,A1,3.1485642946317105,none
2.6,single_family_detached,ok,1,345.2626116035292,482012516002,A1,3.1485642946317105,none
2.3,single_family_detached,ok,1,45.608573182268515,482012516003,A1,2.8,none
2.6,single_family_detached,ok,1,205.58758637022103,482012516002,A1,3.1485642946317105,none
2.6,single_family_detached,ok,1,449.3497242124224,482012516002,A1,3.1485642946317105,none
2.3,single_family_detached,ok,1,314.0892331439684,482012516003,A1,2.8,none
2.6,single_family_detached,ok,1,227.93468540342832,482012516002,A1,3.1485642946317105,none
2.6,single_family_detached,ok,1,414.04728292030853,482012516002,A1,3.1485642946317105,none
2.0,single_family_detached,ok,1,777.9149424925786,482012517021,A1,2.5308641975308643,none
2.0,single_family_detached,ok,1,314.4860927954809,482012517021,A1,2.5308641975308643,none
2.0,single_family_detached,ok,1,462.5612367206832,482012517021,A1,2.5308641975308643,none
2.0,single_family_detached,ok,1,352.52392422129213,482012517021,A1,2.5308641975308643,none
2.0,single_family_detached,ok,1,330.4190548551773,482012517021,A1,2.5308641975308643,none
4.9,single_family_detached,ok,1,255.25102790972798,482012516001,A1,5.983539094650205,none
4.9,mobile_home,ok,1,138.88116567985543,482012516001,A2,5.983539094650205,none
4.9,mobile_home,ok,1,151.38070916337443,482012516001,A2,5.983539094650205,none
4.9,mobile_home,ok,1,225.21122219842323,482012516001,A2,5.983539094650205,none
4.9,mobile_home,ok,1,144.22448539000558,482012516001,A2,5.983539094650205,none
4.9,single_family_detached,ok,1,149.32675041331788,482012516001,A1,5.983539094650205,none
4.9,single_family_detached,ok,1,446.87751552791696,482012516001,A1,5.983539094650205,none
4.9,single_family_detached,ok,1,282.7936659438358,482012516001,A1,5.983539094650205,none
4.9,single_family_detached,ok,1,209.00186042607027,482012516001,A1,5.983539094650205,none
4.9,single_family_detached,ok,1,208.190292767209,482012516001,A1,5.983539094650205,none
4.9,single_family_detached,ok,1,210.54826598175558,482012516001,A1,5.983539094650205,none
4.9,single_family_detached,ok,1,42.56044397104082,482012516001,A1,5.983539094650205,none
4.9,single_family_detached,ok,1,180.95118439387298,482012516001,A1,5.983539094650205,none
4.9,single_family_detached,ok,1,181.92385462397257,482012516001,A1,5.983539094650205,none
4.9,single_family_detached,ok,1,550.9833793418873,482012516001,A1,5.983539094650205,none
4.9,single_family_detached,ok,1,127.52072483718717,482012516001,A1,5.983539094650205,none
4.9,single_family_detached,ok,1,92.55852909911043,482012516001,A1,5.983539094650205,none
4.9,single_family_detached,ok,1,164.39981300694623,482012516001,A1,5.983539094650205,none
4.9,mobile_home,ok,1,125.86104212640514,482012516001,A2,5.983539094650205,none
4.9,single_family_detached,ok,1,102.17853201996633,482012516001,A1,5.983539094650205,none
2.3,single_family_detached,ok,1,108.61821576512,482012516003,A1,2.8,none
4.9,single_family_detached,ok,1,180.6668635230691,482012516001,A1,5.983539094650205,none
2.6,single_family_detached,ok,1,83.04933369840462,482012516002,A1,3.1485642946317105,none
2.6,single_family_detached,ok,1,84.58216111777188,482012516002,A1,3.1485642946317105,none
2.6,single_family_detached,ok,1,188.8342600857122,482012516002,A1,3.1485642946317105,none
2.6,single_family_detached,ok,1,91.49752331076914,482012516002,A1,3.1485642946317105,none
2.6,single_family_detached,ok,1,342.8888371358272,482012516002,A1,3.1485642946317105,none
2.3,single_family_detached,ok,1,173.2367777171501,482012516003,A1,2.8,none
2.6,single_family_detached,ok,1,395.8177070996896,482012516002,A1,3.1485642946317105,none
2.6,single_family_detached,ok,1,260.22834633771146,482012516002,A1,3.1485642946317105,none
2.6,single_family_detached,ok,1,231.4209160590236,482012516002,A1,3.1485642946317105,none
2.6,single_family_detached,ok,1,111.53608076227218,482012516002,A1,3.1485642946317105,none
2.3,single_family_detached,ok,1,378.565596805397,482012516003,A1,2.8,none
2.3,single_family_detached,ok,1,107.8589062251749,482012516003,A1,2.8,none
2.3,single_family_detached,ok,1,243.55133804647795,482012516003,A1,2.8,none
2.6,single_family_detached,ok,1,58.09078312758086,482012516002,A1,3.1485642946317105,none
2.6,single_family_detached,ok,1,325.36288222439657,482012516002,A1,3.1485642946317105,none
2.6,single_family_detached,ok,1,212.0265899120874,482012516002,A1,3.1485642946317105,none
2.6,single_family_detached,ok,1,118.14389123259019,482012516002,A1,3.1485642946317105,none
2.3,single_family_detached,ok,1,122.55746704562776,482012516003,A1,2.8,none
2.6,single_family_detached,ok,1,312.96615694384485,482012516002,A1,3.1485642946317105,none
2.3,single_family_detached,ok,1,99.99443507883382,482012516003,A1,2.8,none
2.6,single_family_detached,ok,1,390.27410611688765,482012516002,A1,3.1485642946317105,none
2.6,single_family_detached,ok,1,337.78405250863074,482012516002,A1,3.1485642946317105,none
2.6,single_family_detached,ok,1,316.59186799434264,482012516002,A1,3.1485642946317105,none
2.6,single_family_detached,ok,1,299.25481801698646,482012516002,A1,3.1485642946317105,none
2.6,single_family_detached,ok,1,263.63474802874595,482012516002,A1,3.1485642946317105,none
2.0,single_family_detached,ok,1,440.1392830819211,482012517021,A1,2.5308641975308643,none
2.0,single_family_detached,ok,1,342.7334649078098,482012517021,A1,2.5308641975308643,none
2.0,single_family_detached,ok,1,356.38481886698185,482012517021,A1,2.5308641975308643,none
2.0,single_family_detached,ok,1,381.23039221429343,482012517021,A1,2.5308641975308643,none
2.0,single_family_detached,ok,1,449.0246964647806,482012517021,A1,2.5308641975308643,none
2.0,single_family_detached,ok,1,58.763226364640154,482012517021,A1,2.5308641975308643,none
4.9,single_family_detached,ok,1,38.9986782156673,482012516001,A1,5.983539094650205,none
4.9,single_family_detached,ok,1,42.781144344550555,482012516001,A1,5.983539094650205,none
4.9,single_family_detached,ok,1,158.49963554064476,482012516001,A1,5.983539094650205,none
2.0,single_family_detached,ok,1,121.54980796429956,482012517021,A1,2.5308641975308643,none
4.9,single_family_detached,ok,1,309.48089254878073,482012516001,A1,5.983539094650205,none
4.9,single_family_detached,ok,1,282.7340465883531,482012516001,A1,5.983539094650205,none
4.9,mobile_home,ok,1,160.99079519105481,482012516001,A2,5.983539094650205,none
4.9,single_family_detached,ok,1,140.8314090929548,482012516001,A1,5.983539094650205,none
4.9,single_family_detached,ok,1,103.51548429503714,482012516001,A1,5.983539094650205,none
4.9,single_family_detached,ok,1,183.27689781720028,482012516001,A1,5.983539094650205,none
4.9,single_family_detached,ok,1,140.38820896347892,482012516001,A1,5.983539094650205,none
4.9,single_family_detached,ok,1,164.26228585983503,482012516001,A1,5.983539094650205,none
4.9,single_family_detached,ok,1,58.122799362149564,482012516001,A1,5.983539094650205,none
4.9,single_family_detached,ok,1,161.95874642448337,482012516001,A1,5.983539094650205,none
4.9,single_family_detached,ok,1,103.66452202247274,482012516001,A1,5.983539094650205,none
4.9,single_family_detached,ok,1,78.41605158421993,482012516001,A1,5.983539094650205,none
4.9,single_family_detached,ok,1,172.00457837688907,482012516001,A1,5.983539094650205,none
4.9,single_family_detached,ok,1,232.58973342057945,482012516001,A1,5.983539094650205,none
2.3,single_family_detached,ok,1,221.86017069041816,482012516003,A1,2.8,none
2.6,single_family_detached,ok,1,575.7954943996016,482012516002,A1,3.1485642946317105,none
2.6,single_family_detached,ok,1,289.74520569295254,482012516002,A1,3.1485642946317105,none
2.6,single_family_detached,ok,1,191.9705069256154,482012516002,A1,3.1485642946317105,none
2.3,mobile_home,ok,1,81.57214859228117,482012516003,A2,2.8,none
2.6,single_family_detached,ok,1,245.68632893965668,482012516002,A1,3.1485642946317105,none
2.6,single_family_detached,ok,1,126.01376246536194,482012516002,A1,3.1485642946317105,none
2.6,single_family_detached,ok,1,36.20057131575183,482012516002,A1,3.1485642946317105,none
2.3,single_family_detached,ok,1,281.50305899358756,482012516003,A1,2.8,none
2.3,single_family_detached,ok,1,62.801417812977355,482012516003,A1,2.8,none
2.6,single_family_detached,ok,1,480.6222108394365,482012516002,A1,3.1485642946317105,none
2.6,single_family_detached,ok,1,361.62083016952016,482012516002,A1,3.1485642946317105,none
2.3,single_family_detached,ok,1,272.1836325855006,482012516003,A1,2.8,none
2.3,single_family_detached,ok,1,271.7185282412687,482012516003,A1,2.8,none
2.6,single_family_detached,ok,1,217.09679776517436,482012516002,A1,3.1485642946317105,none
2.3,single_family_detached,ok,1,623.9611371779961,482012516003,A1,2.8,none
2.6,single_family_detached,ok,1,357.8756472762711,482012516002,A1,3.1485642946317105,none
2.6,single_family_detached,ok,1,70.53115902809881,482012516002,A1,3.1485642946317105,none
2.3,single_family_detached,ok,1,199.0386834967338,482012516003,A1,2.8,none
2.3,single_family_detached,ok,1,334.63071063028906,482012516003,A1,2.8,none
2.6,single_family_detached,ok,1,521.2658482285365,482012516002,A1,3.1485642946317105,none
2.6,single_family_detached,ok,1,100.79844684311286,482012516002,A1,3.1485642946317105,none
2.6,single_family_detached,ok,1,268.4213530232555,482012516002,A1,3.1485642946317105,none
2.3,single_family_detached,ok,1,150.04869464148769,482012516003,A1,2.8,none
2.6,single_family_detached,ok,1,537.7112280244158,482012516002,A1,3.1485642946317105,none
2.3,single_family_detached,ok,1,116.61159015635064,482012516003,A1,2.8,none
2.3,single_family_detached,ok,1,204.76474894473364,482012516003,A1,2.8,none
2.6,single_family_detached,ok,1,118.42497291891692,482012516002,A1,3.1485642946317105,none
2.3,mobile_home,ok,1,201.00858612828782,482012516003,A2,2.8,none
2.0,single_family_detached,ok,1,327.9395928387732,482012517021,A1,2.5308641975308643,none
2.0,single_family_detached,ok,1,423.6986311838592,482012517021,A1,2.5308641975308643,none
2.0,single_family_detached,ok,1,222.0902954576713,482012517021,A1,2.5308641975308643,none
2.0,single_family_detached,ok,1,325.66551940801077,482012517021,A1,2.5308641975308643,none
2.0,single_family_detached,ok,1,91.60305092149065,482012517021,A1,2.5308641975308643,none
4.9,single_family_detached,ok,1,389.6326708035036,482012516001,A1,5.983539094650205,none
4.9,single_family_detached,ok,1,187.53549044091253,482012516001,A1,5.983539094650205,none
4.9,single_family_detached,ok,1,121.9131599221724,482012516001,A1,5.983539094650205,none
4.9,single_family_detached,ok,1,487.1694355107421,482012516001,A1,5.983539094650205,none
4.9,single_family_detached,ok,1,58.34278814795762,482012516001,A1,5.983539094650205,none
4.9,single_family_detached,ok,1,90.10862230696479,482012516001,A1,5.983539094650205,none
4.9,mobile_home,ok,1,48.5332263507341,482012516001,A2,5.983539094650205,none
4.9,single_family_detached,ok,1,288.1449637137175,482012516001,A1,5.983539094650205,none
4.9,single_family_detached,ok,1,284.48594765843876,482012516001,A1,5.983539094650205,none
4.9,single_family_detached,ok,1,224.4011004342444,482012516001,A1,5.983539094650205,none
4.9,single_family_detached,ok,1,332.7348576765034,482012516001,A1,5.983539094650205,none
2.3,single_family_detached,ok,1,198.1134893413056,482012516003,A1,2.8,none
2.6,single_family_detached,ok,1,304.6159723762578,482012516002,A1,3.1485642946317105,none
2.6,single_family_detached,ok,1,218.12105507304216,482012516002,A1,3.1485642946317105,none
2.6,single_family_detached,ok,1,350.2281390525719,482012516002,A1,3.1485642946317105,none
2.6,single_family_detached,ok,1,383.22862960418314,482012516002,A1,3.1485642946317105,none
2.6,single_family_detached,ok,1,504.4225853236135,482012516002,A1,3.1485642946317105,none
2.6,single_family_detached,ok,1,239.77797171960893,482012516002,A1,3.1485642946317105,none
2.6,single_family_detached,ok,1,230.3382869365405,482012516002,A1,3.1485642946317105,none
2.6,single_family_detached,ok,1,117.75172837440286,482012516002,A1,3.1485642946317105,none
2.6,single_family_detached,ok,1,437.9271757106565,482012516002,A1,3.1485642946317105,none
2.6,single_family_detached,ok,1,116.70154698864363,482012516002,A1,3.1485642946317105,none
2.3,single_family_detached,ok,1,50.41500839588683,482012516003,A1,2.8,none
2.6,single_family_detached,ok,1,371.863948248271,482012516002,A1,3.1485642946317105,none
2.6,single_family_detached,ok,1,210.645302256258,482012516002,A1,3.1485642946317105,none
2.6,single_family_detached,ok,1,187.63087715368698,482012516002,A1,3.1485642946317105,none
2.6,single_family_detached,ok,1,387.7780374493619,482012516002,A1,3.1485642946317105,none
2.3,single_family_detached,ok,1,125.68998193610038,482012516003,A1,2.8,none
2.6,single_family_detached,ok,1,363.13876765128686,482012516002,A1,3.1485642946317105,none
2.6,single_family_detached,ok,1,172.91914232743787,482012516002,A1,3.1485642946317105,none
2.6,single_family_detached,ok,1,181.64579444619864,482012516002,A1,3.1485642946317105,none
2.6,single_family_detached,ok,1,385.4396376408409,482012516002,A1,3.1485642946317105,none
2.3,mobile_home,ok,1,128.45296239605528,482012516003,A2,2.8,none
2.6,single_family_detached,ok,1,308.0338049581969,482012516002,A1,3.1485642946317105,none
2.3,mobile_home,ok,1,111.7528527698789,482012516003,A2,2.8,none
2.3,single_family_detached,ok,1,111.7528527698789,482012516003,A1,2.8,none
2.6,single_family_detached,ok,1,82.526956842163,482012516002,A1,3.1485642946317105,none
2.6,single_family_detached,ok,1,437.11572996788647,482012516002,A1,3.1485642946317105,none
2.0,single_family_detached,ok,1,480.14308067376635,482012517021,A1,2.5308641975308643,none
2.0,single_family_detached,ok,1,500.4472532452956,482012517021,A1,2.5308641975308643,none
4.9,single_family_detached,ok,1,207.09395287227852,482012516001,A1,5.983539094650205,none
4.9,single_family_detached,ok,1,305.8330620731697,482012516001,A1,5.983539094650205,none
4.9,mobile_home,ok,1,128.9735818111734,482012516001,A2,5.983539094650205,none
4.9,single_family_detached,ok,1,399.39114238168514,482012516001,A1,5.983539094650205,none
4.9,single_family_detached,ok,1,281.3378542647785,482012516001,A1,5.983539094650205,none
4.9,single_family_detached,ok,1,110.96114346720637,482012516001,A1,5.983539094650205,none
4.9,single_family_detached,ok,1,186.34484183034135,482012516001,A1,5.983539094650205,none
4.9,mobile_home,ok,1,174.4259584765592,482012516001,A2,5.983539094650205,none
4.9,single_family_detached,ok,1,40.75014143578125,482012516001,A1,5.983539094650205,none
4.9,mobile_home,ok,1,56.14627499123355,482012516001,A2,5.983539094650205,none
4.9,mobile_home,ok,1,76.99495248065173,482012516001,A2,5.983539094650205,none
4.9,single_family_detached,ok,1,304.5374730944587,482012516001,A1,5.983539094650205,none
4.9,single_family_detached,ok,1,196.674002488293,482012516001,A1,5.983539094650205,none
4.9,single_family_detached,ok,1,149.1520749270862,482012516001,A1,5.983539094650205,none
4.9,single_family_detached,ok,1,70.06668821472257,482012516001,A1,5.983539094650205,none
4.9,single_family_detached,ok,1,245.71681412130948,482012516001,A1,5.983539094650205,none
2.0,single_family_detached,ok,1,450.65006633057897,482012517021,A1,2.5308641975308643,none
2.0,single_family_detached,ok,1,322.04932672436087,482012517021,A1,2.5308641975308643,none
2.6,single_family_detached,ok,1,324.099127371907,482012516002,A1,3.1485642946317105,none
2.6,single_family_detached,ok,1,308.1999125510846,482012516002,A1,3.1485642946317105,none
2.6,single_family_detached,ok,1,342.87352880453705,482012516002,A1,3.1485642946317105,none
2.3,mobile_home,ok,1,311.3420440980361,482012516003,A2,2.8,none
2.6,single_family_detached,ok,1,268.709924452673,482012516002,A1,3.1485642946317105,none
2.0,single_family_detached,ok,1,219.400303985867,482012517021,A1,2.5308641975308643,none
2.0,single_family_detached,ok,1,313.0053971727376,482012517021,A1,2.5308641975308643,none
2.6,single_family_detached,ok,1,240.00167933906332,482012516002,A1,3.1485642946317105,none
2.3,mobile_home,ok,1,60.661950474641046,482012516003,A2,2.8,none
2.3,single_family_detached,ok,1,128.27001226811038,482012516003,A1,2.8,none
2.6,single_family_detached,ok,1,410.4902688844343,482012516002,A1,3.1485642946317105,none
2.3,single_family_detached,ok,1,376.43829216558873,482012516003,A1,2.8,none
2.3,single_family_detached,ok,1,165.28589704438218,482012516003,A1,2.8,none
2.6,single_family_detached,ok,1,247.2125227419476,482012516002,A1,3.1485642946317105,none
2.6,single_family_detached,ok,1,439.91528814209113,482012516002,A1,3.1485642946317105,none
2.0,single_family_detached,ok,1,289.24919755213466,482012517021,A1,2.5308641975308643,none
2.3,single_family_detached,ok,1,286.8927832780001,482012516003,A1,2.8,none
4.9,mobile_home,ok,1,124.79072069742932,482012516001,A2,5.983539094650205,none
4.9,mobile_home,ok,1,94.01065761047292,482012516001,A2,5.983539094650205,none
4.9,mobile_home,ok,1,147.9245622573633,482012516001,A2,5.983539094650205,none
4.9,single_family_detached,ok,1,307.8789226107409,482012516001,A1,5.983539094650205,none
2.6,single_family_detached,ok,1,266.86068895279016,482012516002,A1,3.1485642946317105,none
2.6,single_family_detached,ok,1,424.72421561284585,482012516002,A1,3.1485642946317105,none
4.9,mobile_home,ok,1,371.8384643403598,482012516001,A2,5.983539094650205,none
4.9,mobile_home,ok,1,280.2475128781876,482012516001,A2,5.983539094650205,none
4.9,mobile_home,ok,1,55.6291185272828,482012516001,A2,5.983539094650205,none
2.3,mobile_home,ok,1,208.36217715763615,482012516003,A2,2.8,none
2.3,single_family_detached,ok,1,208.36217715763615,482012516003,A1,2.8,none
2.6,single_family_detached,ok,1,464.04487618945393,482012516002,A1,3.1485642946317105,none
4.9,single_family_detached,ok,1,303.44603388503197,482012516001,A1,5.983539094650205,none
4.9,single_family_detached,ok,1,179.09652135872227,482012516001,A1,5.983539094650205,none
4.9,mobile_home,ok,1,63.001624397904436,482012516001,A2,5.983539094650205,none
2.6,single_family_detached,ok,1,489.68316201701515,482012516002,A1,3.1485642946317105,none
2.6,single_family_detached,ok,1,416.63726988502685,482012516002,A1,3.1485642946317105,none
2.6,single_family_detached,ok,1,206.65084461528193,482012516002,A1,3.1485642946317105,none
2.6,single_family_detached,ok,1,341.1714181095617,482012516002,A1,3.1485642946317105,none
2.3,single_family_detached,ok,1,78.31288185940332,482012516003,A1,2.8,none
2.6,single_family_detached,ok,1,390.1587613811831,482012516002,A1,3.1485642946317105,none
2.6,single_family_detached,ok,1,54.80828225625533,482012516002,A1,3.1485642946317105,none
2.6,single_family_detached,ok,1,243.89612965721156,482012516002,A1,3.1485642946317105,none
2.3,single_family_detached,ok,1,213.72164567791987,482012516003,A1,2.8,none
2.3,single_family_detached,ok,1,75.75450069960789,482012516003,A1,2.8,none
2.3,single_family_detached,ok,1,247.56696460958227,482012516003,A1,2.8,none
2.6,single_family_detached,ok,1,204.04620330755833,482012516002,A1,3.1485642946317105,none
2.3,single_family_detached,ok,1,119.95288107733636,482012516003,A1,2.8,none
2.6,single_family_detached,ok,1,117.21147681109203,482012516002,A1,3.1485642946317105,none
2.3,mobile_home,ok,1,263.8668600168581,482012516003,A2,2.8,none
2.6,single_family_detached,ok,1,602.4436188240859,482012516002,A1,3.1485642946317105,none
2.6,single_family_detached,ok,1,522.4454773438416,482012516002,A1,3.1485642946317105,none
2.3,mobile_home,ok,1,256.1915498263574,482012516003,A2,2.8,none
2.6,single_family_detached,ok,1,365.29091631542235,482012516002,A1,3.1485642946317105,none
2.0,single_family_detached,ok,1,289.6832278291995,482012517021,A1,2.5308641975308643,none
4.9,mobile_home,ok,1,242.45706524769741,482012516001,A2,5.983539094650205,none
4.9,single_family_detached,ok,1,147.38506615882636,482012516001,A1,5.983539094650205,none
4.9,mobile_home,ok,1,67.84416364369896,482012516001,A2,5.983539094650205,none
4.9,single_family_detached,ok,1,219.106201101718,482012516001,A1,5.983539094650205,none
4.9,mobile_home,ok,1,207.6518727438945,482012516001,A2,5.983539094650205,none
4.9,single_family_detached,ok,1,130.69912017568697,482012516001,A1,5.983539094650205,none
4.9,mobile_home,ok,1,249.5753976525706,482012516001,A2,5.983539094650205,none
4.9,single_family_detached,ok,1,124.98372562673765,482012516001,A1,5.983539094650205,none
4.9,single_family_detached,ok,1,111.31865325324384,482012516001,A1,5.983539094650205,none
4.9,single_family_detached,ok,1,307.817691282434,482012516001,A1,5.983539094650205,none
4.9,single_family_detached,ok,1,125.25107776382433,482012516001,A1,5.983539094650205,none
2.6,single_family_detached,ok,1,388.830002845474,482012516002,A1,3.1485642946317105,none
2.6,single_family_detached,ok,1,260.957057412063,482012516002,A1,3.1485642946317105,none
2.6,single_family_detached,ok,1,214.2823893839359,482012516002,A1,3.1485642946317105,none
2.6,single_family_detached,ok,1,362.87446596938895,482012516002,A1,3.1485642946317105,none
2.6,single_family_detached,ok,1,423.7472651626777,482012516002,A1,3.1485642946317105,none
2.6,single_family_detached,ok,1,309.3803021110245,482012516002,A1,3.1485642946317105,none
2.3,single_family_detached,ok,1,327.58638620469213,482012516003,A1,2.8,none
2.3,single_family_detached,ok,1,150.25807466096884,482012516003,A1,2.8,none
2.6,single_family_detached,ok,1,114.72159726853413,482012516002,A1,3.1485642946317105,none
2.6,single_family_detached,ok,1,64.75734541407174,482012516002,A1,3.1485642946317105,none
2.6,single_family_detached,ok,1,413.24306357329,482012516002,A1,3.1485642946317105,none
2.3,single_family_detached,ok,1,174.38842107802355,482012516003,A1,2.8,none
2.3,single_family_detached,ok,1,231.21861836081553,482012516003,A1,2.8,none
2.6,single_family_detached,ok,1,99.62628509102115,482012516002,A1,3.1485642946317105,none
2.3,single_family_detached,ok,1,293.293592807878,482012516003,A1,2.8,none
2.6,single_family_detached,ok,1,296.48877562655144,482012516002,A1,3.1485642946317105,none
2.3,single_family_detached,ok,1,78.27986033494435,482012516003,A1,2.8,none
2.6,single_family_detached,ok,1,91.75000847679611,482012516002,A1,3.1485642946317105,none
2.3,mobile_home,ok,1,95.138607708493,482012516003,A2,2.8,none
2.6,single_family_detached,ok,1,402.8948590201285,482012516002,A1,3.1485642946317105,none
2.3,single_family_detached,ok,1,178.52097915070627,482012516003,A1,2.8,none
2.6,single_family_detached,ok,1,74.87518277794614,482012516002,A1,3.1485642946317105,none
2.3,single_family_detached,ok,1,274.47561026172,482012516003,A1,2.8,none
2.6,single_family_detached,ok,1,375.68940998416286,482012516002,A1,3.1485642946317105,none
2.6,single_family_detached,ok,1,406.19137984956654,482012516002,A1,3.1485642946317105,none
2.6,single_family_detached,ok,1,165.09083481708453,482012516002,A1,3.1485642946317105,none
2.0,single_family_detached,ok,1,527.5630565702193,482012517021,A1,2.5308641975308643,none
2.0,single_family_detached,ok,1,504.14958444051973,482012517021,A1,2.5308641975308643,none
4.9,single_family_detached,ok,1,100.66664678961091,482012516001,A1,5.983539094650205,none
4.9,single_family_detached,ok,1,48.59427254791654,482012516001,A1,5.983539094650205,none
4.9,single_family_detached,ok,1,483.8197923551336,482012516001,A1,5.983539094650205,none
4.9,single_family_detached,ok,1,134.5710027499003,482012516001,A1,5.983539094650205,none
4.9,single_family_detached,ok,1,136.97599345055113,482012516001,A1,5.983539094650205,none
4.9,single_family_detached,ok,1,244.650933095637,482012516001,A1,5.983539094650205,none
4.9,mobile_home,ok,1,244.8477835745845,482012516001,A2,5.983539094650205,none
4.9,mobile_home,ok,1,239.35567091073543,482012516001,A2,5.983539094650205,none
4.9,single_family_detached,ok,1,43.749000366694275,482012516001,A1,5.983539094650205,none
4.9,single_family_detached,ok,1,204.84645117773468,482012516001,A1,5.983539094650205,none
2.6,single_family_detached,ok,1,486.02443744655955,482012516002,A1,3.1485642946317105,none
2.3,single_family_detached,ok,1,351.3063681716032,482012516003,A1,2.8,none
2.6,single_family_detached,ok,1,471.102216182922,482012516002,A1,3.1485642946317105,none
2.6,single_family_detached,ok,1,282.1610175946545,482012516002,A1,3.1485642946317105,none
2.6,single_family_detached,ok,1,310.3730580583946,482012516002,A1,3.1485642946317105,none
2.3,single_family_detached,ok,1,252.15176310418468,482012516003,A1,2.8,none
2.6,single_family_detached,ok,1,43.778612280890044,482012516002,A1,3.1485642946317105,none
2.6,single_family_detached,ok,1,286.16603807069396,482012516002,A1,3.1485642946317105,none
2.6,single_family_detached,ok,1,366.0113299631693,482012516002,A1,3.1485642946317105,none
2.6,single_family_detached,ok,1,313.06117532667383,482012516002,A1,3.1485642946317105,none
2.6,single_family_detached,ok,1,304.56100036918195,482012516002,A1,3.1485642946317105,none
2.6,single_family_detached,ok,1,430.00414328883977,482012516002,A1,3.1485642946317105,none
2.3,single_family_detached,ok,1,137.5435410012438,482012516003,A1,2.8,none
2.3,single_family_detached,ok,1,182.19154475097628,482012516003,A1,2.8,none
2.6,single_family_detached,ok,1,388.0891445090016,482012516002,A1,3.1485642946317105,none
2.6,single_family_detached,ok,1,180.51865391169594,482012516002,A1,3.1485642946317105,none
2.6,single_family_detached,ok,1,628.7920269813579,482012516002,A1,3.1485642946317105,none
2.6,single_family_detached,ok,1,297.8448698312511,482012516002,A1,3.1485642946317105,none
2.0,single_family_detached,ok,1,54.93738638993495,482012517021,A1,2.5308641975308643,none
4.9,single_family_detached,ok,1,331.52075554963744,482012516001,A1,5.983539094650205,none
4.9,single_family_detached,ok,1,278.9659204918743,482012516001,A1,5.983539094650205,none
4.9,single_family_detached,ok,1,188.98245147092476,482012516001,A1,5.983539094650205,none
4.9,single_family_detached,ok,1,54.40587587125542,482012516001,A1,5.983539094650205,none
4.9,single_family_detached,ok,1,464.28120302876476,482012516001,A1,5.983539094650205,none
4.9,single_family_detached,ok,1,213.418125354401,482012516001,A1,5.983539094650205,none
4.9,single_family_detached,ok,1,131.10166361776237,482012516001,A1,5.983539094650205,none
4.9,single_family_detached,ok,1,257.3264253701739,482012516001,A1,5.983539094650205,none
4.9,single_family_detached,ok,1,156.94714335259823,482012516001,A1,5.983539094650205,none
4.9,single_family_detached,ok,1,188.50629497147344,482012516001,A1,5.983539094650205,none
4.9,single_family_detached,ok,1,178.12167117642178,482012516001,A1,5.983539094650205,none
4.9,single_family_detached,ok,1,196.85435872747507,482012516001,A1,5.983539094650205,none
4.9,single_family_detached,ok,1,510.73624718403056,482012516001,A1,5.983539094650205,none
4.9,single_family_detached,ok,1,70.44517567359003,482012516001,A1,5.983539094650205,none
4.9,single_family_detached,ok,1,120.44429828645016,482012516001,A1,5.983539094650205,none
4.9,single_family_detached,ok,1,241.12594366386296,482012516001,A1,5.983539094650205,none
4.9,single_family_detached,ok,1,70.74133414707384,482012516001,A1,5.983539094650205,none
2.6,single_family_detached,ok,1,125.7766548459927,482012516002,A1,3.1485642946317105,none
2.3,single_family_detached,ok,1,285.3239972190209,482012516003,A1,2.8,none
2.3,single_family_detached,ok,1,121.29293848854857,482012516003,A1,2.8,none
2.3,single_family_detached,ok,1,185.38600000036598,482012516003,A1,2.8,none
2.6,single_family_detached,ok,1,85.72385302555585,482012516002,A1,3.1485642946317105,none
2.3,single_family_detached,ok,1,50.57637851724431,482012516003,A1,2.8,none
2.6,single_family_detached,ok,1,289.27720081463417,482012516002,A1,3.1485642946317105,none
2.6,single_family_detached,ok,1,308.50183007171273,482012516002,A1,3.1485642946317105,none
2.6,single_family_detached,ok,1,262.05486392635646,482012516002,A1,3.1485642946317105,none
2.3,single_family_detached,ok,1,249.9568878443768,482012516003,A1,2.8,none
2.6,single_family_detached,ok,1,340.1250495281451,482012516002,A1,3.1485642946317105,none
2.6,single_family_detached,ok,1,263.91523929360727,482012516002,A1,3.1485642946317105,none
2.3,mobile_home,ok,1,226.79188311879892,482012516003,A2,2.8,none
2.6,single_family_detached,ok,1,502.8141347254401,482012516002,A1,3.1485642946317105,none
2.6,single_family_detached,ok,1,233.3740071916943,482012516002,A1,3.1485642946317105,none
2.6,single_family_detached,ok,1,82.44240715141548,482012516002,A1,3.1485642946317105,none
2.6,single_family_detached,ok,1,263.59117711372426,482012516002,A1,3.1485642946317105,none
2.6,single_family_detached,ok,1,183.70422296530953,482012516002,A1,3.1485642946317105,none
2.0,single_family_detached,ok,1,188.83463742288092,482012517021,A1,2.5308641975308643,none
2.0,single_family_detached,ok,1,359.7839800234847,482012517021,A1,2.5308641975308643,none
2.0,single_family_detached,ok,1,277.00414046673814,482012517021,A1,2.5308641975308643,none
2.0,single_family_detached,ok,1,311.11107141600917,482012517021,A1,2.5308641975308643,none
2.0,single_family_detached,ok,1,459.463037058997,482012517021,A1,2.5308641975308643,none
4.9,single_family_detached,ok,1,106.795847698986,482012516001,A1,5.983539094650205,none
2.0,single_family_detached,ok,1,325.9095050600346,482012517021,A1,2.5308641975308643,none
4.9,single_family_detached,ok,1,210.53312298278678,482012516001,A1,5.983539094650205,none
4.9,single_family_detached,ok,1,79.18725881755064,482012516001,A1,5.983539094650205,none
4.9,single_family_detached,ok,1,214.41132157701855,482012516001,A1,5.983539094650205,none
4.9,single_family_detached,ok,1,180.44904726043035,482012516001,A1,5.983539094650205,none
4.9,single_family_detached,ok,1,199.41427942816682,482012516001,A1,5.983539094650205,none
4.9,single_family_detached,ok,1,181.2834010947573,482012516001,A1,5.983539094650205,none
4.9,single_family_detached,ok,1,44.34777549127756,482012516001,A1,5.983539094650205,none
4.9,single_family_detached,ok,1,194.63919414169948,482012516001,A1,5.983539094650205,none
4.9,single_family_detached,ok,1,186.2846874240231,482012516001,A1,5.983539094650205,none
4.9,single_family_detached,ok,1,33.776431139099266,482012516001,A1,5.983539094650205,none
4.9,single_family_detached,ok,1,89.69765612561987,482012516001,A1,5.983539094650205,none
4.9,single_family_detached,ok,1,96.94932995638018,482012516001,A1,5.983539094650205,none
4.9,single_family_detached,ok,1,189.21596871130174,482012516001,A1,5.983539094650205,none
4.9,single_family_detached,ok,1,120.37238659964969,482012516001,A1,5.983539094650205,none
4.9,mobile_home,ok,1,55.65040580853194,482012516001,A2,5.983539094650205,none
2.6,single_family_detached,ok,1,324.4967494185571,482012516002,A1,3.1485642946317105,none
2.6,single_family_detached,ok,1,409.2042938830697,482012516002,A1,3.1485642946317105,none
2.3,single_family_detached,ok,1,214.13401671766965,482012516003,A1,2.8,none
2.3,single_family_detached,ok,1,260.5818155310288,482012516003,A1,2.8,none
2.6,single_family_detached,ok,1,461.3861473226253,482012516002,A1,3.1485642946317105,none
2.6,single_family_detached,ok,1,268.8245072620385,482012516002,A1,3.1485642946317105,none
2.6,single_family_detached,ok,1,282.18911383917566,482012516002,A1,3.1485642946317105,none
2.6,single_family_detached,ok,1,114.00112847479402,482012516002,A1,3.1485642946317105,none
2.3,mobile_home,ok,1,243.6505923030106,482012516003,A2,2.8,none
2.6,single_family_detached,ok,1,377.4649395607156,482012516002,A1,3.1485642946317105,none
2.6,single_family_detached,ok,1,304.4423522443821,482012516002,A1,3.1485642946317105,none
2.3,single_family_detached,ok,1,147.03873156324642,482012516003,A1,2.8,none
2.6,single_family_detached,ok,1,84.46747862946583,482012516002,A1,3.1485642946317105,none
2.3,single_family_detached,ok,1,161.01023391775558,482012516003,A1,2.8,none
2.6,single_family_detached,ok,1,308.74877972665206,482012516002,A1,3.1485642946317105,none
2.3,single_family_detached,ok,1,160.2360110861817,482012516003,A1,2.8,none
2.6,single_family_detached,ok,1,404.88916379461523,482012516002,A1,3.1485642946317105,none
2.3,single_family_detached,ok,1,342.10142664619053,482012516003,A1,2.8,none
2.3,single_family_detached,ok,1,227.1458223400415,482012516003,A1,2.8,none
2.3,mobile_home,ok,1,125.59538881719584,482012516003,A2,2.8,none
2.6,single_family_detached,ok,1,278.39307423194475,482012516002,A1,3.1485642946317105,none
2.3,mobile_home,ok,1,155.15440543220802,482012516003,A2,2.8,none
2.6,single_family_detached,ok,1,103.8818628215065,482012516002,A1,3.1485642946317105,none
2.0,single_family_detached,ok,1,57.6499995827772,482012517021,A1,2.5308641975308643,none
2.0,single_family_detached,ok,1,302.7718181966985,482012517021,A1,2.5308641975308643,none
2.0,single_family_detached,ok,1,303.43085064564434,482012517021,A1,2.5308641975308643,none
2.0,single_family_detached,ok,1,52.33512160868803,482012517021,A1,2.5308641975308643,none
4.9,mobile_home,ok,1,271.21697642240144,482012516001,A2,5.983539094650205,none
4.9,single_family_detached,ok,1,492.3709569924343,482012516001,A1,5.983539094650205,none
4.9,mobile_home,ok,1,220.79030141664967,482012516001,A2,5.983539094650205,none
4.9,single_family_detached,ok,1,158.55433840599926,482012516001,A1,5.983539094650205,none
4.9,single_family_detached,ok,1,328.80743508795865,482012516001,A1,5.983539094650205,none
4.9,single_family_detached,ok,1,245.60290863594858,482012516001,A1,5.983539094650205,none
4.9,single_family_detached,ok,1,206.39671350971292,482012516001,A1,5.983539094650205,none
4.9,single_family_detached,ok,1,165.5714015990312,482012516001,A1,5.983539094650205,none
4.9,single_family_detached,ok,1,112.63962268535964,482012516001,A1,5.983539094650205,none
4.9,single_family_detached,ok,1,256.9685935638682,482012516001,A1,5.983539094650205,none
2.3,single_family_detached,ok,1,316.4221724360055,482012516003,A1,2.8,none
2.6,single_family_detached,ok,1,531.1893605948271,482012516002,A1,3.1485642946317105,none
2.6,single_family_detached,ok,1,303.5072857624174,482012516002,A1,3.1485642946317105,none
2.6,single_family_detached,ok,1,397.2395054909712,482012516002,A1,3.1485642946317105,none
2.6,single_family_detached,ok,1,357.50077507081915,482012516002,A1,3.1485642946317105,none
2.6,single_family_detached,ok,1,364.2821453964802,482012516002,A1,3.1485642946317105,none
2.6,single_family_detached,ok,1,211.206293554592,482012516002,A1,3.1485642946317105,none
2.3,single_family_detached,ok,1,410.11837964558686,482012516003,A1,2.8,none
2.6,single_family_detached,ok,1,204.39570578426242,482012516002,A1,3.1485642946317105,none
2.6,single_family_detached,ok,1,402.25466036643604,482012516002,A1,3.1485642946317105,none
2.6,single_family_detached,ok,1,286.27892257207543,482012516002,A1,3.1485642946317105,none
2.6,single_family_detached,ok,1,167.75938169151493,482012516002,A1,3.1485642946317105,none
2.3,mobile_home,ok,1,122.73612643733314,482012516003,A2,2.8,none
2.6,single_family_detached,ok,1,368.89805561888016,482012516002,A1,3.1485642946317105,none
2.6,single_family_detached,ok,1,412.6676864357337,482012516002,A1,3.1485642946317105,none
2.3,single_family_detached,ok,1,66.61832349082997,482012516003,A1,2.8,none
2.6,single_family_detached,ok,1,491.48708292390114,482012516002,A1,3.1485642946317105,none
2.3,single_family_detached,ok,1,371.7734081768594,482012516003,A1,2.8,none
2.6,single_family_detached,ok,1,41.57815047783553,482012516002,A1,3.1485642946317105,none
2.6,single_family_detached,ok,1,240.55425551912649,482012516002,A1,3.1485642946317105,none
2.3,single_family_detached,ok,1,104.65179836693895,482012516003,A1,2.8,none
2.6,single_family_detached,ok,1,240.30513377691648,482012516002,A1,3.1485642946317105,none
2.6,single_family_detached,ok,1,482.6131650714923,482012516002,A1,3.1485642946317105,none
2.3,single_family_detached,ok,1,224.89089632774798,482012516003,A1,2.8,none
2.6,single_family_detached,ok,1,305.971033010802,482012516002,A1,3.1485642946317105,none
2.0,single_family_detached,ok,1,185.01965315241776,482012517021,A1,2.5308641975308643,none
4.9,single_family_detached,ok,1,118.21747144217593,482012516001,A1,5.983539094650205,none
2.0,single_family_detached,ok,1,511.0860836149961,482012517021,A1,2.5308641975308643,none
2.0,single_family_detached,ok,1,135.99264355405404,482012517021,A1,2.5308641975308643,none
2.0,single_family_detached,ok,1,290.14847875119375,482012517021,A1,2.5308641975308643,none
4.9,single_family_detached,ok,1,151.872348292339,482012516001,A1,5.983539094650205,none
4.9,single_family_detached,ok,1,67.82240898689562,482012516001,A1,5.983539094650205,none
4.9,single_family_detached,ok,1,234.92592228405567,482012516001,A1,5.983539094650205,none
4.9,mobile_home,ok,1,221.9280172191394,482012516001,A2,5.983539094650205,none
4.9,single_family_detached,ok,1,235.53275497304645,482012516001,A1,5.983539094650205,none
4.9,single_family_detached,ok,1,102.98285331890794,482012516001,A1,5.983539094650205,none
4.9,single_family_detached,ok,1,149.87912348499594,482012516001,A1,5.983539094650205,none
4.9,single_family_detached,ok,1,224.80669765325473,482012516001,A1,5.983539094650205,none
4.9,single_family_detached,ok,1,70.72790536125441,482012516001,A1,5.983539094650205,none
4.9,single_family_detached,ok,1,202.63914108712217,482012516001,A1,5.983539094650205,none
4.9,single_family_detached,ok,1,149.4211008075513,482012516001,A1,5.983539094650205,none
4.9,mobile_home,ok,1,136.9451220932913,482012516001,A2,5.983539094650205,none
4.9,mobile_home,ok,1,278.11739371873637,482012516001,A2,5.983539094650205,none
2.6,single_family_detached,ok,1,283.6968543694793,482012516002,A1,3.1485642946317105,none
2.6,single_family_detached,ok,1,512.7195256326131,482012516002,A1,3.1485642946317105,none
2.6,single_family_detached,ok,1,365.09261974675456,482012516002,A1,3.1485642946317105,none
2.3,mobile_home,ok,1,138.1265164517164,482012516003,A2,2.8,none
2.3,mobile_home,ok,1,290.9808495589691,482012516003,A2,2.8,none
2.6,single_family_detached,ok,1,356.1270569623082,482012516002,A1,3.1485642946317105,none
2.3,single_family_detached,ok,1,91.58701168794202,482012516003,A1,2.8,none
2.6,single_family_detached,ok,1,178.54541711020448,482012516002,A1,3.1485642946317105,none
2.6,single_family_detached,ok,1,146.60720990291767,482012516002,A1,3.1485642946317105,none
2.6,single_family_detached,ok,1,828.2986184794798,482012516002,A1,3.1485642946317105,none
2.3,single_family_detached,ok,1,157.36359677040718,482012516003,A1,2.8,none
2.6,single_family_detached,ok,1,294.6827801733202,482012516002,A1,3.1485642946317105,none
2.3,single_family_detached,ok,1,109.02354615033099,482012516003,A1,2.8,none
2.3,single_family_detached,ok,1,80.56389890613235,482012516003,A1,2.8,none
2.6,single_family_detached,ok,1,216.02775574022726,482012516002,A1,3.1485642946317105,none
2.0,single_family_detached,ok,1,557.9286572003747,482012517021,A1,2.5308641975308643,none
2.0,single_family_detached,ok,1,327.1124185020556,482012517021,A1,2.5308641975308643,none
2.0,single_family_detached,ok,1,387.99993331792496,482012517021,A1,2.5308641975308643,none
2.0,single_family_detached,ok,1,290.06153734841433,482012517021,A1,2.5308641975308643,none
4.9,single_family_detached,ok,1,233.9812138082017,482012516001,A1,5.983539094650205,none
4.9,single_family_detached,ok,1,178.38624323909858,482012516001,A1,5.983539094650205,none
4.9,single_family_detached,ok,1,128.3206808194252,482012516001,A1,5.983539094650205,none
4.9,mobile_home,ok,1,135.23336577551166,482012516001,A2,5.983539094650205,none
4.9,mobile_home,ok,1,232.41813437738946,482012516001,A2,5.983539094650205,none
4.9,single_family_detached,ok,1,172.38903530071036,482012516001,A1,5.983539094650205,none
4.9,single_family_detached,ok,1,195.22472288362445,482012516001,A1,5.983539094650205,none
4.9,single_family_detached,ok,1,41.97089783069316,482012516001,A1,5.983539094650205,none
4.9,single_family_detached,ok,1,179.86825390792586,482012516001,A1,5.983539094650205,none
4.9,single_family_detached,ok,1,52.494088782313455,482012516001,A1,5.983539094650205,none
2.6,single_family_detached,ok,1,67.96587759738287,482012516002,A1,3.1485642946317105,none
2.6,single_family_detached,ok,1,540.5944245567769,482012516002,A1,3.1485642946317105,none
2.3,single_family_detached,ok,1,638.4841070338556,482012516003,A1,2.8,none
2.6,single_family_detached,ok,1,529.30644269268,482012516002,A1,3.1485642946317105,none
2.6,single_family_detached,ok,1,200.23331125773515,482012516002,A1,3.1485642946317105,none
2.3,single_family_detached,ok,1,383.32001591699157,482012516003,A1,2.8,none
2.3,single_family_detached,ok,1,93.3583480972645,482012516003,A1,2.8,none
2.3,single_family_detached,ok,1,104.48056763064338,482012516003,A1,2.8,none
2.6,single_family_detached,ok,1,239.6162541258397,482012516002,A1,3.1485642946317105,none
2.3,single_family_detached,ok,1,119.0245693166041,482012516003,A1,2.8,none
2.6,single_family_detached,ok,1,252.64935425940973,482012516002,A1,3.1485642946317105,none
2.6,single_family_detached,ok,1,424.2460356101994,482012516002,A1,3.1485642946317105,none
2.6,single_family_detached,ok,1,344.9831745754915,482012516002,A1,3.1485642946317105,none
2.6,single_family_detached,ok,1,425.1244988369745,482012516002,A1,3.1485642946317105,none
2.0,single_family_detached,ok,1,507.7274038338317,482012517021,A1,2.5308641975308643,none
2.0,single_family_detached,ok,1,638.042291073769,482012517021,A1,2.5308641975308643,none
2.0,single_family_detached,ok,1,91.93918245473223,482012517021,A1,2.5308641975308643,none
2.0,single_family_detached,ok,1,408.4019762146819,482012517021,A1,2.5308641975308643,none
2.0,single_family_detached,ok,1,324.01051458867187,482012517021,A1,2.5308641975308643,none
4.9,mobile_home,ok,1,20.14113063550542,482012516001,A2,5.983539094650205,none
4.9,single_family_detached,ok,1,441.7636613943562,482012516001,A1,5.983539094650205,none
4.9,single_family_detached,ok,1,216.03247960922624,482012516001,A1,5.983539094650205,none
4.9,single_family_detached,ok,1,45.949200903046595,482012516001,A1,5.983539094650205,none
4.9,single_family_detached,ok,1,142.94598261079165,482012516001,A1,5.983539094650205,none
4.9,mobile_home,ok,1,99.81203916181336,482012516001,A2,5.983539094650205,none
4.9,single_family_detached,ok,1,171.23446606000738,482012516001,A1,5.983539094650205,none
4.9,single_family_detached,ok,1,194.4647060027853,482012516001,A1,5.983539094650205,none
4.9,mobile_home,ok,1,38.44697944574279,482012516001,A2,5.983539094650205,none
4.9,mobile_home,ok,1,241.22363053592542,482012516001,A2,5.983539094650205,none
4.9,single_family_detached,ok,1,61.347880282854675,482012516001,A1,5.983539094650205,none
4.9,single_family_detached,ok,1,331.31044027468624,482012516001,A1,5.983539094650205,none
2.3,single_family_detached,ok,1,55.03188478511859,482012516003,A1,2.8,none
2.3,single_family_detached,ok,1,25.127563169136877,482012516003,A1,2.8,none
2.6,single_family_detached,ok,1,482.62872301443775,482012516002,A1,3.1485642946317105,none
2.6,single_family_detached,ok,1,363.9656567406467,482012516002,A1,3.1485642946317105,none
2.6,single_family_detached,ok,1,412.7017938391293,482012516002,A1,3.1485642946317105,none
2.6,single_family_detached,ok,1,462.8425749492964,482012516002,A1,3.1485642946317105,none
2.6,single_family_detached,ok,1,93.33686567994788,482012516002,A1,3.1485642946317105,none
2.6,single_family_detached,ok,1,330.75494029184375,482012516002,A1,3.1485642946317105,none
2.6,single_family_detached,ok,1,211.5400511421754,482012516002,A1,3.1485642946317105,none
2.6,single_family_detached,ok,1,338.9993188440732,482012516002,A1,3.1485642946317105,none
2.3,single_family_detached,ok,1,340.1156133758038,482012516003,A1,2.8,none
2.6,single_family_detached,ok,1,318.7947202071376,482012516002,A1,3.1485642946317105,none
2.6,single_family_detached,ok,1,129.38955126930807,482012516002,A1,3.1485642946317105,none
2.3,single_family_detached,ok,1,158.8578839710658,482012516003,A1,2.8,none
2.6,single_family_detached,ok,1,394.4799102001748,482012516002,A1,3.1485642946317105,none
2.6,single_family_detached,ok,1,380.44504444163556,482012516002,A1,3.1485642946317105,none
2.6,single_family_detached,ok,1,202.48750080807483,482012516002,A1,3.1485642946317105,none
2.6,single_family_detached,ok,1,274.10348171787257,482012516002,A1,3.1485642946317105,none
2.6,single_family_detached,ok,1,457.63149912044344,482012516002,A1,3.1485642946317105,none
2.3,single_family_detached,ok,1,132.14566376541137,482012516003,A1,2.8,none
2.6,single_family_detached,ok,1,375.81525500237933,482012516002,A1,3.1485642946317105,none
2.6,single_family_detached,ok,1,344.4749275348455,482012516002,A1,3.1485642946317105,none
2.6,single_family_detached,ok,1,385.44238732003987,482012516002,A1,3.1485642946317105,none
2.3,single_family_detached,ok,1,221.69812921618157,482012516003,A1,2.8,none
2.6,single_family_detached,ok,1,276.73304017241196,482012516002,A1,3.1485642946317105,none
2.6,single_family_detached,ok,1,303.1421744842919,482012516002,A1,3.1485642946317105,none
2.0,single_family_detached,ok,1,399.672905856775,482012517021,A1,2.5308641975308643,none
2.0,single_family_detached,ok,1,336.16708051886195,482012517021,A1,2.5308641975308643,none
2.0,single_family_detached,ok,1,664.5386701404041,482012517021,A1,2.5308641975308643,none
2.0,single_family_detached,ok,1,284.1605703661839,482012517021,A1,2.5308641975308643,none
2.0,single_family_detached,ok,1,417.65330210382996,482012517021,A1,2.5308641975308643,none
2.0,single_family_detached,ok,1,389.2997992245781,482012517021,A1,2.5308641975308643,none
2.0,single_family_detached,ok,1,459.33231329228323,482012517021,A1,2.5308641975308643,none
4.9,single_family_detached,ok,1,96.62407163471543,482012516001,A1,5.983539094650205,none
4.9,mobile_home,ok,1,68.77525937401725,482012516001,A2,5.983539094650205,none
2.0,single_family_detached,ok,1,134.92852952266713,482012517021,A1,2.5308641975308643,none
4.9,mobile_home,ok,1,129.22361952172108,482012516001,A2,5.983539094650205,none
4.9,single_family_detached,ok,1,111.26187914806951,482012516001,A1,5.983539094650205,none
4.9,mobile_home,ok,1,88.34629119776406,482012516001,A2,5.983539094650205,none
4.9,single_family_detached,ok,1,99.30577504494445,482012516001,A1,5.983539094650205,none
4.9,single_family_detached,ok,1,44.842910022602425,482012516001,A1,5.983539094650205,none
4.9,single_family_detached,ok,1,150.63038909726905,482012516001,A1,5.983539094650205,none
4.9,single_family_detached,ok,1,127.56344463834147,482012516001,A1,5.983539094650205,none
4.9,mobile_home,ok,1,176.42962262510275,482012516001,A2,5.983539094650205,none
4.9,single_family_detached,ok,1,178.3455546696294,482012516001,A1,5.983539094650205,none
4.9,single_family_detached,ok,1,260.02624443741485,482012516001,A1,5.983539094650205,none
2.6,single_family_detached,ok,1,414.70451271471813,482012516002,A1,3.1485642946317105,none
2.3,single_family_detached,ok,1,152.13361574432892,482012516003,A1,2.8,none
2.3,mobile_home,ok,1,309.56372565884544,482012516003,A2,2.8,none
2.3,mobile_home,ok,1,110.30229893623364,482012516003,A2,2.8,none
2.6,single_family_detached,ok,1,314.9840379159684,482012516002,A1,3.1485642946317105,none
2.6,single_family_detached,ok,1,834.215539102816,482012516002,A1,3.1485642946317105,none
2.3,single_family_detached,ok,1,178.94552123262838,482012516003,A1,2.8,none
2.6,single_family_detached,ok,1,89.54832413563472,482012516002,A1,3.1485642946317105,none
2.6,single_family_detached,ok,1,330.052403395139,482012516002,A1,3.1485642946317105,none
2.6,single_family_detached,ok,1,447.0494557086739,482012516002,A1,3.1485642946317105,none
2.6,single_family_detached,ok,1,41.7628222139208,482012516002,A1,3.1485642946317105,none
2.3,single_family_detached,ok,1,189.60518908520933,482012516003,A1,2.8,none
2.3,single_family_detached,ok,1,198.69833508076607,482012516003,A1,2.8,none
2.6,single_family_detached,ok,1,256.59984502905894,482012516002,A1,3.1485642946317105,none
2.3,mobile_home,ok,1,168.28850088270423,482012516003,A2,2.8,none
2.3,single_family_detached,ok,1,62.728395360828344,482012516003,A1,2.8,none
2.6,single_family_detached,ok,1,432.13326887849087,482012516002,A1,3.1485642946317105,none
2.6,single_family_detached,ok,1,254.78385507702944,482012516002,A1,3.1485642946317105,none
2.3,single_family_detached,ok,1,246.56206169762044,482012516003,A1,2.8,none
2.6,single_family_detached,ok,1,342.8484652802247,482012516002,A1,3.1485642946317105,none
2.3,single_family_detached,ok,1,208.46751619296484,482012516003,A1,2.8,none
2.6,single_family_detached,ok,1,296.1436051755814,482012516002,A1,3.1485642946317105,none
2.6,single_family_detached,ok,1,349.2082203435084,482012516002,A1,3.1485642946317105,none
2.3,mobile_home,ok,1,341.22574881775734,482012516003,A2,2.8,none
2.3,single_family_detached,ok,1,67.83190504479836,482012516003,A1,2.8,none
2.0,single_family_detached,ok,1,375.56833502716484,482012517021,A1,2.5308641975308643,none
2.0,single_family_detached,ok,1,439.1337264696522,482012517021,A1,2.5308641975308643,none
2.0,single_family_detached,ok,1,402.9734057219108,482012517021,A1,2.5308641975308643,none
2.0,single_family_detached,ok,1,345.5868739614336,482012517021,A1,2.5308641975308643,none
2.0,single_family_detached,ok,1,377.3588417997923,482012517021,A1,2.5308641975308643,none
4.9,single_family_detached,ok,1,70.97784666873278,482012516001,A1,5.983539094650205,none
4.9,mobile_home,ok,1,65.70369766309985,482012516001,A2,5.983539094650205,none
4.9,single_family_detached,ok,1,156.39586663185014,482012516001,A1,5.983539094650205,none
2.0,single_family_detached,ok,1,272.2345227559519,482012517021,A1,2.5308641975308643,none
4.9,single_family_detached,ok,1,247.87452614914974,482012516001,A1,5.983539094650205,none
4.9,single_family_detached,ok,1,47.60196386274821,482012516001,A1,5.983539094650205,none
4.9,single_family_detached,ok,1,106.72551115302586,482012516001,A1,5.983539094650205,none
4.9,mobile_home,ok,1,66.88751867169664,482012516001,A2,5.983539094650205,none
4.9,single_family_detached,ok,1,153.95677938296666,482012516001,A1,5.983539094650205,none
4.9,mobile_home,ok,1,122.50967646329462,482012516001,A2,5.983539094650205,none
4.9,single_family_detached,ok,1,136.2639309773827,482012516001,A1,5.983539094650205,none
4.9,mobile_home,ok,1,155.75024984957878,482012516001,A2,5.983539094650205,none
4.9,mobile_home,ok,1,225.51823456476035,482012516001,A2,5.983539094650205,none
4.9,single_family_detached,ok,1,121.58691673580145,482012516001,A1,5.983539094650205,none
4.9,single_family_detached,ok,1,69.3958883542121,482012516001,A1,5.983539094650205,none
4.9,single_family_detached,ok,1,183.84543115838028,482012516001,A1,5.983539094650205,none
2.6,single_family_detached,ok,1,323.5447164496698,482012516002,A1,3.1485642946317105,none
2.6,single_family_detached,ok,1,427.9415899754179,482012516002,A1,3.1485642946317105,none
2.3,single_family_detached,ok,1,332.2354042539172,482012516003,A1,2.8,none
4.9,single_family_detached,ok,1,88.22194026952118,482012516001,A1,5.983539094650205,none
2.3,single_family_detached,ok,1,161.58800327127636,482012516003,A1,2.8,none
2.6,single_family_detached,ok,1,86.21535197978078,482012516002,A1,3.1485642946317105,none
2.3,single_family_detached,ok,1,88.60906413747942,482012516003,A1,2.8,none
2.6,single_family_detached,ok,1,202.1868543852072,482012516002,A1,3.1485642946317105,none
2.3,mobile_home,ok,1,178.95732072689623,482012516003,A2,2.8,none
2.3,single_family_detached,ok,1,178.95732072689623,482012516003,A1,2.8,none
2.6,single_family_detached,ok,1,253.65120839372662,482012516002,A1,3.1485642946317105,none
2.6,single_family_detached,ok,1,441.44772079627216,482012516002,A1,3.1485642946317105,none
2.6,single_family_detached,ok,1,276.01359900256193,482012516002,A1,3.1485642946317105,none
2.6,single_family_detached,ok,1,355.2035577264163,482012516002,A1,3.1485642946317105,none
2.6,single_family_detached,ok,1,439.6258813795318,482012516002,A1,3.1485642946317105,none
2.3,single_family_detached,ok,1,281.6639277317602,482012516003,A1,2.8,none
2.6,single_family_detached,ok,1,324.21051478130187,482012516002,A1,3.1485642946317105,none
2.6,single_family_detached,ok,1,379.0206170388475,482012516002,A1,3.1485642946317105,none
2.6,single_family_detached,ok,1,555.7400229991481,482012516002,A1,3.1485642946317105,none
2.6,single_family_detached,ok,1,148.77626478944228,482012516002,A1,3.1485642946317105,none
2.6,single_family_detached,ok,1,295.42734414814663,482012516002,A1,3.1485642946317105,none
2.6,single_family_detached,ok,1,586.3207535048266,482012516002,A1,3.1485642946317105,none
2.6,single_family_detached,ok,1,174.21049077535685,482012516002,A1,3.1485642946317105,none
2.6,single_family_detached,ok,1,232.59814689985694,482012516002,A1,3.1485642946317105,none
2.3,single_family_detached,ok,1,371.4271439859072,482012516003,A1,2.8,none
2.6,single_family_detached,ok,1,382.7885827629992,482012516002,A1,3.1485642946317105,none
2.3,single_family_detached,ok,1,148.64096738001118,482012516003,A1,2.8,none
2.6,single_family_detached,ok,1,482.31397884414076,482012516002,A1,3.1485642946317105,none
2.3,mobile_home,ok,1,126.56947205518306,482012516003,A2,2.8,none
2.6,single_family_detached,ok,1,103.97523940604992,482012516002,A1,3.1485642946317105,none
2.6,single_family_detached,ok,1,500.30756811359237,482012516002,A1,3.1485642946317105,none
2.6,single_family_detached,ok,1,190.5632927219721,482012516002,A1,3.1485642946317105,none
2.6,single_family_detached,ok,1,390.4878281395399,482012516002,A1,3.1485642946317105,none
2.6,single_family_detached,ok,1,549.5635520504087,482012516002,A1,3.1485642946317105,none
2.6,single_family_detached,ok,1,373.9554061814575,482012516002,A1,3.1485642946317105,none
2.3,single_family_detached,ok,1,308.70997247924515,482012516003,A1,2.8,none
2.6,single_family_detached,ok,1,453.9090839347847,482012516002,A1,3.1485642946317105,none
2.0,single_family_detached,ok,1,286.6061538154329,482012517021,A1,2.5308641975308643,none
2.0,single_family_detached,ok,1,361.73675751659334,482012517021,A1,2.5308641975308643,none
2.0,single_family_detached,ok,1,325.8864548017526,482012517021,A1,2.5308641975308643,none
2.0,single_family_detached,ok,1,83.43939537516694,482012517021,A1,2.5308641975308643,none
2.0,single_family_detached,ok,1,484.1464352489281,482012517021,A1,2.5308641975308643,none
4.9,mobile_home,ok,1,262.1554254910733,482012516001,A2,5.983539094650205,none
4.9,single_family_detached,ok,1,200.4274299220721,482012516001,A1,5.983539094650205,none
2.0,single_family_detached,ok,1,202.4215592694272,482012517021,A1,2.5308641975308643,none
4.9,single_family_detached,ok,1,212.87203022384156,482012516001,A1,5.983539094650205,none
4.9,single_family_detached,ok,1,64.62865411204662,482012516001,A1,5.983539094650205,none
4.9,single_family_detached,ok,1,414.7588687347502,482012516001,A1,5.983539094650205,none
4.9,single_family_detached,ok,1,159.3756344728267,482012516001,A1,5.983539094650205,none
4.9,single_family_detached,ok,1,204.0605333411046,482012516001,A1,5.983539094650205,none
4.9,single_family_detached,ok,1,122.5537047174345,482012516001,A1,5.983539094650205,none
4.9,single_family_detached,ok,1,78.66306241699795,482012516001,A1,5.983539094650205,none
4.9,single_family_detached,ok,1,262.6182963859055,482012516001,A1,5.983539094650205,none
2.3,single_family_detached,ok,1,239.85824672545544,482012516003,A1,2.8,none
2.6,single_family_detached,ok,1,440.6024616715675,482012516002,A1,3.1485642946317105,none
2.6,single_family_detached,ok,1,50.52972492801096,482012516002,A1,3.1485642946317105,none
2.6,single_family_detached,ok,1,391.70454091931754,482012516002,A1,3.1485642946317105,none
2.6,single_family_detached,ok,1,200.2249292040533,482012516002,A1,3.1485642946317105,none
2.6,single_family_detached,ok,1,339.9300351040916,482012516002,A1,3.1485642946317105,none
2.6,single_family_detached,ok,1,394.0069034173697,482012516002,A1,3.1485642946317105,none
2.6,single_family_detached,ok,1,270.148688962428,482012516002,A1,3.1485642946317105,none
2.3,single_family_detached,ok,1,83.9843779216071,482012516003,A1,2.8,none
2.6,single_family_detached,ok,1,324.53394307993364,482012516002,A1,3.1485642946317105,none
2.6,single_family_detached,ok,1,167.30027571528953,482012516002,A1,3.1485642946317105,none
2.3,mobile_home,ok,1,120.80642816353838,482012516003,A2,2.8,none
2.3,single_family_detached,ok,1,159.79938629862286,482012516003,A1,2.8,none
2.3,single_family_detached,ok,1,74.61709012074886,482012516003,A1,2.8,none
2.3,single_family_detached,ok,1,150.01358189311722,482012516003,A1,2.8,none
2.6,single_family_detached,ok,1,283.5273734450534,482012516002,A1,3.1485642946317105,none
2.6,single_family_detached,ok,1,377.49025934780536,482012516002,A1,3.1485642946317105,none
2.0,single_family_detached,ok,1,324.4834896715401,482012517021,A1,2.5308641975308643,none
2.0,single_family_detached,ok,1,358.85942377548827,482012517021,A1,2.5308641975308643,none
4.9,single_family_detached,ok,1,35.4597504327313,482012516001,A1,5.983539094650205,none
4.9,mobile_home,ok,1,123.55319044627437,482012516001,A2,5.983539094650205,none
2.0,single_family_detached,ok,1,378.18855360954166,482012517021,A1,2.5308641975308643,none
2.0,single_family_detached,ok,1,117.02053459630133,482012517021,A1,2.5308641975308643,none
2.0,single_family_detached,ok,1,123.99589374258764,482012517021,A1,2.5308641975308643,none
4.9,single_family_detached,ok,1,113.76849992605509,482012516001,A1,5.983539094650205,none
4.9,single_family_detached,ok,1,42.60932819989453,482012516001,A1,5.983539094650205,none
4.9,single_family_detached,ok,1,98.92372800524942,482012516001,A1,5.983539094650205,none
4.9,single_family_detached,ok,1,53.81712381498993,482012516001,A1,5.983539094650205,none
4.9,single_family_detached,ok,1,202.07289142294073,482012516001,A1,5.983539094650205,none
4.9,single_family_detached,ok,1,123.43225391489827,482012516001,A1,5.983539094650205,none
4.9,single_family_detached,ok,1,169.80988489946589,482012516001,A1,5.983539094650205,none
4.9,single_family_detached,ok,1,251.99446633261462,482012516001,A1,5.983539094650205,none
4.9,mobile_home,ok,1,114.59465572305282,482012516001,A2,5.983539094650205,none
4.9,single_family_detached,ok,1,114.9150580318386,482012516001,A1,5.983539094650205,none
4.9,single_family_detached,ok,1,198.09512096051654,482012516001,A1,5.983539094650205,none
2.6,single_family_detached,ok,1,451.10038028474077,482012516002,A1,3.1485642946317105,none
2.3,single_family_detached,ok,1,52.504393365523086,482012516003,A1,2.8,none
2.3,single_family_detached,ok,1,197.06218004607678,482012516003,A1,2.8,none
2.6,single_family_detached,ok,1,35.5228858469034,482012516002,A1,3.1485642946317105,none
2.6,single_family_detached,ok,1,350.37394465818096,482012516002,A1,3.1485642946317105,none
2.6,single_family_detached,ok,1,329.47388470790617,482012516002,A1,3.1485642946317105,none
2.3,mobile_home,ok,1,159.3846593453033,482012516003,A2,2.8,none
2.6,single_family_detached,ok,1,342.7002314777853,482012516002,A1,3.1485642946317105,none
2.3,single_family_detached,ok,1,344.23501056743964,482012516003,A1,2.8,none
2.3,single_family_detached,ok,1,258.0034927808476,482012516003,A1,2.8,none
2.3,single_family_detached,ok,1,74.07364374287991,482012516003,A1,2.8,none
2.6,single_family_detached,ok,1,336.21397765415685,482012516002,A1,3.1485642946317105,none
2.6,single_family_detached,ok,1,125.04133330507462,482012516002,A1,3.1485642946317105,none
2.3,single_family_detached,ok,1,52.548873945347324,482012516003,A1,2.8,none
2.6,single_family_detached,ok,1,363.9762092326842,482012516002,A1,3.1485642946317105,none
2.6,single_family_detached,ok,1,543.068577569601,482012516002,A1,3.1485642946317105,none
2.6,single_family_detached,ok,1,419.41650093079835,482012516002,A1,3.1485642946317105,none
2.3,single_family_detached,ok,1,220.88586381348819,482012516003,A1,2.8,none
2.3,single_family_detached,ok,1,88.16667184076492,482012516003,A1,2.8,none
2.6,single_family_detached,ok,1,211.8545677779188,482012516002,A1,3.1485642946317105,none
2.3,mobile_home,ok,1,341.47402898037694,482012516003,A2,2.8,none
2.3,single_family_detached,ok,1,200.30824377199013,482012516003,A1,2.8,none
2.6,single_family_detached,ok,1,372.56552825694735,482012516002,A1,3.1485642946317105,none
2.6,single_family_detached,ok,1,251.87432604000682,482012516002,A1,3.1485642946317105,none
2.0,single_family_detached,ok,1,591.4701855736989,482012517021,A1,2.5308641975308643,none
2.0,single_family_detached,ok,1,351.64911646888396,482012517021,A1,2.5308641975308643,none
2.0,single_family_detached,ok,1,233.2981883029918,482012517021,A1,2.5308641975308643,none
4.9,single_family_detached,ok,1,176.02453444345852,482012516001,A1,5.983539094650205,none
2.0,single_family_detached,ok,1,397.46305117410094,482012517021,A1,2.5308641975308643,none
4.9,mobile_home,ok,1,83.24404354440793,482012516001,A2,5.983539094650205,none
4.9,single_family_detached,ok,1,174.58880291156518,482012516001,A1,5.983539094650205,none
4.9,mobile_home,ok,1,91.39553473293515,482012516001,A2,5.983539094650205,none
4.9,single_family_detached,ok,1,156.28827401379814,482012516001,A1,5.983539094650205,none
4.9,single_family_detached,ok,1,134.58867471157834,482012516001,A1,5.983539094650205,none
4.9,single_family_detached,ok,1,161.3127950631607,482012516001,A1,5.983539094650205,none
4.9,single_family_detached,ok,1,76.57720385790586,482012516001,A1,5.983539094650205,none
4.9,single_family_detached,ok,1,266.5989562005279,482012516001,A1,5.983539094650205,none
4.9,single_family_detached,ok,1,240.42930194990325,482012516001,A1,5.983539094650205,none
1.6,multi_family,ok,1,429.13020187230035,482012516001,B1,1.92,none
4.9,single_family_detached,ok,1,791.7928332912869,482012516001,A1,5.983539094650205,none
4.9,single_family_detached,ok,1,40.175653419529255,482012516001,A1,5.983539094650205,none
4.9,single_family_detached,ok,1,234.39626742428771,482012516001,A1,5.983539094650205,none
2.3,single_family_detached,ok,1,180.79571718578268,482012516003,A1,2.8,none
2.6,single_family_detached,ok,1,220.81432513673778,482012516002,A1,3.1485642946317105,none
2.3,mobile_home,ok,1,281.8236223209167,482012516003,A2,2.8,none
2.6,single_family_detached,ok,1,311.0432001826117,482012516002,A1,3.1485642946317105,none
4.9,single_family_detached,ok,1,67.7546157323485,482012516001,A1,5.983539094650205,none
2.6,single_family_detached,ok,1,346.3956137754871,482012516002,A1,3.1485642946317105,none
2.6,single_family_detached,ok,1,126.38967289351243,482012516002,A1,3.1485642946317105,none
2.6,single_family_detached,ok,1,83.67786317640471,482012516002,A1,3.1485642946317105,none
2.6,single_family_detached,ok,1,607.9105453700994,482012516002,A1,3.1485642946317105,none
2.3,single_family_detached,ok,1,97.47606820167623,482012516003,A1,2.8,none
2.6,single_family_detached,ok,1,272.89480603284596,482012516002,A1,3.1485642946317105,none
2.6,single_family_detached,ok,1,439.45534858817155,482012516002,A1,3.1485642946317105,none
2.3,single_family_detached,ok,1,73.34064121694536,482012516003,A1,2.8,none
2.6,single_family_detached,ok,1,434.89252023080337,482012516002,A1,3.1485642946317105,none
2.6,single_family_detached,ok,1,148.45981416262904,482012516002,A1,3.1485642946317105,none
2.3,mobile_home,ok,1,143.70385053486314,482012516003,A2,2.8,none
2.6,single_family_detached,ok,1,454.37373019662425,482012516002,A1,3.1485642946317105,none
2.0,single_family_detached,ok,1,276.70092383868786,482012517021,A1,2.5308641975308643,none
2.0,single_family_detached,ok,1,390.10309456717977,482012517021,A1,2.5308641975308643,none
2.0,single_family_detached,ok,1,393.31971747046407,482012517021,A1,2.5308641975308643,none
2.0,single_family_detached,ok,1,175.4936635555174,482012517021,A1,2.5308641975308643,none
2.0,single_family_detached,ok,1,240.87701231147688,482012517021,A1,2.5308641975308643,none
4.9,mobile_home,ok,1,182.38946016016445,482012516001,A2,5.983539094650205,none
4.9,single_family_detached,ok,1,151.02515024347085,482012516001,A1,5.983539094650205,none
4.9,single_family_detached,ok,1,228.2412772640957,482012516001,A1,5.983539094650205,none
4.9,single_family_detached,ok,1,73.79680871705504,482012516001,A1,5.983539094650205,none
4.9,single_family_detached,ok,1,78.63055295725847,482012516001,A1,5.983539094650205,none
4.9,single_family_detached,ok,1,206.90441923169124,482012516001,A1,5.983539094650205,none
4.9,single_family_detached,ok,1,188.29104440033453,482012516001,A1,5.983539094650205,none
4.9,mobile_home,ok,1,105.42343230020154,482012516001,A2,5.983539094650205,none
4.9,single_family_detached,ok,1,482.82581262566873,482012516001,A1,5.983539094650205,none
2.6,single_family_detached,ok,1,354.0224444714031,482012516002,A1,3.1485642946317105,none
2.6,single_family_detached,ok,1,402.7122396083979,482012516002,A1,3.1485642946317105,none
2.6,single_family_detached,ok,1,347.49170480406207,482012516002,A1,3.1485642946317105,none
2.6,single_family_detached,ok,1,156.41469185605158,482012516002,A1,3.1485642946317105,none
2.6,single_family_detached,ok,1,397.53466014418245,482012516002,A1,3.1485642946317105,none
2.3,single_family_detached,ok,1,73.27213696073473,482012516003,A1,2.8,none
2.3,single_family_detached,ok,1,222.49723533819537,482012516003,A1,2.8,none
2.3,single_family_detached,ok,1,217.42292229749327,482012516003,A1,2.8,none
2.3,single_family_detached,ok,1,153.12743896538532,482012516003,A1,2.8,none
2.6,single_family_detached,ok,1,216.68465027101757,482012516002,A1,3.1485642946317105,none
2.6,single_family_detached,ok,1,201.2453727693453,482012516002,A1,3.1485642946317105,none
2.6,single_family_detached,ok,1,130.6259664257817,482012516002,A1,3.1485642946317105,none
2.6,single_family_detached,ok,1,587.4039553098174,482012516002,A1,3.1485642946317105,none
2.6,single_family_detached,ok,1,171.47432430580204,482012516002,A1,3.1485642946317105,none
2.6,single_family_detached,ok,1,154.53306390884293,482012516002,A1,3.1485642946317105,none
2.6,single_family_detached,ok,1,431.32300276816636,482012516002,A1,3.1485642946317105,none
2.6,single_family_detached,ok,1,190.13153877063752,482012516002,A1,3.1485642946317105,none
2.6,single_family_detached,ok,1,318.69972132233875,482012516002,A1,3.1485642946317105,none
2.3,single_family_detached,ok,1,224.4393038256495,482012516003,A1,2.8,none
2.6,single_family_detached,ok,1,510.3867650447401,482012516002,A1,3.1485642946317105,none
2.0,single_family_detached,ok,1,92.4774172711013,482012517021,A1,2.5308641975308643,none
2.0,single_family_detached,ok,1,398.80594097799565,482012517021,A1,2.5308641975308643,none
2.0,single_family_detached,ok,1,379.17100456043374,482012517021,A1,2.5308641975308643,none
2.0,single_family_detached,ok,1,175.71084542193142,482012517021,A1,2.5308641975308643,none
2.0,single_family_detached,ok,1,334.1136025562266,482012517021,A1,2.5308641975308643,none
2.0,single_family_detached,ok,1,461.10494293733836,482012517021,A1,2.5308641975308643,none
2.0,single_family_detached,ok,1,412.555663730101,482012517021,A1,2.5308641975308643,none
4.9,single_family_detached,ok,1,176.8975008070505,482012516001,A1,5.983539094650205,none
4.9,single_family_detached,ok,1,189.96011235465872,482012516001,A1,5.983539094650205,none
2.0,single_family_detached,ok,1,185.55123904803668,482012517021,A1,2.5308641975308643,none
2.0,single_family_detached,ok,1,114.04536829010341,482012517021,A1,2.5308641975308643,none
4.9,single_family_detached,ok,1,174.8328231436188,482012516001,A1,5.983539094650205,none
4.9,mobile_home,ok,1,171.49091467045935,482012516001,A2,5.983539094650205,none
4.9,single_family_detached,ok,1,370.7599075270374,482012516001,A1,5.983539094650205,none
4.9,single_family_detached,ok,1,70.274391749598,482012516001,A1,5.983539094650205,none
4.9,single_family_detached,ok,1,189.38642246068054,482012516001,A1,5.983539094650205,none
4.9,single_family_detached,ok,1,238.50895623093032,482012516001,A1,5.983539094650205,none
4.9,single_family_detached,ok,1,177.25462897109026,482012516001,A1,5.983539094650205,none
4.9,single_family_detached,ok,1,187.16091694313846,482012516001,A1,5.983539094650205,none
4.9,single_family_detached,ok,1,112.58441485309052,482012516001,A1,5.983539094650205,none
4.9,single_family_detached,ok,1,79.09133388247706,482012516001,A1,5.983539094650205,none
4.9,single_family_detached,ok,1,158.2255374179383,482012516001,A1,5.983539094650205,none
4.9,single_family_detached,ok,1,432.7329072299589,482012516001,A1,5.983539094650205,none
4.9,single_family_detached,ok,1,158.67639524497332,482012516001,A1,5.983539094650205,none
4.9,single_family_detached,ok,1,205.50703086592583,482012516001,A1,5.983539094650205,none
4.9,single_family_detached,ok,1,179.9064935838609,482012516001,A1,5.983539094650205,none
4.9,single_family_detached,ok,1,202.398196763682,482012516001,A1,5.983539094650205,none
4.9,single_family_detached,ok,1,149.75750029684528,482012516001,A1,5.983539094650205,none
4.9,single_family_detached,ok,1,108.51588982679053,482012516001,A1,5.983539094650205,none
4.9,mobile_home,ok,1,178.8338972689072,482012516001,A2,5.983539094650205,none
2.3,single_family_detached,ok,1,162.27532527499883,482012516003,A1,2.8,none
2.3,single_family_detached,ok,1,161.8702236515863,482012516003,A1,2.8,none
2.6,single_family_detached,ok,1,192.37228030724492,482012516002,A1,3.1485642946317105,none
2.6,single_family_detached,ok,1,506.45164374910104,482012516002,A1,3.1485642946317105,none
2.3,single_family_detached,ok,1,328.41903086137546,482012516003,A1,2.8,none
2.6,single_family_detached,ok,1,453.4284526705478,482012516002,A1,3.1485642946317105,none
2.3,single_family_detached,ok,1,139.7045636924,482012516003,A1,2.8,none
2.6,single_family_detached,ok,1,471.0731506863394,482012516002,A1,3.1485642946317105,none
2.6,single_family_detached,ok,1,353.77265818873,482012516002,A1,3.1485642946317105,none
2.6,single_family_detached,ok,1,464.7473483187044,482012516002,A1,3.1485642946317105,none
2.6,single_family_detached,ok,1,224.39163829517176,482012516002,A1,3.1485642946317105,none
2.3,single_family_detached,ok,1,179.7652239565507,482012516003,A1,2.8,none
2.6,single_family_detached,ok,1,310.95352642927054,482012516002,A1,3.1485642946317105,none
2.6,single_family_detached,ok,1,175.77327718464844,482012516002,A1,3.1485642946317105,none
2.6,single_family_detached,ok,1,249.4407722444421,482012516002,A1,3.1485642946317105,none
2.3,single_family_detached,ok,1,210.55731787282625,482012516003,A1,2.8,none
2.3,mobile_home,ok,1,227.58154896060216,482012516003,A2,2.8,none
2.6,single_family_detached,ok,1,359.32681531246016,482012516002,A1,3.1485642946317105,none
2.6,single_family_detached,ok,1,364.60342783004717,482012516002,A1,3.1485642946317105,none
2.6,single_family_detached,ok,1,118.46129968808486,482012516002,A1,3.1485642946317105,none
2.6,single_family_detached,ok,1,414.2967486649351,482012516002,A1,3.1485642946317105,none
2.3,single_family_detached,ok,1,181.5982229721468,482012516003,A1,2.8,none
2.3,single_family_detached,ok,1,92.10780260460237,482012516003,A1,2.8,none
2.6,single_family_detached,ok,1,274.9616713666348,482012516002,A1,3.1485642946317105,none
2.6,single_family_detached,ok,1,728.8955686875103,482012516002,A1,3.1485642946317105,none
2.6,single_family_detached,ok,1,308.17689580232116,482012516002,A1,3.1485642946317105,none
2.3,mobile_home,ok,1,184.65165672364753,482012516003,A2,2.8,none
2.6,single_family_detached,ok,1,260.0663861019784,482012516002,A1,3.1485642946317105,none
2.3,single_family_detached,ok,1,142.32058795872967,482012516003,A1,2.8,none
2.3,mobile_home,ok,1,70.2829527404244,482012516003,A2,2.8,none
2.3,mobile_home,ok,1,211.27323209855078,482012516003,A2,2.8,none
2.3,single_family_detached,ok,1,176.1702369175478,482012516003,A1,2.8,none
2.6,single_family_detached,ok,1,102.1813922530256,482012516002,A1,3.1485642946317105,none
2.6,single_family_detached,ok,1,480.5685669408841,482012516002,A1,3.1485642946317105,none
2.3,single_family_detached,ok,1,236.48237574519078,482012516003,A1,2.8,none
2.6,single_family_detached,ok,1,367.2774896185578,482012516002,A1,3.1485642946317105,none
2.6,single_family_detached,ok,1,298.22575040306265,482012516002,A1,3.1485642946317105,none
2.6,single_family_detached,ok,1,325.90856800607315,482012516002,A1,3.1485642946317105,none
2.6,single_family_detached,ok,1,526.6884350897313,482012516002,A1,3.1485642946317105,none
2.3,single_family_detached,ok,1,224.71071364770734,482012516003,A1,2.8,none
2.6,single_family_detached,ok,1,229.21264314647692,482012516002,A1,3.1485642946317105,none
2.6,single_family_detached,ok,1,321.2486125322177,482012516002,A1,3.1485642946317105,none
2.6,single_family_detached,ok,1,229.31093962232364,482012516002,A1,3.1485642946317105,none
2.6,single_family_detached,ok,1,344.0645699618204,482012516002,A1,3.1485642946317105,none
2.6,single_family_detached,ok,1,484.23132495682734,482012516002,A1,3.1485642946317105,none
2.6,single_family_detached,ok,1,340.8220055376457,482012516002,A1,3.1485642946317105,none
2.3,single_family_detached,ok,1,185.9286932283661,482012516003,A1,2.8,none
2.3,mobile_home,ok,1,279.65953547948254,482012516003,A2,2.8,none
2.6,single_family_detached,ok,1,47.02907782621189,482012516002,A1,3.1485642946317105,none
2.3,single_family_detached,ok,1,241.76533410614044,482012516003,A1,2.8,none
2.3,single_family_detached,ok,1,41.68702849159347,482012516003,A1,2.8,none
2.6,single_family_detached,ok,1,469.3521561820173,482012516002,A1,3.1485642946317105,none
2.6,single_family_detached,ok,1,115.18086657927357,482012516002,A1,3.1485642946317105,none
2.3,single_family_detached,ok,1,289.68948133352467,482012516003,A1,2.8,none
2.3,mobile_home,ok,1,178.2540209627549,482012516003,A2,2.8,none
2.0,single_family_detached,ok,1,115.5122279673119,482012517021,A1,2.5308641975308643,none
2.0,single_family_detached,ok,1,425.64555088553743,482012517021,A1,2.5308641975308643,none
2.0,single_family_detached,ok,1,274.4921636958672,482012517021,A1,2.5308641975308643,none
2.0,single_family_detached,ok,1,339.0415917475939,482012517021,A1,2.5308641975308643,none
4.9,mobile_home,ok,1,196.744353742248,482012516001,A2,5.983539094650205,none
4.9,single_family_detached,ok,1,333.39920871052334,482012516001,A1,5.983539094650205,none
4.9,single_family_detached,ok,1,226.1317437323327,482012516001,A1,5.983539094650205,none
4.9,single_family_detached,ok,1,173.00421283333756,482012516001,A1,5.983539094650205,none
4.9,single_family_detached,ok,1,151.96349755351946,482012516001,A1,5.983539094650205,none
4.9,single_family_detached,ok,1,167.62853574529987,482012516001,A1,5.983539094650205,none
4.9,single_family_detached,ok,1,179.38068039608274,482012516001,A1,5.983539094650205,none
4.9,single_family_detached,ok,1,39.393914610191864,482012516001,A1,5.983539094650205,none
4.9,single_family_detached,ok,1,104.49095307219712,482012516001,A1,5.983539094650205,none
4.9,single_family_detached,ok,1,50.18610991924804,482012516001,A1,5.983539094650205,none
4.9,mobile_home,ok,1,122.40771657428584,482012516001,A2,5.983539094650205,none
2.3,single_family_detached,ok,1,272.85046316043014,482012516003,A1,2.8,none
2.6,single_family_detached,ok,1,301.0697425522916,482012516002,A1,3.1485642946317105,none
4.9,single_family_detached,ok,1,148.99195205824174,482012516001,A1,5.983539094650205,none
2.3,mobile_home,ok,1,127.06252680893235,482012516003,A2,2.8,none
2.6,single_family_detached,ok,1,436.28098215462484,482012516002,A1,3.1485642946317105,none
2.6,single_family_detached,ok,1,333.0435456755315,482012516002,A1,3.1485642946317105,none
2.6,single_family_detached,ok,1,423.3774631880917,482012516002,A1,3.1485642946317105,none
2.6,single_family_detached,ok,1,134.77194009270357,482012516002,A1,3.1485642946317105,none
2.3,single_family_detached,ok,1,172.86000960678473,482012516003,A1,2.8,none
2.6,single_family_detached,ok,1,260.98822469926404,482012516002,A1,3.1485642946317105,none
2.6,single_family_detached,ok,1,571.4697443631703,482012516002,A1,3.1485642946317105,none
2.6,single_family_detached,ok,1,39.615370366312185,482012516002,A1,3.1485642946317105,none
2.6,single_family_detached,ok,1,355.14887894794253,482012516002,A1,3.1485642946317105,none
2.6,single_family_detached,ok,1,341.479846954398,482012516002,A1,3.1485642946317105,none
2.3,single_family_detached,ok,1,194.82679549807062,482012516003,A1,2.8,none
2.3,single_family_detached,ok,1,164.90715979362741,482012516003,A1,2.8,none
2.6,single_family_detached,ok,1,363.77077872627547,482012516002,A1,3.1485642946317105,none
2.3,mobile_home,ok,1,202.20396593534858,482012516003,A2,2.8,none
2.3,single_family_detached,ok,1,204.02850068268273,482012516003,A1,2.8,none
2.6,single_family_detached,ok,1,255.87275564505813,482012516002,A1,3.1485642946317105,none
2.6,single_family_detached,ok,1,355.6391038546526,482012516002,A1,3.1485642946317105,none
2.3,mobile_home,ok,1,140.00438287882247,482012516003,A2,2.8,none
2.6,single_family_detached,ok,1,484.64096943552784,482012516002,A1,3.1485642946317105,none
2.3,mobile_home,ok,1,217.77758507744065,482012516003,A2,2.8,none
2.6,single_family_detached,ok,1,388.8335996897812,482012516002,A1,3.1485642946317105,none
2.6,single_family_detached,ok,1,334.2942927102398,482012516002,A1,3.1485642946317105,none
2.6,single_family_detached,ok,1,336.33808051653676,482012516002,A1,3.1485642946317105,none
2.3,mobile_home,ok,1,203.7758821919371,482012516003,A2,2.8,none
2.6,single_family_detached,ok,1,329.2179818374201,482012516002,A1,3.1485642946317105,none
2.0,single_family_detached,ok,1,362.78203467375664,482012517021,A1,2.5308641975308643,none
2.0,single_family_detached,ok,1,371.2121039118263,482012517021,A1,2.5308641975308643,none
2.0,single_family_detached,ok,1,346.64965527856566,482012517021,A1,2.5308641975308643,none
4.9,mobile_home,ok,1,223.33564317267326,482012516001,A2,5.983539094650205,none
4.9,single_family_detached,ok,1,132.97165703923972,482012516001,A1,5.983539094650205,none
2.0,single_family_detached,ok,1,124.41592702216604,482012517021,A1,2.5308641975308643,none
4.9,mobile_home,ok,1,366.6999099635038,482012516001,A2,5.983539094650205,none
4.9,single_family_detached,ok,1,158.719089917269,482012516001,A1,5.983539094650205,none
4.9,single_family_detached,ok,1,244.94582180092218,482012516001,A1,5.983539094650205,none
4.9,single_family_detached,ok,1,194.4782165626973,482012516001,A1,5.983539094650205,none
4.9,single_family_detached,ok,1,132.20719798973602,482012516001,A1,5.983539094650205,none
4.9,single_family_detached,ok,1,167.78781051566114,482012516001,A1,5.983539094650205,none
4.9,mobile_home,ok,1,208.1999673584016,482012516001,A2,5.983539094650205,none
4.9,single_family_detached,ok,1,201.96103276067916,482012516001,A1,5.983539094650205,none
4.9,single_family_detached,ok,1,150.15495146674678,482012516001,A1,5.983539094650205,none
4.9,single_family_detached,ok,1,106.5791169763709,482012516001,A1,5.983539094650205,none
2.6,single_family_detached,ok,1,486.6755848509935,482012516002,A1,3.1485642946317105,none
2.6,single_family_detached,ok,1,194.50514253222184,482012516002,A1,3.1485642946317105,none
2.6,single_family_detached,ok,1,462.9138793119872,482012516002,A1,3.1485642946317105,none
2.6,single_family_detached,ok,1,283.8788781994342,482012516002,A1,3.1485642946317105,none
2.6,single_family_detached,ok,1,504.0631866977899,482012516002,A1,3.1485642946317105,none
2.6,single_family_detached,ok,1,264.02525022351654,482012516002,A1,3.1485642946317105,none
2.6,single_family_detached,ok,1,508.4622046416097,482012516002,A1,3.1485642946317105,none
2.3,mobile_home,ok,1,73.37122673111185,482012516003,A2,2.8,none
2.3,single_family_detached,ok,1,388.8695803603132,482012516003,A1,2.8,none
2.3,single_family_detached,ok,1,314.94599869654604,482012516003,A1,2.8,none
2.3,single_family_detached,ok,1,343.96901665638154,482012516003,A1,2.8,none
2.6,single_family_detached,ok,1,123.22962328309119,482012516002,A1,3.1485642946317105,none
2.3,single_family_detached,ok,1,187.52105168120872,482012516003,A1,2.8,none
2.3,single_family_detached,ok,1,138.22396437776695,482012516003,A1,2.8,none
2.3,single_family_detached,ok,1,103.92299443264446,482012516003,A1,2.8,none
2.6,single_family_detached,ok,1,467.82669833238185,482012516002,A1,3.1485642946317105,none
2.6,single_family_detached,ok,1,431.30951290965186,482012516002,A1,3.1485642946317105,none
2.3,mobile_home,ok,1,125.0431138320115,482012516003,A2,2.8,none
2.6,single_family_detached,ok,1,128.2742128192181,482012516002,A1,3.1485642946317105,none
2.3,mobile_home,ok,1,325.0881249807395,482012516003,A2,2.8,none
2.0,single_family_detached,ok,1,209.00630530350873,482012517021,A1,2.5308641975308643,none
2.0,single_family_detached,ok,1,458.64389479193085,482012517021,A1,2.5308641975308643,none
2.0,single_family_detached,ok,1,480.85274393177957,482012517021,A1,2.5308641975308643,none
2.0,single_family_detached,ok,1,472.7403792253441,482012517021,A1,2.5308641975308643,none
2.0,single_family_detached,ok,1,370.12962082776545,482012517021,A1,2.5308641975308643,none
2.0,single_family_detached,ok,1,303.7800554547289,482012517021,A1,2.5308641975308643,none
2.0,single_family_detached,ok,1,162.4817828555271,482012517021,A1,2.5308641975308643,none
4.9,single_family_detached,ok,1,241.6622400378475,482012516001,A1,5.983539094650205,none
4.9,single_family_detached,ok,1,160.14035867018725,482012516001,A1,5.983539094650205,none
2.0,single_family_detached,ok,1,95.59692040072049,482012517021,A1,2.5308641975308643,none
4.9,mobile_home,ok,1,108.57605356521427,482012516001,A2,5.983539094650205,none
4.9,single_family_detached,ok,1,80.58785462129603,482012516001,A1,5.983539094650205,none
4.9,single_family_detached,ok,1,344.25769430072984,482012516001,A1,5.983539094650205,none
4.9,mobile_home,ok,1,96.40875657694782,482012516001,A2,5.983539094650205,none
4.9,single_family_detached,ok,1,162.43201558603536,482012516001,A1,5.983539094650205,none
4.9,mobile_home,ok,1,92.50069019949326,482012516001,A2,5.983539094650205,none
4.9,single_family_detached,ok,1,94.86206859396049,482012516001,A1,5.983539094650205,none
4.9,single_family_detached,ok,1,40.0809296638609,482012516001,A1,5.983539094650205,none
4.9,single_family_detached,ok,1,85.06521509440205,482012516001,A1,5.983539094650205,none
4.9,single_family_detached,ok,1,313.6068779450248,482012516001,A1,5.983539094650205,none
4.9,single_family_detached,ok,1,168.87853344990737,482012516001,A1,5.983539094650205,none
4.9,single_family_detached,ok,1,126.23433647437133,482012516001,A1,5.983539094650205,none
4.9,single_family_detached,ok,1,93.38037741372425,482012516001,A1,5.983539094650205,none
4.9,mobile_home,ok,1,186.09212785727868,482012516001,A2,5.983539094650205,none
4.9,single_family_detached,ok,1,112.89602869867957,482012516001,A1,5.983539094650205,none
4.9,single_family_detached,ok,1,159.8880723569382,482012516001,A1,5.983539094650205,none
4.9,single_family_detached,ok,1,209.74330845252564,482012516001,A1,5.983539094650205,none
4.9,single_family_detached,ok,1,92.57394356646941,482012516001,A1,5.983539094650205,none
4.9,single_family_detached,ok,1,227.86226465481408,482012516001,A1,5.983539094650205,none
4.9,mobile_home,ok,1,131.12598374815175,482012516001,A2,5.983539094650205,none
4.9,single_family_detached,ok,1,199.01379309688176,482012516001,A1,5.983539094650205,none
4.9,single_family_detached,ok,1,89.65517341929291,482012516001,A1,5.983539094650205,none
4.9,mobile_home,ok,1,240.38912926731678,482012516001,A2,5.983539094650205,none
4.9,single_family_detached,ok,1,148.44149144261485,482012516001,A1,5.983539094650205,none
4.9,single_family_detached,ok,1,123.45863883924866,482012516001,A1,5.983539094650205,none
4.9,single_family_detached,ok,1,406.2732802412918,482012516001,A1,5.983539094650205,none
4.9,single_family_detached,ok,1,113.21629956879482,482012516001,A1,5.983539094650205,none
4.9,single_family_detached,ok,1,32.09455885896263,482012516001,A1,5.983539094650205,none
4.9,single_family_detached,ok,1,264.57328000534045,482012516001,A1,5.983539094650205,none
4.9,single_family_detached,ok,1,256.57414166005924,482012516001,A1,5.983539094650205,none
4.9,single_family_detached,ok,1,815.9076638135537,482012516001,A1,5.983539094650205,none
4.9,single_family_detached,ok,1,232.97707735390395,482012516001,A1,5.983539094650205,none
4.9,single_family_detached,ok,1,294.098787179698,482012516001,A1,5.983539094650205,none
4.9,single_family_detached,ok,1,403.5749451725484,482012516001,A1,5.983539094650205,none
2.6,single_family_detached,ok,1,586.8876425210997,482012516002,A1,3.1485642946317105,none
2.6,single_family_detached,ok,1,130.6489678572684,482012516002,A1,3.1485642946317105,none
2.3,single_family_detached,ok,1,155.40002390374326,482012516003,A1,2.8,none
2.6,single_family_detached,ok,1,270.2632853686982,482012516002,A1,3.1485642946317105,none
2.6,single_family_detached,ok,1,693.6557039588561,482012516002,A1,3.1485642946317105,none
2.3,single_family_detached,ok,1,99.17670235827089,482012516003,A1,2.8,none
2.3,single_family_detached,ok,1,54.05780890860202,482012516003,A1,2.8,none
2.6,single_family_detached,ok,1,372.1040045336086,482012516002,A1,3.1485642946317105,none
2.6,single_family_detached,ok,1,386.6811723454917,482012516002,A1,3.1485642946317105,none
2.6,single_family_detached,ok,1,159.93955305399186,482012516002,A1,3.1485642946317105,none
2.6,single_family_detached,ok,1,293.58487834353434,482012516002,A1,3.1485642946317105,none
2.6,single_family_detached,ok,1,294.4626745903385,482012516002,A1,3.1485642946317105,none
2.6,single_family_detached,ok,1,449.5523101865847,482012516002,A1,3.1485642946317105,none
2.6,single_family_detached,ok,1,327.42563604239575,482012516002,A1,3.1485642946317105,none
2.3,single_family_detached,ok,1,276.1724409718546,482012516003,A1,2.8,none
2.6,single_family_detached,ok,1,210.01734695375953,482012516002,A1,3.1485642946317105,none
2.6,single_family_detached,ok,1,523.4661618138539,482012516002,A1,3.1485642946317105,none
2.6,single_family_detached,ok,1,326.1393831705796,482012516002,A1,3.1485642946317105,none
2.6,single_family_detached,ok,1,258.38898558841515,482012516002,A1,3.1485642946317105,none
2.6,single_family_detached,ok,1,419.64036274694047,482012516002,A1,3.1485642946317105,none
2.3,mobile_home,ok,1,271.66316372208837,482012516003,A2,2.8,none
2.6,single_family_detached,ok,1,71.86875904770899,482012516002,A1,3.1485642946317105,none
2.6,single_family_detached,ok,1,218.93446231335702,482012516002,A1,3.1485642946317105,none
2.6,single_family_detached,ok,1,295.6832983886223,482012516002,A1,3.1485642946317105,none
2.6,single_family_detached,ok,1,366.0699395755996,482012516002,A1,3.1485642946317105,none
2.6,single_family_detached,ok,1,350.12012450010747,482012516002,A1,3.1485642946317105,none
2.6,single_family_detached,ok,1,449.65485728945765,482012516002,A1,3.1485642946317105,none
2.6,single_family_detached,ok,1,309.5529615719917,482012516002,A1,3.1485642946317105,none
2.3,single_family_detached,ok,1,31.16280282235971,482012516003,A1,2.8,none
2.3,mobile_home,ok,1,200.36704085912046,482012516003,A2,2.8,none
2.6,single_family_detached,ok,1,482.8497788914084,482012516002,A1,3.1485642946317105,none
2.6,single_family_detached,ok,1,41.75924666329354,482012516002,A1,3.1485642946317105,none
2.6,single_family_detached,ok,1,458.027839936364,482012516002,A1,3.1485642946317105,none
2.6,single_family_detached,ok,1,363.15458151106503,482012516002,A1,3.1485642946317105,none
2.6,single_family_detached,ok,1,354.190532153128,482012516002,A1,3.1485642946317105,none
2.3,single_family_detached,ok,1,194.30376794681655,482012516003,A1,2.8,none
2.6,single_family_detached,ok,1,79.77122272198929,482012516002,A1,3.1485642946317105,none
2.3,single_family_detached,ok,1,547.1469286000056,482012516003,A1,2.8,none
2.6,single_family_detached,ok,1,275.6043261485397,482012516002,A1,3.1485642946317105,none
2.3,single_family_detached,ok,1,226.52317281099062,482012516003,A1,2.8,none
2.6,single_family_detached,ok,1,543.3331777497314,482012516002,A1,3.1485642946317105,none
2.6,single_family_detached,ok,1,282.5332938691725,482012516002,A1,3.1485642946317105,none
2.6,single_family_detached,ok,1,328.5375944048915,482012516002,A1,3.1485642946317105,none
2.6,single_family_detached,ok,1,100.59691373775647,482012516002,A1,3.1485642946317105,none
2.6,single_family_detached,ok,1,422.3756458408013,482012516002,A1,3.1485642946317105,none
2.6,single_family_detached,ok,1,148.6762006982275,482012516002,A1,3.1485642946317105,none
2.3,mobile_home,ok,1,198.38770348745976,482012516003,A2,2.8,none
2.3,single_family_detached,ok,1,208.96374322534365,482012516003,A1,2.8,none
2.6,single_family_detached,ok,1,127.32878144539752,482012516002,A1,3.1485642946317105,none
2.3,single_family_detached,ok,1,304.69471716818447,482012516003,A1,2.8,none
2.6,single_family_detached,ok,1,141.46119171602845,482012516002,A1,3.1485642946317105,none
2.6,single_family_detached,ok,1,354.00858485467876,482012516002,A1,3.1485642946317105,none
2.6,single_family_detached,ok,1,524.0259455410835,482012516002,A1,3.1485642946317105,none
2.3,mobile_home,ok,1,185.31001559819103,482012516003,A2,2.8,none
2.6,single_family_detached,ok,1,32.79422962205708,482012516002,A1,3.1485642946317105,none
2.6,single_family_detached,ok,1,229.09282687072312,482012516002,A1,3.1485642946317105,none
2.3,single_family_detached,ok,1,181.91804147771143,482012516003,A1,2.8,none
2.6,single_family_detached,ok,1,538.820621986524,482012516002,A1,3.1485642946317105,none
2.6,single_family_detached,ok,1,95.19140016588341,482012516002,A1,3.1485642946317105,none
2.3,single_family_detached,ok,1,155.99800860175094,482012516003,A1,2.8,none
2.6,single_family_detached,ok,1,396.1215631563298,482012516002,A1,3.1485642946317105,none
2.6,single_family_detached,ok,1,522.4299545680279,482012516002,A1,3.1485642946317105,none
2.6,single_family_detached,ok,1,141.77232477626345,482012516002,A1,3.1485642946317105,none
2.6,single_family_detached,ok,1,338.0124454375754,482012516002,A1,3.1485642946317105,none
